GAS LISTING /tmp/ccOvWXs4.s 			page 1


   1              		.file	"KConsole.cpp"
   2              		.option pic
   3              		.option norelax
   4              		.text
   5              	.Ltext0:
   6              		.section	.text._ZNK6BufferIcLm100EE13isBufferEmptyEv,"axG",@progbits,_ZNK6BufferIcLm100EE13isBuffe
   7              		.align	2
   8              		.weak	_ZNK6BufferIcLm100EE13isBufferEmptyEv
  10              	_ZNK6BufferIcLm100EE13isBufferEmptyEv:
  11              	.LFB70:
  12              		.file 1 "src/../h/Buffer.hpp"
   1:src/../h/Buffer.hpp **** //
   2:src/../h/Buffer.hpp **** // Created by os on 12/15/25.
   3:src/../h/Buffer.hpp **** //
   4:src/../h/Buffer.hpp **** 
   5:src/../h/Buffer.hpp **** #ifndef PROJECT_BASE_V1_1_BUFFER_H
   6:src/../h/Buffer.hpp **** #define PROJECT_BASE_V1_1_BUFFER_H
   7:src/../h/Buffer.hpp **** #include "../lib/hw.h"
   8:src/../h/Buffer.hpp **** #include "../h/MemoryAllocator.hpp"
   9:src/../h/Buffer.hpp **** 
  10:src/../h/Buffer.hpp **** template<typename T, size_t numOfElements>
  11:src/../h/Buffer.hpp **** class Buffer {
  12:src/../h/Buffer.hpp **** public:
  13:src/../h/Buffer.hpp ****     Buffer();
  14:src/../h/Buffer.hpp ****     bool isBufferEmpty() const;
  15:src/../h/Buffer.hpp ****     bool isBufferFull() const;
  16:src/../h/Buffer.hpp ****     int append(T* element);
  17:src/../h/Buffer.hpp ****     T* take();
  18:src/../h/Buffer.hpp **** 
  19:src/../h/Buffer.hpp ****     static void* operator new(size_t size);
  20:src/../h/Buffer.hpp **** private:
  21:src/../h/Buffer.hpp ****     T* array[numOfElements];
  22:src/../h/Buffer.hpp ****     size_t head = 0, tail = 0, count = 0;
  23:src/../h/Buffer.hpp **** };
  24:src/../h/Buffer.hpp **** template<typename T, size_t numOfElements>
  25:src/../h/Buffer.hpp **** Buffer<T, numOfElements>::Buffer()
  26:src/../h/Buffer.hpp **** {
  27:src/../h/Buffer.hpp ****     for(size_t i = 0; i < numOfElements; i++)
  28:src/../h/Buffer.hpp ****     {
  29:src/../h/Buffer.hpp ****         array[i] = nullptr;
  30:src/../h/Buffer.hpp ****     }
  31:src/../h/Buffer.hpp **** }
  32:src/../h/Buffer.hpp **** template<typename T, size_t numOfElements>
  33:src/../h/Buffer.hpp **** void* Buffer<T, numOfElements>::operator new(size_t size)
  34:src/../h/Buffer.hpp **** {
  35:src/../h/Buffer.hpp ****     size_t numOfBlocks = size / MEM_BLOCK_SIZE;
  36:src/../h/Buffer.hpp ****     numOfBlocks += size % MEM_BLOCK_SIZE ? 1 : 0;
  37:src/../h/Buffer.hpp ****     return MemoryAllocator::allocateMemory(numOfBlocks);
  38:src/../h/Buffer.hpp **** }
  39:src/../h/Buffer.hpp **** 
  40:src/../h/Buffer.hpp **** template<typename T, size_t numOfElements>
  41:src/../h/Buffer.hpp **** int Buffer<T, numOfElements>::append(T *element)
  42:src/../h/Buffer.hpp **** {
  43:src/../h/Buffer.hpp ****     if(count == numOfElements)
  44:src/../h/Buffer.hpp ****     {
  45:src/../h/Buffer.hpp ****         return -1;
  46:src/../h/Buffer.hpp ****     }
GAS LISTING /tmp/ccOvWXs4.s 			page 2


  47:src/../h/Buffer.hpp ****     count++;
  48:src/../h/Buffer.hpp ****     array[tail] = element;
  49:src/../h/Buffer.hpp ****     tail = (tail + 1) % numOfElements;
  50:src/../h/Buffer.hpp **** 
  51:src/../h/Buffer.hpp ****     return 0;
  52:src/../h/Buffer.hpp **** }
  53:src/../h/Buffer.hpp **** template<typename T, size_t numOfElements>
  54:src/../h/Buffer.hpp **** T* Buffer<T, numOfElements>::take()
  55:src/../h/Buffer.hpp **** {
  56:src/../h/Buffer.hpp ****     if(count == 0)
  57:src/../h/Buffer.hpp ****     {
  58:src/../h/Buffer.hpp ****         return nullptr;
  59:src/../h/Buffer.hpp ****     }
  60:src/../h/Buffer.hpp **** 
  61:src/../h/Buffer.hpp ****     count--;
  62:src/../h/Buffer.hpp ****     T* tempElem = array[head];
  63:src/../h/Buffer.hpp ****     head = (head + 1) % numOfElements;
  64:src/../h/Buffer.hpp ****     return tempElem;
  65:src/../h/Buffer.hpp **** 
  66:src/../h/Buffer.hpp **** }
  67:src/../h/Buffer.hpp **** 
  68:src/../h/Buffer.hpp **** template<typename T, size_t numOfElements>
  69:src/../h/Buffer.hpp **** bool Buffer<T, numOfElements>::isBufferEmpty() const
  13              		.loc 1 69 6
  14              		.cfi_startproc
  15              	.LVL0:
  16 0000 130101FF 		addi	sp,sp,-16
  17              		.cfi_def_cfa_offset 16
  18 0004 23348100 		sd	s0,8(sp)
  19              		.cfi_offset 8, -8
  20 0008 13040101 		addi	s0,sp,16
  21              		.cfi_def_cfa 8, 0
  70:src/../h/Buffer.hpp **** {
  71:src/../h/Buffer.hpp ****     return count == 0;
  22              		.loc 1 71 12 is_stmt 0
  23 000c 03350533 		ld	a0,816(a0)
  24              	.LVL1:
  72:src/../h/Buffer.hpp **** }
  25              		.loc 1 72 1
  26 0010 13351500 		seqz	a0,a0
  27 0014 03348100 		ld	s0,8(sp)
  28              		.cfi_restore 8
  29              		.cfi_def_cfa 2, 16
  30 0018 13010101 		addi	sp,sp,16
  31              		.cfi_def_cfa_offset 0
  32 001c 67800000 		jr	ra
  33              		.cfi_endproc
  34              	.LFE70:
  36              		.section	.text._ZNK6BufferIcLm100EE12isBufferFullEv,"axG",@progbits,_ZNK6BufferIcLm100EE12isBuffer
  37              		.align	2
  38              		.weak	_ZNK6BufferIcLm100EE12isBufferFullEv
  40              	_ZNK6BufferIcLm100EE12isBufferFullEv:
  41              	.LFB71:
  73:src/../h/Buffer.hpp **** template<typename T, size_t numOfElements>
  74:src/../h/Buffer.hpp **** bool Buffer<T, numOfElements>::isBufferFull() const
  42              		.loc 1 74 6 is_stmt 1
  43              		.cfi_startproc
GAS LISTING /tmp/ccOvWXs4.s 			page 3


  44              	.LVL2:
  45 0000 130101FF 		addi	sp,sp,-16
  46              		.cfi_def_cfa_offset 16
  47 0004 23348100 		sd	s0,8(sp)
  48              		.cfi_offset 8, -8
  49 0008 13040101 		addi	s0,sp,16
  50              		.cfi_def_cfa 8, 0
  75:src/../h/Buffer.hpp **** {
  76:src/../h/Buffer.hpp ****     return count == numOfElements;
  51              		.loc 1 76 12 is_stmt 0
  52 000c 03350533 		ld	a0,816(a0)
  53              	.LVL3:
  54              		.loc 1 76 21
  55 0010 1305C5F9 		addi	a0,a0,-100
  77:src/../h/Buffer.hpp **** }
  56              		.loc 1 77 1
  57 0014 13351500 		seqz	a0,a0
  58 0018 03348100 		ld	s0,8(sp)
  59              		.cfi_restore 8
  60              		.cfi_def_cfa 2, 16
  61 001c 13010101 		addi	sp,sp,16
  62              		.cfi_def_cfa_offset 0
  63 0020 67800000 		jr	ra
  64              		.cfi_endproc
  65              	.LFE71:
  67              		.section	.text._ZN6BufferIcLm100EEnwEm,"axG",@progbits,_ZN6BufferIcLm100EEnwEm,comdat
  68              		.align	2
  69              		.weak	_ZN6BufferIcLm100EEnwEm
  71              	_ZN6BufferIcLm100EEnwEm:
  72              	.LFB72:
  33:src/../h/Buffer.hpp **** {
  73              		.loc 1 33 7 is_stmt 1
  74              		.cfi_startproc
  75              	.LVL4:
  76 0000 130101FF 		addi	sp,sp,-16
  77              		.cfi_def_cfa_offset 16
  78 0004 23341100 		sd	ra,8(sp)
  79 0008 23308100 		sd	s0,0(sp)
  80              		.cfi_offset 1, -8
  81              		.cfi_offset 8, -16
  82 000c 13040101 		addi	s0,sp,16
  83              		.cfi_def_cfa 8, 0
  35:src/../h/Buffer.hpp ****     numOfBlocks += size % MEM_BLOCK_SIZE ? 1 : 0;
  84              		.loc 1 35 12 is_stmt 0
  85 0010 93576500 		srli	a5,a0,6
  86              	.LVL5:
  36:src/../h/Buffer.hpp ****     return MemoryAllocator::allocateMemory(numOfBlocks);
  87              		.loc 1 36 25
  88 0014 1375F503 		andi	a0,a0,63
  89              	.LVL6:
  36:src/../h/Buffer.hpp ****     return MemoryAllocator::allocateMemory(numOfBlocks);
  90              		.loc 1 36 17
  91 0018 63040500 		beqz	a0,.L6
  92 001c 13051000 		li	a0,1
  93              	.L6:
  94              	.LVL7:
  37:src/../h/Buffer.hpp **** }
GAS LISTING /tmp/ccOvWXs4.s 			page 4


  95              		.loc 1 37 43 discriminator 4
  96 0020 3305F500 		add	a0,a0,a5
  97              	.LVL8:
  98 0024 97000000 		call	_ZN15MemoryAllocator14allocateMemoryEm@plt
  98      E7800000 
  99              	.LVL9:
  38:src/../h/Buffer.hpp **** 
 100              		.loc 1 38 1 discriminator 4
 101 002c 83308100 		ld	ra,8(sp)
 102              		.cfi_restore 1
 103 0030 03340100 		ld	s0,0(sp)
 104              		.cfi_restore 8
 105              		.cfi_def_cfa 2, 16
 106 0034 13010101 		addi	sp,sp,16
 107              		.cfi_def_cfa_offset 0
 108 0038 67800000 		jr	ra
 109              		.cfi_endproc
 110              	.LFE72:
 112              		.section	.text._ZN6BufferIcLm100EEC2Ev,"axG",@progbits,_ZN6BufferIcLm100EEC5Ev,comdat
 113              		.align	2
 114              		.weak	_ZN6BufferIcLm100EEC2Ev
 116              	_ZN6BufferIcLm100EEC2Ev:
 117              	.LFB74:
  25:src/../h/Buffer.hpp **** {
 118              		.loc 1 25 1 is_stmt 1
 119              		.cfi_startproc
 120              	.LVL10:
 121 0000 130101FF 		addi	sp,sp,-16
 122              		.cfi_def_cfa_offset 16
 123 0004 23348100 		sd	s0,8(sp)
 124              		.cfi_offset 8, -8
 125 0008 13040101 		addi	s0,sp,16
 126              		.cfi_def_cfa 8, 0
 127              	.LBB43:
  25:src/../h/Buffer.hpp **** {
 128              		.loc 1 25 34 is_stmt 0
 129 000c 23300532 		sd	zero,800(a0)
 130 0010 23340532 		sd	zero,808(a0)
 131 0014 23380532 		sd	zero,816(a0)
 132              	.LVL11:
 133              	.LBB44:
  27:src/../h/Buffer.hpp ****     {
 134              		.loc 1 27 16
 135 0018 93070000 		li	a5,0
 136              	.LVL12:
 137              	.L10:
  27:src/../h/Buffer.hpp ****     {
 138              		.loc 1 27 25 is_stmt 1 discriminator 3
 139 001c 13073006 		li	a4,99
 140 0020 636CF700 		bgtu	a5,a4,.L8
  29:src/../h/Buffer.hpp ****     }
 141              		.loc 1 29 9 is_stmt 0 discriminator 2
 142 0024 13973700 		slli	a4,a5,3
 143 0028 3307E500 		add	a4,a0,a4
 144 002c 23300700 		sd	zero,0(a4)
  27:src/../h/Buffer.hpp ****     {
 145              		.loc 1 27 5 is_stmt 1 discriminator 2
GAS LISTING /tmp/ccOvWXs4.s 			page 5


 146 0030 93871700 		addi	a5,a5,1
 147              	.LVL13:
 148 0034 6FF09FFE 		j	.L10
 149              	.L8:
 150              	.LBE44:
 151              	.LBE43:
  31:src/../h/Buffer.hpp **** template<typename T, size_t numOfElements>
 152              		.loc 1 31 1 is_stmt 0
 153 0038 03348100 		ld	s0,8(sp)
 154              		.cfi_restore 8
 155              		.cfi_def_cfa 2, 16
 156 003c 13010101 		addi	sp,sp,16
 157              		.cfi_def_cfa_offset 0
 158 0040 67800000 		jr	ra
 159              		.cfi_endproc
 160              	.LFE74:
 162              		.weak	_ZN6BufferIcLm100EEC1Ev
 163              		.set	_ZN6BufferIcLm100EEC1Ev,_ZN6BufferIcLm100EEC2Ev
 164              		.section	.text._ZN5QueueI3TCBEnwEm,"axG",@progbits,_ZN5QueueI3TCBEnwEm,comdat
 165              		.align	2
 166              		.weak	_ZN5QueueI3TCBEnwEm
 168              	_ZN5QueueI3TCBEnwEm:
 169              	.LFB76:
 170              		.file 2 "src/../h/Queue.hpp"
   1:src/../h/Queue.hpp **** //
   2:src/../h/Queue.hpp **** // Created by os on 12/16/25.
   3:src/../h/Queue.hpp **** //
   4:src/../h/Queue.hpp **** 
   5:src/../h/Queue.hpp **** #ifndef PROJECT_BASE_V1_1_QUEUE_H
   6:src/../h/Queue.hpp **** #define PROJECT_BASE_V1_1_QUEUE_H
   7:src/../h/Queue.hpp **** #include "../lib/hw.h"
   8:src/../h/Queue.hpp **** #include "MemoryAllocator.hpp"
   9:src/../h/Queue.hpp **** 
  10:src/../h/Queue.hpp **** template<typename T>
  11:src/../h/Queue.hpp **** class Queue {
  12:src/../h/Queue.hpp **** public:
  13:src/../h/Queue.hpp ****     Queue() = default;
  14:src/../h/Queue.hpp **** 
  15:src/../h/Queue.hpp ****     void append(T* newElement);
  16:src/../h/Queue.hpp ****     T* take();
  17:src/../h/Queue.hpp ****     void removeElement(T* element);
  18:src/../h/Queue.hpp ****     bool isQueueEmpty() const { return !head; }
  19:src/../h/Queue.hpp ****     T* top() const { return head; };
  20:src/../h/Queue.hpp **** 
  21:src/../h/Queue.hpp ****     static void* operator new(size_t size);
  22:src/../h/Queue.hpp **** private:
  23:src/../h/Queue.hpp ****     T* head = nullptr, *tail = nullptr;
  24:src/../h/Queue.hpp **** };
  25:src/../h/Queue.hpp **** 
  26:src/../h/Queue.hpp **** template<typename T>
  27:src/../h/Queue.hpp **** void Queue<T>::append(T *newElement)
  28:src/../h/Queue.hpp **** {
  29:src/../h/Queue.hpp ****     if(!head)
  30:src/../h/Queue.hpp ****     {
  31:src/../h/Queue.hpp ****         head = newElement;
  32:src/../h/Queue.hpp ****     }
  33:src/../h/Queue.hpp ****     else
GAS LISTING /tmp/ccOvWXs4.s 			page 6


  34:src/../h/Queue.hpp ****     {
  35:src/../h/Queue.hpp ****         tail->addThreadToState(newElement);
  36:src/../h/Queue.hpp ****     }
  37:src/../h/Queue.hpp ****     tail = newElement;
  38:src/../h/Queue.hpp **** }
  39:src/../h/Queue.hpp **** template<typename T>
  40:src/../h/Queue.hpp **** T* Queue<T>::take()
  41:src/../h/Queue.hpp **** {
  42:src/../h/Queue.hpp ****     if(!head)
  43:src/../h/Queue.hpp ****     {
  44:src/../h/Queue.hpp ****         return nullptr;
  45:src/../h/Queue.hpp ****     }
  46:src/../h/Queue.hpp ****     T* oldElement = head;
  47:src/../h/Queue.hpp ****     head = head->getState();
  48:src/../h/Queue.hpp ****     if(!head)
  49:src/../h/Queue.hpp ****     {
  50:src/../h/Queue.hpp ****         tail = nullptr;
  51:src/../h/Queue.hpp ****     }
  52:src/../h/Queue.hpp ****     return oldElement;
  53:src/../h/Queue.hpp **** }
  54:src/../h/Queue.hpp **** 
  55:src/../h/Queue.hpp **** template<typename T>
  56:src/../h/Queue.hpp **** void Queue<T>::removeElement(T *element)
  57:src/../h/Queue.hpp **** {
  58:src/../h/Queue.hpp ****     T* prev = nullptr, * curr = head;
  59:src/../h/Queue.hpp ****     while(element != curr && curr)
  60:src/../h/Queue.hpp ****     {
  61:src/../h/Queue.hpp ****         prev = curr;
  62:src/../h/Queue.hpp ****         curr = curr->getState();
  63:src/../h/Queue.hpp ****     }
  64:src/../h/Queue.hpp ****     if(!prev)
  65:src/../h/Queue.hpp ****     {
  66:src/../h/Queue.hpp ****         head = head->getState();
  67:src/../h/Queue.hpp ****         if(!head)
  68:src/../h/Queue.hpp ****         {
  69:src/../h/Queue.hpp ****             tail = nullptr;
  70:src/../h/Queue.hpp ****         }
  71:src/../h/Queue.hpp ****     }
  72:src/../h/Queue.hpp ****     else
  73:src/../h/Queue.hpp ****     {
  74:src/../h/Queue.hpp ****         prev->addThreadToState(element->getState());
  75:src/../h/Queue.hpp ****         if(element == tail)
  76:src/../h/Queue.hpp ****         {
  77:src/../h/Queue.hpp ****             tail = prev;
  78:src/../h/Queue.hpp ****         }
  79:src/../h/Queue.hpp ****     }
  80:src/../h/Queue.hpp **** }
  81:src/../h/Queue.hpp **** template<typename T>
  82:src/../h/Queue.hpp **** void* Queue<T>::operator new(size_t size)
 171              		.loc 2 82 7 is_stmt 1
 172              		.cfi_startproc
 173              	.LVL14:
 174 0000 130101FF 		addi	sp,sp,-16
 175              		.cfi_def_cfa_offset 16
 176 0004 23341100 		sd	ra,8(sp)
 177 0008 23308100 		sd	s0,0(sp)
 178              		.cfi_offset 1, -8
GAS LISTING /tmp/ccOvWXs4.s 			page 7


 179              		.cfi_offset 8, -16
 180 000c 13040101 		addi	s0,sp,16
 181              		.cfi_def_cfa 8, 0
  83:src/../h/Queue.hpp **** {
  84:src/../h/Queue.hpp ****     size_t numOfBlocks = size / MEM_BLOCK_SIZE;
 182              		.loc 2 84 12 is_stmt 0
 183 0010 93576500 		srli	a5,a0,6
 184              	.LVL15:
  85:src/../h/Queue.hpp ****     numOfBlocks += size % MEM_BLOCK_SIZE ? 1 : 0;
 185              		.loc 2 85 25
 186 0014 1375F503 		andi	a0,a0,63
 187              	.LVL16:
 188              		.loc 2 85 17
 189 0018 63040500 		beqz	a0,.L13
 190 001c 13051000 		li	a0,1
 191              	.L13:
 192              	.LVL17:
  86:src/../h/Queue.hpp ****     return MemoryAllocator::allocateMemory(numOfBlocks);
 193              		.loc 2 86 43 discriminator 4
 194 0020 3305F500 		add	a0,a0,a5
 195              	.LVL18:
 196 0024 97000000 		call	_ZN15MemoryAllocator14allocateMemoryEm@plt
 196      E7800000 
 197              	.LVL19:
  87:src/../h/Queue.hpp **** }
 198              		.loc 2 87 1 discriminator 4
 199 002c 83308100 		ld	ra,8(sp)
 200              		.cfi_restore 1
 201 0030 03340100 		ld	s0,0(sp)
 202              		.cfi_restore 8
 203              		.cfi_def_cfa 2, 16
 204 0034 13010101 		addi	sp,sp,16
 205              		.cfi_def_cfa_offset 0
 206 0038 67800000 		jr	ra
 207              		.cfi_endproc
 208              	.LFE76:
 210              		.text
 211              		.align	2
 213              	_Z41__static_initialization_and_destruction_0ii:
 214              	.LFB81:
 215              		.file 3 "src/KConsole.cpp"
   1:src/KConsole.cpp **** //
   2:src/KConsole.cpp **** // Created by os on 12/14/25.
   3:src/KConsole.cpp **** //
   4:src/KConsole.cpp **** 
   5:src/KConsole.cpp **** #include "../h/KConsole.hpp"
   6:src/KConsole.cpp **** #include "../h/TCB.hpp"
   7:src/KConsole.cpp **** #include "../h/Scheduler.hpp"
   8:src/KConsole.cpp **** 
   9:src/KConsole.cpp **** 
  10:src/KConsole.cpp **** extern "C" void context_switch(TCB::Context* oldContext, TCB::Context* newContext);
  11:src/KConsole.cpp **** 
  12:src/KConsole.cpp **** 
  13:src/KConsole.cpp **** Buffer<char, KernelConfig::SIZE_INPUT_BUFFER>* KConsole::inputBuffer = new Buffer<char, KernelConfi
  14:src/KConsole.cpp **** Buffer<char, KernelConfig::SIZE_OUTPUT_BUFFER>* KConsole::outputBuffer = new Buffer<char, KernelCon
  15:src/KConsole.cpp **** Queue<TCB>* KConsole::inputWaitQueue = new Queue<TCB>();
  16:src/KConsole.cpp **** Queue<TCB>* KConsole::outputWaitQueue = new Queue<TCB>();
GAS LISTING /tmp/ccOvWXs4.s 			page 8


  17:src/KConsole.cpp **** TCB* KConsole::consumerThread = nullptr;
  18:src/KConsole.cpp **** TCB* KConsole::producerThread = nullptr;
  19:src/KConsole.cpp **** //TCB* KConsole::headThreadInputWait = nullptr;
  20:src/KConsole.cpp **** //TCB* KConsole::tailThreadInputWait = nullptr;
  21:src/KConsole.cpp **** //TCB* KConsole::headThreadOutputWait = nullptr;
  22:src/KConsole.cpp **** //TCB* KConsole::tailThreadOutputWait = nullptr;
  23:src/KConsole.cpp **** 
  24:src/KConsole.cpp **** void KConsole::addThreadToInputWaitQueue(TCB *thread)
  25:src/KConsole.cpp **** {
  26:src/KConsole.cpp **** //    if(!headThreadInputWait)
  27:src/KConsole.cpp **** //    {
  28:src/KConsole.cpp **** //        headThreadInputWait = thread;
  29:src/KConsole.cpp **** //    }
  30:src/KConsole.cpp **** //    else
  31:src/KConsole.cpp **** //    {
  32:src/KConsole.cpp **** //        tailThreadInputWait->addThreadToState(thread);
  33:src/KConsole.cpp **** //    }
  34:src/KConsole.cpp **** //    tailThreadInputWait = thread;
  35:src/KConsole.cpp ****     inputWaitQueue->append(thread);
  36:src/KConsole.cpp **** }
  37:src/KConsole.cpp **** 
  38:src/KConsole.cpp **** void KConsole::addThreadToOutputWaitQueue(TCB* thread)
  39:src/KConsole.cpp **** {
  40:src/KConsole.cpp **** //    if(!headThreadOutputWait)
  41:src/KConsole.cpp **** //    {
  42:src/KConsole.cpp **** //        headThreadOutputWait = thread;
  43:src/KConsole.cpp **** //    }
  44:src/KConsole.cpp **** //    else
  45:src/KConsole.cpp **** //    {
  46:src/KConsole.cpp **** //        tailThreadOutputWait->addThreadToState(thread);
  47:src/KConsole.cpp **** //    }
  48:src/KConsole.cpp **** //    tailThreadOutputWait = thread;
  49:src/KConsole.cpp ****     outputWaitQueue->append(thread);
  50:src/KConsole.cpp **** }
  51:src/KConsole.cpp **** 
  52:src/KConsole.cpp **** void KConsole::removeThreadFromInputWaitQueue()
  53:src/KConsole.cpp **** {
  54:src/KConsole.cpp **** //    if(!headThreadInputWait)
  55:src/KConsole.cpp **** //    {
  56:src/KConsole.cpp **** //        return;
  57:src/KConsole.cpp **** //    }
  58:src/KConsole.cpp ****     TCB* oldThread = outputWaitQueue->take();
  59:src/KConsole.cpp **** //    headThreadInputWait = headThreadInputWait->getState();
  60:src/KConsole.cpp **** //    if(!headThreadInputWait)
  61:src/KConsole.cpp **** //    {
  62:src/KConsole.cpp **** //        tailThreadInputWait = nullptr;
  63:src/KConsole.cpp **** //    }
  64:src/KConsole.cpp ****     if(oldThread)
  65:src/KConsole.cpp ****     {
  66:src/KConsole.cpp ****         oldThread->resetState();
  67:src/KConsole.cpp ****         Scheduler::put(oldThread);
  68:src/KConsole.cpp ****     }
  69:src/KConsole.cpp **** }
  70:src/KConsole.cpp **** void KConsole::removeThreadFromOutputWaitQueue()
  71:src/KConsole.cpp **** {
  72:src/KConsole.cpp ****     //    if(!headThreadInputWait)
  73:src/KConsole.cpp **** //    {
GAS LISTING /tmp/ccOvWXs4.s 			page 9


  74:src/KConsole.cpp **** //        return;
  75:src/KConsole.cpp **** //    }
  76:src/KConsole.cpp ****     TCB* oldThread = inputWaitQueue->take();
  77:src/KConsole.cpp **** //    headThreadInputWait = headThreadInputWait->getState();
  78:src/KConsole.cpp **** //    if(!headThreadInputWait)
  79:src/KConsole.cpp **** //    {
  80:src/KConsole.cpp **** //        tailThreadInputWait = nullptr;
  81:src/KConsole.cpp **** //    }
  82:src/KConsole.cpp ****     if(oldThread)
  83:src/KConsole.cpp ****     {
  84:src/KConsole.cpp ****         oldThread->resetState();
  85:src/KConsole.cpp ****         Scheduler::put(oldThread);
  86:src/KConsole.cpp ****     }
  87:src/KConsole.cpp **** }
  88:src/KConsole.cpp **** char KConsole::getCharFromInputBuffer()
  89:src/KConsole.cpp **** {
  90:src/KConsole.cpp ****     return *(inputBuffer->take());
  91:src/KConsole.cpp **** }
  92:src/KConsole.cpp **** void KConsole::addCharToOutputBuffer(char c)
  93:src/KConsole.cpp **** {
  94:src/KConsole.cpp ****     outputBuffer->append(&c);
  95:src/KConsole.cpp **** }
  96:src/KConsole.cpp **** 
  97:src/KConsole.cpp **** void KConsole::consumeOutputBuffer(void*)
  98:src/KConsole.cpp **** {
  99:src/KConsole.cpp ****     volatile uint8 data;
 100:src/KConsole.cpp ****     volatile uint8 statusReg;
 101:src/KConsole.cpp ****     while(1)
 102:src/KConsole.cpp ****     {
 103:src/KConsole.cpp ****         volatile int numOfDevice = plic_claim();
 104:src/KConsole.cpp ****         do {
 105:src/KConsole.cpp **** 
 106:src/KConsole.cpp ****             data = *(outputBuffer->take());
 107:src/KConsole.cpp ****             __asm__ volatile("sb %[regData], 0(%[address])":: [regData]"r"(data), [address]"r"(CONS
 108:src/KConsole.cpp ****             __asm__ volatile("lb %[status], 0(%[address])": [status] "=r"(statusReg): [address] "r"
 109:src/KConsole.cpp ****             removeThreadFromOutputWaitQueue();
 110:src/KConsole.cpp ****         } while ((statusReg & CONSOLE_TX_STATUS_BIT) && !outputBuffer->isBufferEmpty());
 111:src/KConsole.cpp ****         plic_complete(numOfDevice);
 112:src/KConsole.cpp ****         TCB *oldThread = TCB::getRunningThread();
 113:src/KConsole.cpp ****         TCB::setRunningThread(Scheduler::get());
 114:src/KConsole.cpp ****         oldThread->resetState();
 115:src/KConsole.cpp ****         context_switch(oldThread->getContext(), TCB::getRunningThread()->getContext());
 116:src/KConsole.cpp ****     }
 117:src/KConsole.cpp **** }
 118:src/KConsole.cpp **** 
 119:src/KConsole.cpp **** void KConsole::produceInputBuffer(void*)
 120:src/KConsole.cpp **** {
 121:src/KConsole.cpp ****     volatile uint8 statusReg;
 122:src/KConsole.cpp ****     volatile uint8 data;
 123:src/KConsole.cpp ****     while(1) {
 124:src/KConsole.cpp ****         volatile int numOfDevice = plic_claim();
 125:src/KConsole.cpp ****         do {
 126:src/KConsole.cpp ****             __asm__ volatile("lb %[regData], 0(%[address])" : [regData]"=r"(data): [address]"r"(CON
 127:src/KConsole.cpp ****             char c = data;
 128:src/KConsole.cpp ****             inputBuffer->append(&c);
 129:src/KConsole.cpp ****             __asm__ volatile("lb %[status], 0(%[address])": [status] "=r"(statusReg): [address] "r"
 130:src/KConsole.cpp ****             removeThreadFromInputWaitQueue();
GAS LISTING /tmp/ccOvWXs4.s 			page 10


 131:src/KConsole.cpp ****         } while ((statusReg & CONSOLE_RX_STATUS_BIT) && !inputBuffer->isBufferFull());
 132:src/KConsole.cpp ****         plic_complete(numOfDevice);
 133:src/KConsole.cpp **** 
 134:src/KConsole.cpp ****         TCB *oldThread = TCB::getRunningThread();
 135:src/KConsole.cpp ****         TCB::setRunningThread(Scheduler::get());
 136:src/KConsole.cpp ****         oldThread->resetState();
 137:src/KConsole.cpp ****         context_switch(oldThread->getContext(), TCB::getRunningThread()->getContext());
 138:src/KConsole.cpp ****     }
 139:src/KConsole.cpp **** 
 140:src/KConsole.cpp **** }
 216              		.loc 3 140 1 is_stmt 1
 217              		.cfi_startproc
 218              	.LVL20:
 219 0000 93071000 		li	a5,1
 220 0004 6304F500 		beq	a0,a5,.L21
 221              	.L18:
 222 0008 67800000 		ret
 223              	.L21:
 224              		.loc 3 140 1 is_stmt 0 discriminator 1
 225 000c B7070100 		li	a5,65536
 226 0010 9387F7FF 		addi	a5,a5,-1
 227 0014 E39AF5FE 		bne	a1,a5,.L18
 228              		.loc 3 140 1
 229 0018 130101FE 		addi	sp,sp,-32
 230              		.cfi_def_cfa_offset 32
 231 001c 233C1100 		sd	ra,24(sp)
 232 0020 23388100 		sd	s0,16(sp)
 233 0024 23349100 		sd	s1,8(sp)
 234 0028 23302101 		sd	s2,0(sp)
 235              		.cfi_offset 1, -8
 236              		.cfi_offset 8, -16
 237              		.cfi_offset 9, -24
 238              		.cfi_offset 18, -32
 239 002c 13040102 		addi	s0,sp,32
 240              		.cfi_def_cfa 8, 0
  13:src/KConsole.cpp **** Buffer<char, KernelConfig::SIZE_OUTPUT_BUFFER>* KConsole::outputBuffer = new Buffer<char, KernelCon
 241              		.loc 3 13 122
 242 0030 13058033 		li	a0,824
 243              	.LVL21:
 244 0034 97000000 		call	_ZN6BufferIcLm100EEnwEm
 244      E7800000 
 245              	.LVL22:
 246 003c 13090500 		mv	s2,a0
 247 0040 97000000 		call	_ZN6BufferIcLm100EEC1Ev
 247      E7800000 
 248              	.LVL23:
  13:src/KConsole.cpp **** Buffer<char, KernelConfig::SIZE_OUTPUT_BUFFER>* KConsole::outputBuffer = new Buffer<char, KernelCon
 249              		.loc 3 13 48
 250 0048 97040000 		lla	s1,.LANCHOR0
 250      93840400 
 251 0050 23B02401 		sd	s2,0(s1)
  14:src/KConsole.cpp **** Queue<TCB>* KConsole::inputWaitQueue = new Queue<TCB>();
 252              		.loc 3 14 125
 253 0054 13058033 		li	a0,824
 254 0058 97000000 		call	_ZN6BufferIcLm100EEnwEm
 254      E7800000 
 255              	.LVL24:
GAS LISTING /tmp/ccOvWXs4.s 			page 11


 256 0060 13090500 		mv	s2,a0
 257 0064 97000000 		call	_ZN6BufferIcLm100EEC1Ev
 257      E7800000 
 258              	.LVL25:
  14:src/KConsole.cpp **** Queue<TCB>* KConsole::inputWaitQueue = new Queue<TCB>();
 259              		.loc 3 14 49
 260 006c 23B42401 		sd	s2,8(s1)
  15:src/KConsole.cpp **** Queue<TCB>* KConsole::outputWaitQueue = new Queue<TCB>();
 261              		.loc 3 15 55
 262 0070 13050001 		li	a0,16
 263 0074 97000000 		call	_ZN5QueueI3TCBEnwEm
 263      E7800000 
 264              	.LVL26:
 265 007c 23300500 		sd	zero,0(a0)
 266 0080 23340500 		sd	zero,8(a0)
  15:src/KConsole.cpp **** Queue<TCB>* KConsole::outputWaitQueue = new Queue<TCB>();
 267              		.loc 3 15 13
 268 0084 23B8A400 		sd	a0,16(s1)
  16:src/KConsole.cpp **** TCB* KConsole::consumerThread = nullptr;
 269              		.loc 3 16 56
 270 0088 13050001 		li	a0,16
 271 008c 97000000 		call	_ZN5QueueI3TCBEnwEm
 271      E7800000 
 272              	.LVL27:
 273 0094 23300500 		sd	zero,0(a0)
 274 0098 23340500 		sd	zero,8(a0)
  16:src/KConsole.cpp **** TCB* KConsole::consumerThread = nullptr;
 275              		.loc 3 16 13
 276 009c 23BCA400 		sd	a0,24(s1)
 277              		.loc 3 140 1
 278 00a0 83308101 		ld	ra,24(sp)
 279              		.cfi_restore 1
 280 00a4 03340101 		ld	s0,16(sp)
 281              		.cfi_restore 8
 282              		.cfi_def_cfa 2, 32
 283 00a8 83348100 		ld	s1,8(sp)
 284              		.cfi_restore 9
 285 00ac 03390100 		ld	s2,0(sp)
 286              		.cfi_restore 18
 287 00b0 13010102 		addi	sp,sp,32
 288              		.cfi_def_cfa_offset 0
 289 00b4 67800000 		jr	ra
 290              		.cfi_endproc
 291              	.LFE81:
 293              		.section	.text._ZN5QueueI3TCBE6appendEPS0_,"axG",@progbits,_ZN5QueueI3TCBE6appendEPS0_,comdat
 294              		.align	2
 295              		.weak	_ZN5QueueI3TCBE6appendEPS0_
 297              	_ZN5QueueI3TCBE6appendEPS0_:
 298              	.LFB77:
  27:src/../h/Queue.hpp **** {
 299              		.loc 2 27 6 is_stmt 1
 300              		.cfi_startproc
 301              	.LVL28:
 302 0000 130101FF 		addi	sp,sp,-16
 303              		.cfi_def_cfa_offset 16
 304 0004 23348100 		sd	s0,8(sp)
 305              		.cfi_offset 8, -8
GAS LISTING /tmp/ccOvWXs4.s 			page 12


 306 0008 13040101 		addi	s0,sp,16
 307              		.cfi_def_cfa 8, 0
  29:src/../h/Queue.hpp ****     {
 308              		.loc 2 29 9 is_stmt 0
 309 000c 83370500 		ld	a5,0(a0)
  29:src/../h/Queue.hpp ****     {
 310              		.loc 2 29 5
 311 0010 638E0700 		beqz	a5,.L26
  35:src/../h/Queue.hpp ****     }
 312              		.loc 2 35 9
 313 0014 83378500 		ld	a5,8(a0)
 314              	.LVL29:
 315              	.LBB45:
 316              	.LBB46:
 317              		.file 4 "src/../h/TCB.hpp"
   1:src/../h/TCB.hpp **** //
   2:src/../h/TCB.hpp **** // Created by os on 12/5/25.
   3:src/../h/TCB.hpp **** //
   4:src/../h/TCB.hpp **** 
   5:src/../h/TCB.hpp **** #ifndef PROJECT_BASE_V1_1_TCB_H
   6:src/../h/TCB.hpp **** #define PROJECT_BASE_V1_1_TCB_H
   7:src/../h/TCB.hpp **** #include "ObjectPool.hpp"
   8:src/../h/TCB.hpp **** #include "MemoryAllocator.hpp"
   9:src/../h/TCB.hpp **** #include "../lib/hw.h"
  10:src/../h/TCB.hpp **** #include "Config.hpp"
  11:src/../h/TCB.hpp **** #include "Machine.hpp"
  12:src/../h/TCB.hpp **** 
  13:src/../h/TCB.hpp **** class KSemaphore;
  14:src/../h/TCB.hpp **** class TCB
  15:src/../h/TCB.hpp **** {
  16:src/../h/TCB.hpp **** public:
  17:src/../h/TCB.hpp ****     typedef struct Context
  18:src/../h/TCB.hpp ****     {
  19:src/../h/TCB.hpp ****         uint64 ra;
  20:src/../h/TCB.hpp ****         uint64 sp;
  21:src/../h/TCB.hpp ****         KernelConfig::Mode mode;
  22:src/../h/TCB.hpp ****     } Context;
  23:src/../h/TCB.hpp ****     using Body = void(*)(void*);
  24:src/../h/TCB.hpp ****     TCB() = default;
  25:src/../h/TCB.hpp ****     void initializeThread(Body body, void*arg, void* stack, void* systemStack, ObjectPool<TCB, Kern
  26:src/../h/TCB.hpp ****                           KernelConfig::Mode mode = KernelConfig::USER_MODE, KernelConfig::ThreadSt
  27:src/../h/TCB.hpp **** 
  28:src/../h/TCB.hpp ****     size_t getTimeSlice() const { return timeSlice; }
  29:src/../h/TCB.hpp ****     bool isFinished() const { return finished; }
  30:src/../h/TCB.hpp ****     void setIsFinished() { finished = true; }
  31:src/../h/TCB.hpp **** 
  32:src/../h/TCB.hpp ****     size_t getTimeToSleep() const { return timeToSleep; }
  33:src/../h/TCB.hpp ****     void setTimeToSleep(size_t time) { timeToSleep = time; }
  34:src/../h/TCB.hpp **** 
  35:src/../h/TCB.hpp ****     void decrementTimeToSleep() { timeToSleep--; };
  36:src/../h/TCB.hpp ****     void addThreadToState(TCB* newThread) { state = newThread; }
 318              		.loc 4 36 45 is_stmt 1
 319              		.loc 4 36 51 is_stmt 0
 320 0018 23B4B704 		sd	a1,72(a5)
 321              	.LVL30:
 322              	.L24:
 323              	.LBE46:
GAS LISTING /tmp/ccOvWXs4.s 			page 13


 324              	.LBE45:
  37:src/../h/Queue.hpp **** }
 325              		.loc 2 37 5
 326 001c 2334B500 		sd	a1,8(a0)
  38:src/../h/Queue.hpp **** template<typename T>
 327              		.loc 2 38 1
 328 0020 03348100 		ld	s0,8(sp)
 329              		.cfi_remember_state
 330              		.cfi_restore 8
 331              		.cfi_def_cfa 2, 16
 332 0024 13010101 		addi	sp,sp,16
 333              		.cfi_def_cfa_offset 0
 334 0028 67800000 		jr	ra
 335              	.L26:
 336              		.cfi_restore_state
  31:src/../h/Queue.hpp ****     }
 337              		.loc 2 31 9
 338 002c 2330B500 		sd	a1,0(a0)
 339 0030 6FF0DFFE 		j	.L24
 340              		.cfi_endproc
 341              	.LFE77:
 343              		.text
 344              		.align	2
 345              		.globl	_ZN8KConsole25addThreadToInputWaitQueueEP3TCB
 347              	_ZN8KConsole25addThreadToInputWaitQueueEP3TCB:
 348              	.LFB62:
  25:src/KConsole.cpp **** //    if(!headThreadInputWait)
 349              		.loc 3 25 1 is_stmt 1
 350              		.cfi_startproc
 351              	.LVL31:
 352 00b8 130101FF 		addi	sp,sp,-16
 353              		.cfi_def_cfa_offset 16
 354 00bc 23341100 		sd	ra,8(sp)
 355 00c0 23308100 		sd	s0,0(sp)
 356              		.cfi_offset 1, -8
 357              		.cfi_offset 8, -16
 358 00c4 13040101 		addi	s0,sp,16
 359              		.cfi_def_cfa 8, 0
 360 00c8 93050500 		mv	a1,a0
  35:src/KConsole.cpp **** }
 361              		.loc 3 35 5
  35:src/KConsole.cpp **** }
 362              		.loc 3 35 27 is_stmt 0
 363 00cc 17050000 		ld	a0,.LANCHOR0+16
 363      03350500 
 364              	.LVL32:
 365 00d4 97000000 		call	_ZN5QueueI3TCBE6appendEPS0_
 365      E7800000 
 366              	.LVL33:
  36:src/KConsole.cpp **** 
 367              		.loc 3 36 1
 368 00dc 83308100 		ld	ra,8(sp)
 369              		.cfi_restore 1
 370 00e0 03340100 		ld	s0,0(sp)
 371              		.cfi_restore 8
 372              		.cfi_def_cfa 2, 16
 373 00e4 13010101 		addi	sp,sp,16
GAS LISTING /tmp/ccOvWXs4.s 			page 14


 374              		.cfi_def_cfa_offset 0
 375 00e8 67800000 		jr	ra
 376              		.cfi_endproc
 377              	.LFE62:
 379              		.align	2
 380              		.globl	_ZN8KConsole26addThreadToOutputWaitQueueEP3TCB
 382              	_ZN8KConsole26addThreadToOutputWaitQueueEP3TCB:
 383              	.LFB63:
  39:src/KConsole.cpp **** //    if(!headThreadOutputWait)
 384              		.loc 3 39 1 is_stmt 1
 385              		.cfi_startproc
 386              	.LVL34:
 387 00ec 130101FF 		addi	sp,sp,-16
 388              		.cfi_def_cfa_offset 16
 389 00f0 23341100 		sd	ra,8(sp)
 390 00f4 23308100 		sd	s0,0(sp)
 391              		.cfi_offset 1, -8
 392              		.cfi_offset 8, -16
 393 00f8 13040101 		addi	s0,sp,16
 394              		.cfi_def_cfa 8, 0
 395 00fc 93050500 		mv	a1,a0
  49:src/KConsole.cpp **** }
 396              		.loc 3 49 5
  49:src/KConsole.cpp **** }
 397              		.loc 3 49 28 is_stmt 0
 398 0100 17050000 		ld	a0,.LANCHOR0+24
 398      03350500 
 399              	.LVL35:
 400 0108 97000000 		call	_ZN5QueueI3TCBE6appendEPS0_
 400      E7800000 
 401              	.LVL36:
  50:src/KConsole.cpp **** 
 402              		.loc 3 50 1
 403 0110 83308100 		ld	ra,8(sp)
 404              		.cfi_restore 1
 405 0114 03340100 		ld	s0,0(sp)
 406              		.cfi_restore 8
 407              		.cfi_def_cfa 2, 16
 408 0118 13010101 		addi	sp,sp,16
 409              		.cfi_def_cfa_offset 0
 410 011c 67800000 		jr	ra
 411              		.cfi_endproc
 412              	.LFE63:
 414              		.section	.text._ZN5QueueI3TCBE4takeEv,"axG",@progbits,_ZN5QueueI3TCBE4takeEv,comdat
 415              		.align	2
 416              		.weak	_ZN5QueueI3TCBE4takeEv
 418              	_ZN5QueueI3TCBE4takeEv:
 419              	.LFB78:
  40:src/../h/Queue.hpp **** {
 420              		.loc 2 40 4 is_stmt 1
 421              		.cfi_startproc
 422              	.LVL37:
 423 0000 130101FF 		addi	sp,sp,-16
 424              		.cfi_def_cfa_offset 16
 425 0004 23348100 		sd	s0,8(sp)
 426              		.cfi_offset 8, -8
 427 0008 13040101 		addi	s0,sp,16
GAS LISTING /tmp/ccOvWXs4.s 			page 15


 428              		.cfi_def_cfa 8, 0
 429 000c 93070500 		mv	a5,a0
  42:src/../h/Queue.hpp ****     {
 430              		.loc 2 42 9 is_stmt 0
 431 0010 03350500 		ld	a0,0(a0)
 432              	.LVL38:
  42:src/../h/Queue.hpp ****     {
 433              		.loc 2 42 5
 434 0014 63080500 		beqz	a0,.L31
 435              	.LVL39:
 436              	.LBB47:
 437              	.LBB48:
  37:src/../h/TCB.hpp ****     TCB* getState() const { return state; }
 438              		.loc 4 37 29 is_stmt 1
 439              		.loc 4 37 36 is_stmt 0
 440 0018 03378504 		ld	a4,72(a0)
 441              	.LVL40:
 442              	.LBE48:
 443              	.LBE47:
  47:src/../h/Queue.hpp ****     if(!head)
 444              		.loc 2 47 5
 445 001c 23B0E700 		sd	a4,0(a5)
  48:src/../h/Queue.hpp ****     {
 446              		.loc 2 48 5
 447 0020 63080700 		beqz	a4,.L34
 448              	.LVL41:
 449              	.L31:
  53:src/../h/Queue.hpp **** 
 450              		.loc 2 53 1
 451 0024 03348100 		ld	s0,8(sp)
 452              		.cfi_remember_state
 453              		.cfi_restore 8
 454              		.cfi_def_cfa 2, 16
 455 0028 13010101 		addi	sp,sp,16
 456              		.cfi_def_cfa_offset 0
 457 002c 67800000 		jr	ra
 458              	.LVL42:
 459              	.L34:
 460              		.cfi_restore_state
  50:src/../h/Queue.hpp ****     }
 461              		.loc 2 50 9
 462 0030 23B40700 		sd	zero,8(a5)
 463 0034 6FF01FFF 		j	.L31
 464              		.cfi_endproc
 465              	.LFE78:
 467              		.text
 468              		.align	2
 469              		.globl	_ZN8KConsole30removeThreadFromInputWaitQueueEv
 471              	_ZN8KConsole30removeThreadFromInputWaitQueueEv:
 472              	.LFB64:
  53:src/KConsole.cpp **** //    if(!headThreadInputWait)
 473              		.loc 3 53 1 is_stmt 1
 474              		.cfi_startproc
 475 0120 130101FF 		addi	sp,sp,-16
 476              		.cfi_def_cfa_offset 16
 477 0124 23341100 		sd	ra,8(sp)
 478 0128 23308100 		sd	s0,0(sp)
GAS LISTING /tmp/ccOvWXs4.s 			page 16


 479              		.cfi_offset 1, -8
 480              		.cfi_offset 8, -16
 481 012c 13040101 		addi	s0,sp,16
 482              		.cfi_def_cfa 8, 0
  58:src/KConsole.cpp **** //    headThreadInputWait = headThreadInputWait->getState();
 483              		.loc 3 58 5
  58:src/KConsole.cpp **** //    headThreadInputWait = headThreadInputWait->getState();
 484              		.loc 3 58 43 is_stmt 0
 485 0130 17050000 		ld	a0,.LANCHOR0+24
 485      03350500 
 486 0138 97000000 		call	_ZN5QueueI3TCBE4takeEv
 486      E7800000 
 487              	.LVL43:
  64:src/KConsole.cpp ****     {
 488              		.loc 3 64 5 is_stmt 1
 489 0140 63080500 		beqz	a0,.L35
  66:src/KConsole.cpp ****         Scheduler::put(oldThread);
 490              		.loc 3 66 9
 491              	.LVL44:
 492              	.LBB49:
 493              	.LBB50:
  38:src/../h/TCB.hpp ****     void resetState() {state = nullptr; }
 494              		.loc 4 38 24
 495              		.loc 4 38 30 is_stmt 0
 496 0144 23340504 		sd	zero,72(a0)
 497              	.LVL45:
 498              	.LBE50:
 499              	.LBE49:
  67:src/KConsole.cpp ****     }
 500              		.loc 3 67 9 is_stmt 1
  67:src/KConsole.cpp ****     }
 501              		.loc 3 67 23 is_stmt 0
 502 0148 97000000 		call	_ZN9Scheduler3putEP3TCB@plt
 502      E7800000 
 503              	.LVL46:
 504              	.L35:
  69:src/KConsole.cpp **** void KConsole::removeThreadFromOutputWaitQueue()
 505              		.loc 3 69 1
 506 0150 83308100 		ld	ra,8(sp)
 507              		.cfi_restore 1
 508 0154 03340100 		ld	s0,0(sp)
 509              		.cfi_restore 8
 510              		.cfi_def_cfa 2, 16
 511 0158 13010101 		addi	sp,sp,16
 512              		.cfi_def_cfa_offset 0
 513 015c 67800000 		jr	ra
 514              		.cfi_endproc
 515              	.LFE64:
 517              		.align	2
 518              		.globl	_ZN8KConsole31removeThreadFromOutputWaitQueueEv
 520              	_ZN8KConsole31removeThreadFromOutputWaitQueueEv:
 521              	.LFB65:
  71:src/KConsole.cpp ****     //    if(!headThreadInputWait)
 522              		.loc 3 71 1 is_stmt 1
 523              		.cfi_startproc
 524 0160 130101FF 		addi	sp,sp,-16
 525              		.cfi_def_cfa_offset 16
GAS LISTING /tmp/ccOvWXs4.s 			page 17


 526 0164 23341100 		sd	ra,8(sp)
 527 0168 23308100 		sd	s0,0(sp)
 528              		.cfi_offset 1, -8
 529              		.cfi_offset 8, -16
 530 016c 13040101 		addi	s0,sp,16
 531              		.cfi_def_cfa 8, 0
  76:src/KConsole.cpp **** //    headThreadInputWait = headThreadInputWait->getState();
 532              		.loc 3 76 5
  76:src/KConsole.cpp **** //    headThreadInputWait = headThreadInputWait->getState();
 533              		.loc 3 76 42 is_stmt 0
 534 0170 17050000 		ld	a0,.LANCHOR0+16
 534      03350500 
 535 0178 97000000 		call	_ZN5QueueI3TCBE4takeEv
 535      E7800000 
 536              	.LVL47:
  82:src/KConsole.cpp ****     {
 537              		.loc 3 82 5 is_stmt 1
 538 0180 63080500 		beqz	a0,.L38
  84:src/KConsole.cpp ****         Scheduler::put(oldThread);
 539              		.loc 3 84 9
 540              	.LVL48:
 541              	.LBB51:
 542              	.LBB52:
 543              		.loc 4 38 24
 544              		.loc 4 38 30 is_stmt 0
 545 0184 23340504 		sd	zero,72(a0)
 546              	.LVL49:
 547              	.LBE52:
 548              	.LBE51:
  85:src/KConsole.cpp ****     }
 549              		.loc 3 85 9 is_stmt 1
  85:src/KConsole.cpp ****     }
 550              		.loc 3 85 23 is_stmt 0
 551 0188 97000000 		call	_ZN9Scheduler3putEP3TCB@plt
 551      E7800000 
 552              	.LVL50:
 553              	.L38:
  87:src/KConsole.cpp **** char KConsole::getCharFromInputBuffer()
 554              		.loc 3 87 1
 555 0190 83308100 		ld	ra,8(sp)
 556              		.cfi_restore 1
 557 0194 03340100 		ld	s0,0(sp)
 558              		.cfi_restore 8
 559              		.cfi_def_cfa 2, 16
 560 0198 13010101 		addi	sp,sp,16
 561              		.cfi_def_cfa_offset 0
 562 019c 67800000 		jr	ra
 563              		.cfi_endproc
 564              	.LFE65:
 566              		.section	.text._ZN6BufferIcLm100EE4takeEv,"axG",@progbits,_ZN6BufferIcLm100EE4takeEv,comdat
 567              		.align	2
 568              		.weak	_ZN6BufferIcLm100EE4takeEv
 570              	_ZN6BufferIcLm100EE4takeEv:
 571              	.LFB79:
  54:src/../h/Buffer.hpp **** {
 572              		.loc 1 54 4 is_stmt 1
 573              		.cfi_startproc
GAS LISTING /tmp/ccOvWXs4.s 			page 18


 574              	.LVL51:
 575 0000 130101FF 		addi	sp,sp,-16
 576              		.cfi_def_cfa_offset 16
 577 0004 23348100 		sd	s0,8(sp)
 578              		.cfi_offset 8, -8
 579 0008 13040101 		addi	s0,sp,16
 580              		.cfi_def_cfa 8, 0
  56:src/../h/Buffer.hpp ****     {
 581              		.loc 1 56 8 is_stmt 0
 582 000c 03370533 		ld	a4,816(a0)
  56:src/../h/Buffer.hpp ****     {
 583              		.loc 1 56 5
 584 0010 630E0702 		beqz	a4,.L43
 585 0014 93070500 		mv	a5,a0
  61:src/../h/Buffer.hpp ****     T* tempElem = array[head];
 586              		.loc 1 61 5
 587 0018 1307F7FF 		addi	a4,a4,-1
 588 001c 2338E532 		sd	a4,816(a0)
  62:src/../h/Buffer.hpp ****     head = (head + 1) % numOfElements;
 589              		.loc 1 62 25
 590 0020 03370532 		ld	a4,800(a0)
  62:src/../h/Buffer.hpp ****     head = (head + 1) % numOfElements;
 591              		.loc 1 62 8
 592 0024 93163700 		slli	a3,a4,3
 593 0028 B306D500 		add	a3,a0,a3
 594 002c 03B50600 		ld	a0,0(a3)
 595              	.LVL52:
  63:src/../h/Buffer.hpp ****     return tempElem;
 596              		.loc 1 63 18
 597 0030 13071700 		addi	a4,a4,1
  63:src/../h/Buffer.hpp ****     return tempElem;
 598              		.loc 1 63 23
 599 0034 93064006 		li	a3,100
 600 0038 3377D702 		remu	a4,a4,a3
  63:src/../h/Buffer.hpp ****     return tempElem;
 601              		.loc 1 63 5
 602 003c 23B0E732 		sd	a4,800(a5)
 603              	.LVL53:
 604              	.L41:
  66:src/../h/Buffer.hpp **** 
 605              		.loc 1 66 1
 606 0040 03348100 		ld	s0,8(sp)
 607              		.cfi_remember_state
 608              		.cfi_restore 8
 609              		.cfi_def_cfa 2, 16
 610 0044 13010101 		addi	sp,sp,16
 611              		.cfi_def_cfa_offset 0
 612 0048 67800000 		jr	ra
 613              	.LVL54:
 614              	.L43:
 615              		.cfi_restore_state
  58:src/../h/Buffer.hpp ****     }
 616              		.loc 1 58 16
 617 004c 13050000 		li	a0,0
 618              	.LVL55:
 619 0050 6FF01FFF 		j	.L41
 620              		.cfi_endproc
GAS LISTING /tmp/ccOvWXs4.s 			page 19


 621              	.LFE79:
 623              		.text
 624              		.align	2
 625              		.globl	_ZN8KConsole22getCharFromInputBufferEv
 627              	_ZN8KConsole22getCharFromInputBufferEv:
 628              	.LFB66:
  89:src/KConsole.cpp ****     return *(inputBuffer->take());
 629              		.loc 3 89 1 is_stmt 1
 630              		.cfi_startproc
 631 01a0 130101FF 		addi	sp,sp,-16
 632              		.cfi_def_cfa_offset 16
 633 01a4 23341100 		sd	ra,8(sp)
 634 01a8 23308100 		sd	s0,0(sp)
 635              		.cfi_offset 1, -8
 636              		.cfi_offset 8, -16
 637 01ac 13040101 		addi	s0,sp,16
 638              		.cfi_def_cfa 8, 0
  90:src/KConsole.cpp **** }
 639              		.loc 3 90 5
  90:src/KConsole.cpp **** }
 640              		.loc 3 90 31 is_stmt 0
 641 01b0 17050000 		ld	a0,.LANCHOR0
 641      03350500 
 642 01b8 97000000 		call	_ZN6BufferIcLm100EE4takeEv
 642      E7800000 
 643              	.LVL56:
  91:src/KConsole.cpp **** void KConsole::addCharToOutputBuffer(char c)
 644              		.loc 3 91 1
 645 01c0 03450500 		lbu	a0,0(a0)
 646 01c4 83308100 		ld	ra,8(sp)
 647              		.cfi_restore 1
 648 01c8 03340100 		ld	s0,0(sp)
 649              		.cfi_restore 8
 650              		.cfi_def_cfa 2, 16
 651 01cc 13010101 		addi	sp,sp,16
 652              		.cfi_def_cfa_offset 0
 653 01d0 67800000 		jr	ra
 654              		.cfi_endproc
 655              	.LFE66:
 657              		.align	2
 658              		.globl	_ZN8KConsole19consumeOutputBufferEPv
 660              	_ZN8KConsole19consumeOutputBufferEPv:
 661              	.LFB68:
  98:src/KConsole.cpp ****     volatile uint8 data;
 662              		.loc 3 98 1 is_stmt 1
 663              		.cfi_startproc
 664 01d4 130101FD 		addi	sp,sp,-48
 665              		.cfi_def_cfa_offset 48
 666 01d8 23341102 		sd	ra,40(sp)
 667 01dc 23308102 		sd	s0,32(sp)
 668 01e0 233C9100 		sd	s1,24(sp)
 669 01e4 23382101 		sd	s2,16(sp)
 670              		.cfi_offset 1, -8
 671              		.cfi_offset 8, -16
 672              		.cfi_offset 9, -24
 673              		.cfi_offset 18, -32
 674 01e8 13040103 		addi	s0,sp,48
GAS LISTING /tmp/ccOvWXs4.s 			page 20


 675              		.cfi_def_cfa 8, 0
 676 01ec 6F000004 		j	.L50
 677              	.L48:
 678              	.LBB53:
 111:src/KConsole.cpp ****         TCB *oldThread = TCB::getRunningThread();
 679              		.loc 3 111 9 discriminator 4
 111:src/KConsole.cpp ****         TCB *oldThread = TCB::getRunningThread();
 680              		.loc 3 111 22 is_stmt 0 discriminator 4
 681 01f0 032584FD 		lw	a0,-40(s0)
 682 01f4 1B050500 		sext.w	a0,a0
 683 01f8 97000000 		call	plic_complete@plt
 683      E7800000 
 684              	.LVL57:
 112:src/KConsole.cpp ****         TCB::setRunningThread(Scheduler::get());
 685              		.loc 3 112 9 is_stmt 1 discriminator 4
 686              	.LBB54:
 687              	.LBB55:
  39:src/../h/TCB.hpp ****     Context* getContext() { return &context; }
  40:src/../h/TCB.hpp ****     void* getUserStack() const { return userStack; }
  41:src/../h/TCB.hpp ****     void* getSystemStack() const { return systemStack; }
  42:src/../h/TCB.hpp ****     ObjectPool<TCB, KernelConfig::NUM_OF_THREADS_IN_POOL>* getSourcePool() { return sourcePool; }
  43:src/../h/TCB.hpp **** 
  44:src/../h/TCB.hpp ****     void setWakeUpReason(KernelConfig::WakeUpReason reason) { wakeUpReason = reason; }
  45:src/../h/TCB.hpp ****     KernelConfig::WakeUpReason getWakeUpReason() { return wakeUpReason; }
  46:src/../h/TCB.hpp ****     void setSemaphoreOnWait (KSemaphore* semaphore) { waitOnSemaphore = semaphore; }
  47:src/../h/TCB.hpp ****     KSemaphore* getSemaphoreOnWait() const { return waitOnSemaphore; }
  48:src/../h/TCB.hpp ****     void resetSemaphoreOnWait() { waitOnSemaphore = nullptr; }
  49:src/../h/TCB.hpp ****     static void dispatch();
  50:src/../h/TCB.hpp **** 
  51:src/../h/TCB.hpp ****     static TCB* getRunningThread() { return running; }
 688              		.loc 4 51 38 discriminator 4
 689              		.loc 4 51 45 is_stmt 0 discriminator 4
 690 0200 17090000 		la	s2,_ZN3TCB7runningE
 690      03390900 
 691 0208 83340900 		ld	s1,0(s2)
 692              	.LVL58:
 693              	.LBE55:
 694              	.LBE54:
 113:src/KConsole.cpp ****         oldThread->resetState();
 695              		.loc 3 113 9 is_stmt 1 discriminator 4
 113:src/KConsole.cpp ****         oldThread->resetState();
 696              		.loc 3 113 30 is_stmt 0 discriminator 4
 697 020c 97000000 		call	_ZN9Scheduler3getEv@plt
 697      E7800000 
 698              	.LVL59:
 699              	.LBB56:
 700              	.LBB57:
  52:src/../h/TCB.hpp ****     static void setRunningThread(TCB* newRunningThread) { running = newRunningThread; }
 701              		.loc 4 52 59 is_stmt 1 discriminator 4
 702              		.loc 4 52 67 is_stmt 0 discriminator 4
 703 0214 2330A900 		sd	a0,0(s2)
 704              	.LVL60:
 705              	.LBE57:
 706              	.LBE56:
 114:src/KConsole.cpp ****         context_switch(oldThread->getContext(), TCB::getRunningThread()->getContext());
 707              		.loc 3 114 9 is_stmt 1 discriminator 4
 708              	.LBB58:
GAS LISTING /tmp/ccOvWXs4.s 			page 21


 709              	.LBB59:
  38:src/../h/TCB.hpp ****     Context* getContext() { return &context; }
 710              		.loc 4 38 24 discriminator 4
  38:src/../h/TCB.hpp ****     Context* getContext() { return &context; }
 711              		.loc 4 38 30 is_stmt 0 discriminator 4
 712 0218 23B40404 		sd	zero,72(s1)
 713              	.LVL61:
 714              	.LBE59:
 715              	.LBE58:
 115:src/KConsole.cpp ****     }
 716              		.loc 3 115 9 is_stmt 1 discriminator 4
 717              	.LBB60:
 718              	.LBB61:
  39:src/../h/TCB.hpp ****     void* getUserStack() const { return userStack; }
 719              		.loc 4 39 29 discriminator 4
 720              	.LBE61:
 721              	.LBE60:
 722              	.LBE53:
  51:src/../h/TCB.hpp ****     static void setRunningThread(TCB* newRunningThread) { running = newRunningThread; }
 723              		.loc 4 51 38 discriminator 4
 724              	.LBB64:
 725              	.LBB62:
 726              	.LBB63:
  39:src/../h/TCB.hpp ****     void* getUserStack() const { return userStack; }
 727              		.loc 4 39 29 discriminator 4
 728              	.LBE63:
 729              	.LBE62:
 115:src/KConsole.cpp ****     }
 730              		.loc 3 115 23 is_stmt 0 discriminator 4
 731 021c 93058500 		addi	a1,a0,8
 732 0220 13858400 		addi	a0,s1,8
 733 0224 97000000 		call	context_switch@plt
 733      E7800000 
 734              	.LVL62:
 735              	.LBE64:
 101:src/KConsole.cpp ****     {
 736              		.loc 3 101 5 is_stmt 1 discriminator 4
 737              	.L50:
  99:src/KConsole.cpp ****     volatile uint8 statusReg;
 738              		.loc 3 99 5
 100:src/KConsole.cpp ****     while(1)
 739              		.loc 3 100 5
 101:src/KConsole.cpp ****     {
 740              		.loc 3 101 5
 741              	.LBB65:
 103:src/KConsole.cpp ****         do {
 742              		.loc 3 103 9
 103:src/KConsole.cpp ****         do {
 743              		.loc 3 103 46 is_stmt 0
 744 022c 97000000 		call	plic_claim@plt
 744      E7800000 
 745              	.LVL63:
 103:src/KConsole.cpp ****         do {
 746              		.loc 3 103 47
 747 0234 232CA4FC 		sw	a0,-40(s0)
 748              	.L49:
 104:src/KConsole.cpp **** 
GAS LISTING /tmp/ccOvWXs4.s 			page 22


 749              		.loc 3 104 9 is_stmt 1
 106:src/KConsole.cpp ****             __asm__ volatile("sb %[regData], 0(%[address])":: [regData]"r"(data), [address]"r"(CONS
 750              		.loc 3 106 13
 106:src/KConsole.cpp ****             __asm__ volatile("sb %[regData], 0(%[address])":: [regData]"r"(data), [address]"r"(CONS
 751              		.loc 3 106 40 is_stmt 0
 752 0238 17050000 		ld	a0,.LANCHOR0+8
 752      03350500 
 753 0240 97000000 		call	_ZN6BufferIcLm100EE4takeEv
 753      E7800000 
 754              	.LVL64:
 106:src/KConsole.cpp ****             __asm__ volatile("sb %[regData], 0(%[address])":: [regData]"r"(data), [address]"r"(CONS
 755              		.loc 3 106 20
 756 0248 83470500 		lbu	a5,0(a0)
 106:src/KConsole.cpp ****             __asm__ volatile("sb %[regData], 0(%[address])":: [regData]"r"(data), [address]"r"(CONS
 757              		.loc 3 106 18
 758 024c A30FF4FC 		sb	a5,-33(s0)
 107:src/KConsole.cpp ****             __asm__ volatile("lb %[status], 0(%[address])": [status] "=r"(statusReg): [address] "r"
 759              		.loc 3 107 13 is_stmt 1
 107:src/KConsole.cpp ****             __asm__ volatile("lb %[status], 0(%[address])": [status] "=r"(statusReg): [address] "r"
 760              		.loc 3 107 76 is_stmt 0
 761 0250 8347F4FD 		lbu	a5,-33(s0)
 107:src/KConsole.cpp ****             __asm__ volatile("lb %[status], 0(%[address])": [status] "=r"(statusReg): [address] "r"
 762              		.loc 3 107 96
 763 0254 17070000 		la	a4,CONSOLE_TX_DATA
 763      03370700 
 764 025c 03370700 		ld	a4,0(a4)
 107:src/KConsole.cpp ****             __asm__ volatile("lb %[status], 0(%[address])": [status] "=r"(statusReg): [address] "r"
 765              		.loc 3 107 113
 766              	#APP
 767              	# 107 "src/KConsole.cpp" 1
 108:src/KConsole.cpp ****             removeThreadFromOutputWaitQueue();
 768              		sb a5, 0(a4)
 769              	# 0 "" 2
 770              		.loc 3 108 13 is_stmt 1
 108:src/KConsole.cpp ****             removeThreadFromOutputWaitQueue();
 771              		.loc 3 108 101 is_stmt 0
 772              	#NO_APP
 773 0264 97070000 		la	a5,CONSOLE_STATUS
 773      83B70700 
 774 026c 83B70700 		ld	a5,0(a5)
 108:src/KConsole.cpp ****             removeThreadFromOutputWaitQueue();
 775              		.loc 3 108 117
 776              	#APP
 777              	# 108 "src/KConsole.cpp" 1
 778              		lb a5, 0(a5)
 779              	# 0 "" 2
 780              	#NO_APP
 781 0274 230FF4FC 		sb	a5,-34(s0)
 109:src/KConsole.cpp ****         } while ((statusReg & CONSOLE_TX_STATUS_BIT) && !outputBuffer->isBufferEmpty());
 782              		.loc 3 109 13 is_stmt 1
 109:src/KConsole.cpp ****         } while ((statusReg & CONSOLE_TX_STATUS_BIT) && !outputBuffer->isBufferEmpty());
 783              		.loc 3 109 44 is_stmt 0
 784 0278 97000000 		call	_ZN8KConsole31removeThreadFromOutputWaitQueueEv
 784      E7800000 
 785              	.LVL65:
 110:src/KConsole.cpp ****         plic_complete(numOfDevice);
 786              		.loc 3 110 54 is_stmt 1
GAS LISTING /tmp/ccOvWXs4.s 			page 23


 110:src/KConsole.cpp ****         plic_complete(numOfDevice);
 787              		.loc 3 110 19 is_stmt 0
 788 0280 8347E4FD 		lbu	a5,-34(s0)
 789 0284 93F7F70F 		andi	a5,a5,0xff
 110:src/KConsole.cpp ****         plic_complete(numOfDevice);
 790              		.loc 3 110 54
 791 0288 93F70702 		andi	a5,a5,32
 792 028c E38207F6 		beqz	a5,.L48
 110:src/KConsole.cpp ****         plic_complete(numOfDevice);
 793              		.loc 3 110 85 discriminator 1
 794 0290 17050000 		ld	a0,.LANCHOR0+8
 794      03350500 
 795 0298 97000000 		call	_ZNK6BufferIcLm100EE13isBufferEmptyEv
 795      E7800000 
 796              	.LVL66:
 110:src/KConsole.cpp ****         plic_complete(numOfDevice);
 797              		.loc 3 110 54 discriminator 1
 798 02a0 E30C05F8 		beqz	a0,.L49
 799 02a4 6FF0DFF4 		j	.L48
 800              	.LBE65:
 801              		.cfi_endproc
 802              	.LFE68:
 804              		.section	.text._ZN6BufferIcLm100EE6appendEPc,"axG",@progbits,_ZN6BufferIcLm100EE6appendEPc,comdat
 805              		.align	2
 806              		.weak	_ZN6BufferIcLm100EE6appendEPc
 808              	_ZN6BufferIcLm100EE6appendEPc:
 809              	.LFB80:
  41:src/../h/Buffer.hpp **** {
 810              		.loc 1 41 5 is_stmt 1
 811              		.cfi_startproc
 812              	.LVL67:
 813 0000 130101FF 		addi	sp,sp,-16
 814              		.cfi_def_cfa_offset 16
 815 0004 23348100 		sd	s0,8(sp)
 816              		.cfi_offset 8, -8
 817 0008 13040101 		addi	s0,sp,16
 818              		.cfi_def_cfa 8, 0
  43:src/../h/Buffer.hpp ****     {
 819              		.loc 1 43 8 is_stmt 0
 820 000c 83370533 		ld	a5,816(a0)
  43:src/../h/Buffer.hpp ****     {
 821              		.loc 1 43 5
 822 0010 13074006 		li	a4,100
 823 0014 638EE702 		beq	a5,a4,.L54
  47:src/../h/Buffer.hpp ****     array[tail] = element;
 824              		.loc 1 47 5
 825 0018 93871700 		addi	a5,a5,1
 826 001c 2338F532 		sd	a5,816(a0)
  48:src/../h/Buffer.hpp ****     tail = (tail + 1) % numOfElements;
 827              		.loc 1 48 11
 828 0020 83378532 		ld	a5,808(a0)
  48:src/../h/Buffer.hpp ****     tail = (tail + 1) % numOfElements;
 829              		.loc 1 48 5
 830 0024 13973700 		slli	a4,a5,3
 831 0028 3307E500 		add	a4,a0,a4
 832 002c 2330B700 		sd	a1,0(a4)
  49:src/../h/Buffer.hpp **** 
GAS LISTING /tmp/ccOvWXs4.s 			page 24


 833              		.loc 1 49 18
 834 0030 93871700 		addi	a5,a5,1
  49:src/../h/Buffer.hpp **** 
 835              		.loc 1 49 23
 836 0034 13074006 		li	a4,100
 837 0038 B3F7E702 		remu	a5,a5,a4
  49:src/../h/Buffer.hpp **** 
 838              		.loc 1 49 5
 839 003c 2334F532 		sd	a5,808(a0)
  51:src/../h/Buffer.hpp **** }
 840              		.loc 1 51 12
 841 0040 13050000 		li	a0,0
 842              	.LVL68:
 843              	.L53:
  52:src/../h/Buffer.hpp **** template<typename T, size_t numOfElements>
 844              		.loc 1 52 1
 845 0044 03348100 		ld	s0,8(sp)
 846              		.cfi_remember_state
 847              		.cfi_restore 8
 848              		.cfi_def_cfa 2, 16
 849 0048 13010101 		addi	sp,sp,16
 850              		.cfi_def_cfa_offset 0
 851 004c 67800000 		jr	ra
 852              	.LVL69:
 853              	.L54:
 854              		.cfi_restore_state
  45:src/../h/Buffer.hpp ****     }
 855              		.loc 1 45 17
 856 0050 1305F0FF 		li	a0,-1
 857              	.LVL70:
 858 0054 6FF01FFF 		j	.L53
 859              		.cfi_endproc
 860              	.LFE80:
 862              		.text
 863              		.align	2
 864              		.globl	_ZN8KConsole21addCharToOutputBufferEc
 866              	_ZN8KConsole21addCharToOutputBufferEc:
 867              	.LFB67:
  93:src/KConsole.cpp ****     outputBuffer->append(&c);
 868              		.loc 3 93 1 is_stmt 1
 869              		.cfi_startproc
 870              	.LVL71:
 871 02a8 130101FE 		addi	sp,sp,-32
 872              		.cfi_def_cfa_offset 32
 873 02ac 233C1100 		sd	ra,24(sp)
 874 02b0 23388100 		sd	s0,16(sp)
 875              		.cfi_offset 1, -8
 876              		.cfi_offset 8, -16
 877 02b4 13040102 		addi	s0,sp,32
 878              		.cfi_def_cfa 8, 0
 879 02b8 A307A4FE 		sb	a0,-17(s0)
  94:src/KConsole.cpp **** }
 880              		.loc 3 94 5
  94:src/KConsole.cpp **** }
 881              		.loc 3 94 25 is_stmt 0
 882 02bc 9305F4FE 		addi	a1,s0,-17
 883 02c0 17050000 		ld	a0,.LANCHOR0+8
GAS LISTING /tmp/ccOvWXs4.s 			page 25


 883      03350500 
 884              	.LVL72:
 885 02c8 97000000 		call	_ZN6BufferIcLm100EE6appendEPc
 885      E7800000 
 886              	.LVL73:
  95:src/KConsole.cpp **** 
 887              		.loc 3 95 1
 888 02d0 83308101 		ld	ra,24(sp)
 889              		.cfi_restore 1
 890 02d4 03340101 		ld	s0,16(sp)
 891              		.cfi_restore 8
 892              		.cfi_def_cfa 2, 32
 893 02d8 13010102 		addi	sp,sp,32
 894              		.cfi_def_cfa_offset 0
 895 02dc 67800000 		jr	ra
 896              		.cfi_endproc
 897              	.LFE67:
 899              		.align	2
 900              		.globl	_ZN8KConsole18produceInputBufferEPv
 902              	_ZN8KConsole18produceInputBufferEPv:
 903              	.LFB69:
 120:src/KConsole.cpp ****     volatile uint8 statusReg;
 904              		.loc 3 120 1 is_stmt 1
 905              		.cfi_startproc
 906 02e0 130101FD 		addi	sp,sp,-48
 907              		.cfi_def_cfa_offset 48
 908 02e4 23341102 		sd	ra,40(sp)
 909 02e8 23308102 		sd	s0,32(sp)
 910 02ec 233C9100 		sd	s1,24(sp)
 911 02f0 23382101 		sd	s2,16(sp)
 912              		.cfi_offset 1, -8
 913              		.cfi_offset 8, -16
 914              		.cfi_offset 9, -24
 915              		.cfi_offset 18, -32
 916 02f4 13040103 		addi	s0,sp,48
 917              		.cfi_def_cfa 8, 0
 918 02f8 6F000004 		j	.L61
 919              	.L59:
 920              	.LBB66:
 132:src/KConsole.cpp **** 
 921              		.loc 3 132 9 discriminator 4
 132:src/KConsole.cpp **** 
 922              		.loc 3 132 22 is_stmt 0 discriminator 4
 923 02fc 032584FD 		lw	a0,-40(s0)
 924 0300 1B050500 		sext.w	a0,a0
 925 0304 97000000 		call	plic_complete@plt
 925      E7800000 
 926              	.LVL74:
 134:src/KConsole.cpp ****         TCB::setRunningThread(Scheduler::get());
 927              		.loc 3 134 9 is_stmt 1 discriminator 4
 928              	.LBB67:
 929              	.LBB68:
  51:src/../h/TCB.hpp ****     static void setRunningThread(TCB* newRunningThread) { running = newRunningThread; }
 930              		.loc 4 51 38 discriminator 4
  51:src/../h/TCB.hpp ****     static void setRunningThread(TCB* newRunningThread) { running = newRunningThread; }
 931              		.loc 4 51 45 is_stmt 0 discriminator 4
 932 030c 17090000 		la	s2,_ZN3TCB7runningE
GAS LISTING /tmp/ccOvWXs4.s 			page 26


 932      03390900 
 933 0314 83340900 		ld	s1,0(s2)
 934              	.LVL75:
 935              	.LBE68:
 936              	.LBE67:
 135:src/KConsole.cpp ****         oldThread->resetState();
 937              		.loc 3 135 9 is_stmt 1 discriminator 4
 135:src/KConsole.cpp ****         oldThread->resetState();
 938              		.loc 3 135 30 is_stmt 0 discriminator 4
 939 0318 97000000 		call	_ZN9Scheduler3getEv@plt
 939      E7800000 
 940              	.LVL76:
 941              	.LBB69:
 942              	.LBB70:
 943              		.loc 4 52 59 is_stmt 1 discriminator 4
 944              		.loc 4 52 67 is_stmt 0 discriminator 4
 945 0320 2330A900 		sd	a0,0(s2)
 946              	.LVL77:
 947              	.LBE70:
 948              	.LBE69:
 136:src/KConsole.cpp ****         context_switch(oldThread->getContext(), TCB::getRunningThread()->getContext());
 949              		.loc 3 136 9 is_stmt 1 discriminator 4
 950              	.LBB71:
 951              	.LBB72:
  38:src/../h/TCB.hpp ****     Context* getContext() { return &context; }
 952              		.loc 4 38 24 discriminator 4
  38:src/../h/TCB.hpp ****     Context* getContext() { return &context; }
 953              		.loc 4 38 30 is_stmt 0 discriminator 4
 954 0324 23B40404 		sd	zero,72(s1)
 955              	.LVL78:
 956              	.LBE72:
 957              	.LBE71:
 137:src/KConsole.cpp ****     }
 958              		.loc 3 137 9 is_stmt 1 discriminator 4
 959              	.LBB73:
 960              	.LBB74:
  39:src/../h/TCB.hpp ****     void* getUserStack() const { return userStack; }
 961              		.loc 4 39 29 discriminator 4
 962              	.LBE74:
 963              	.LBE73:
 964              	.LBE66:
  51:src/../h/TCB.hpp ****     static void setRunningThread(TCB* newRunningThread) { running = newRunningThread; }
 965              		.loc 4 51 38 discriminator 4
 966              	.LBB78:
 967              	.LBB75:
 968              	.LBB76:
  39:src/../h/TCB.hpp ****     void* getUserStack() const { return userStack; }
 969              		.loc 4 39 29 discriminator 4
 970              	.LBE76:
 971              	.LBE75:
 137:src/KConsole.cpp ****     }
 972              		.loc 3 137 23 is_stmt 0 discriminator 4
 973 0328 93058500 		addi	a1,a0,8
 974 032c 13858400 		addi	a0,s1,8
 975 0330 97000000 		call	context_switch@plt
 975      E7800000 
 976              	.LVL79:
GAS LISTING /tmp/ccOvWXs4.s 			page 27


 977              	.LBE78:
 123:src/KConsole.cpp ****         volatile int numOfDevice = plic_claim();
 978              		.loc 3 123 5 is_stmt 1 discriminator 4
 979              	.L61:
 121:src/KConsole.cpp ****     volatile uint8 data;
 980              		.loc 3 121 5
 122:src/KConsole.cpp ****     while(1) {
 981              		.loc 3 122 5
 123:src/KConsole.cpp ****         volatile int numOfDevice = plic_claim();
 982              		.loc 3 123 5
 983              	.LBB79:
 124:src/KConsole.cpp ****         do {
 984              		.loc 3 124 9
 124:src/KConsole.cpp ****         do {
 985              		.loc 3 124 46 is_stmt 0
 986 0338 97000000 		call	plic_claim@plt
 986      E7800000 
 987              	.LVL80:
 124:src/KConsole.cpp ****         do {
 988              		.loc 3 124 47
 989 0340 232CA4FC 		sw	a0,-40(s0)
 990              	.L60:
 125:src/KConsole.cpp ****             __asm__ volatile("lb %[regData], 0(%[address])" : [regData]"=r"(data): [address]"r"(CON
 991              		.loc 3 125 9 is_stmt 1
 992              	.LBB77:
 126:src/KConsole.cpp ****             char c = data;
 993              		.loc 3 126 13
 126:src/KConsole.cpp ****             char c = data;
 994              		.loc 3 126 97 is_stmt 0
 995 0344 97070000 		la	a5,CONSOLE_RX_DATA
 995      83B70700 
 996 034c 83B70700 		ld	a5,0(a5)
 126:src/KConsole.cpp ****             char c = data;
 997              		.loc 3 126 114
 998              	#APP
 999              	# 126 "src/KConsole.cpp" 1
 1000              		lb a5, 0(a5)
 1001              	# 0 "" 2
 1002              	#NO_APP
 1003 0354 230FF4FC 		sb	a5,-34(s0)
 127:src/KConsole.cpp ****             inputBuffer->append(&c);
 1004              		.loc 3 127 13 is_stmt 1
 127:src/KConsole.cpp ****             inputBuffer->append(&c);
 1005              		.loc 3 127 22 is_stmt 0
 1006 0358 8347E4FD 		lbu	a5,-34(s0)
 1007 035c A30BF4FC 		sb	a5,-41(s0)
 128:src/KConsole.cpp ****             __asm__ volatile("lb %[status], 0(%[address])": [status] "=r"(statusReg): [address] "r"
 1008              		.loc 3 128 13 is_stmt 1
 128:src/KConsole.cpp ****             __asm__ volatile("lb %[status], 0(%[address])": [status] "=r"(statusReg): [address] "r"
 1009              		.loc 3 128 32 is_stmt 0
 1010 0360 930574FD 		addi	a1,s0,-41
 1011 0364 17050000 		ld	a0,.LANCHOR0
 1011      03350500 
 1012 036c 97000000 		call	_ZN6BufferIcLm100EE6appendEPc
 1012      E7800000 
 1013              	.LVL81:
 129:src/KConsole.cpp ****             removeThreadFromInputWaitQueue();
GAS LISTING /tmp/ccOvWXs4.s 			page 28


 1014              		.loc 3 129 13 is_stmt 1
 129:src/KConsole.cpp ****             removeThreadFromInputWaitQueue();
 1015              		.loc 3 129 101 is_stmt 0
 1016 0374 97070000 		la	a5,CONSOLE_STATUS
 1016      83B70700 
 1017 037c 83B70700 		ld	a5,0(a5)
 129:src/KConsole.cpp ****             removeThreadFromInputWaitQueue();
 1018              		.loc 3 129 117
 1019              	#APP
 1020              	# 129 "src/KConsole.cpp" 1
 1021              		lb a5, 0(a5)
 1022              	# 0 "" 2
 1023              	#NO_APP
 1024 0384 A30FF4FC 		sb	a5,-33(s0)
 130:src/KConsole.cpp ****         } while ((statusReg & CONSOLE_RX_STATUS_BIT) && !inputBuffer->isBufferFull());
 1025              		.loc 3 130 13 is_stmt 1
 130:src/KConsole.cpp ****         } while ((statusReg & CONSOLE_RX_STATUS_BIT) && !inputBuffer->isBufferFull());
 1026              		.loc 3 130 43 is_stmt 0
 1027 0388 97000000 		call	_ZN8KConsole30removeThreadFromInputWaitQueueEv
 1027      E7800000 
 1028              	.LVL82:
 1029              	.LBE77:
 131:src/KConsole.cpp ****         plic_complete(numOfDevice);
 1030              		.loc 3 131 54 is_stmt 1
 131:src/KConsole.cpp ****         plic_complete(numOfDevice);
 1031              		.loc 3 131 19 is_stmt 0
 1032 0390 8347F4FD 		lbu	a5,-33(s0)
 131:src/KConsole.cpp ****         plic_complete(numOfDevice);
 1033              		.loc 3 131 54
 1034 0394 93F71700 		andi	a5,a5,1
 1035 0398 E38207F6 		beqz	a5,.L59
 131:src/KConsole.cpp ****         plic_complete(numOfDevice);
 1036              		.loc 3 131 83 discriminator 1
 1037 039c 17050000 		ld	a0,.LANCHOR0
 1037      03350500 
 1038 03a4 97000000 		call	_ZNK6BufferIcLm100EE12isBufferFullEv
 1038      E7800000 
 1039              	.LVL83:
 131:src/KConsole.cpp ****         plic_complete(numOfDevice);
 1040              		.loc 3 131 54 discriminator 1
 1041 03ac E30C05F8 		beqz	a0,.L60
 1042 03b0 6FF0DFF4 		j	.L59
 1043              	.LBE79:
 1044              		.cfi_endproc
 1045              	.LFE69:
 1047              		.align	2
 1049              	_GLOBAL__sub_I__ZN8KConsole11inputBufferE:
 1050              	.LFB82:
 1051              		.loc 3 140 1 is_stmt 1
 1052              		.cfi_startproc
 1053 03b4 130101FF 		addi	sp,sp,-16
 1054              		.cfi_def_cfa_offset 16
 1055 03b8 23341100 		sd	ra,8(sp)
 1056 03bc 23308100 		sd	s0,0(sp)
 1057              		.cfi_offset 1, -8
 1058              		.cfi_offset 8, -16
 1059 03c0 13040101 		addi	s0,sp,16
GAS LISTING /tmp/ccOvWXs4.s 			page 29


 1060              		.cfi_def_cfa 8, 0
 1061              		.loc 3 140 1 is_stmt 0
 1062 03c4 B7050100 		li	a1,65536
 1063 03c8 9385F5FF 		addi	a1,a1,-1
 1064 03cc 13051000 		li	a0,1
 1065 03d0 97000000 		call	_Z41__static_initialization_and_destruction_0ii
 1065      E7800000 
 1066              	.LVL84:
 1067 03d8 83308100 		ld	ra,8(sp)
 1068              		.cfi_restore 1
 1069 03dc 03340100 		ld	s0,0(sp)
 1070              		.cfi_restore 8
 1071              		.cfi_def_cfa 2, 16
 1072 03e0 13010101 		addi	sp,sp,16
 1073              		.cfi_def_cfa_offset 0
 1074 03e4 67800000 		jr	ra
 1075              		.cfi_endproc
 1076              	.LFE82:
 1078              		.section	.init_array,"aw"
 1079              		.align	3
 1080 0000 00000000 		.dword	_GLOBAL__sub_I__ZN8KConsole11inputBufferE
 1080      00000000 
 1081              		.globl	_ZN8KConsole14producerThreadE
 1082              		.globl	_ZN8KConsole14consumerThreadE
 1083              		.globl	_ZN8KConsole15outputWaitQueueE
 1084              		.globl	_ZN8KConsole14inputWaitQueueE
 1085              		.globl	_ZN8KConsole12outputBufferE
 1086              		.globl	_ZN8KConsole11inputBufferE
 1087              		.bss
 1088              		.align	3
 1089              		.set	.LANCHOR0,. + 0
 1092              	_ZN8KConsole11inputBufferE:
 1093 0000 00000000 		.zero	8
 1093      00000000 
 1096              	_ZN8KConsole12outputBufferE:
 1097 0008 00000000 		.zero	8
 1097      00000000 
 1100              	_ZN8KConsole14inputWaitQueueE:
 1101 0010 00000000 		.zero	8
 1101      00000000 
 1104              	_ZN8KConsole15outputWaitQueueE:
 1105 0018 00000000 		.zero	8
 1105      00000000 
 1108              	_ZN8KConsole14producerThreadE:
 1109 0020 00000000 		.zero	8
 1109      00000000 
 1112              	_ZN8KConsole14consumerThreadE:
 1113 0028 00000000 		.zero	8
 1113      00000000 
 1114              		.text
 1115              	.Letext0:
 1116              		.file 5 "src/../h/../lib/hw.h"
 1117              		.file 6 "src/../h/../h/MemoryAllocator.hpp"
 1118              		.file 7 "src/../h/Config.hpp"
 1119              		.file 8 "src/../h/KConsole.hpp"
 1120              		.file 9 "src/../h/Scheduler.hpp"
GAS LISTING /tmp/ccOvWXs4.s 			page 30


DEFINED SYMBOLS
                            *ABS*:0000000000000000 KConsole.cpp
     /tmp/ccOvWXs4.s:10     .text._ZNK6BufferIcLm100EE13isBufferEmptyEv:0000000000000000 _ZNK6BufferIcLm100EE13isBufferEmptyEv
     /tmp/ccOvWXs4.s:14     .text._ZNK6BufferIcLm100EE13isBufferEmptyEv:0000000000000000 .L0 
     /tmp/ccOvWXs4.s:16     .text._ZNK6BufferIcLm100EE13isBufferEmptyEv:0000000000000000 .L0 
     /tmp/ccOvWXs4.s:17     .text._ZNK6BufferIcLm100EE13isBufferEmptyEv:0000000000000004 .L0 
     /tmp/ccOvWXs4.s:19     .text._ZNK6BufferIcLm100EE13isBufferEmptyEv:0000000000000008 .L0 
     /tmp/ccOvWXs4.s:21     .text._ZNK6BufferIcLm100EE13isBufferEmptyEv:000000000000000c .L0 
     /tmp/ccOvWXs4.s:23     .text._ZNK6BufferIcLm100EE13isBufferEmptyEv:000000000000000c .L0 
     /tmp/ccOvWXs4.s:26     .text._ZNK6BufferIcLm100EE13isBufferEmptyEv:0000000000000010 .L0 
     /tmp/ccOvWXs4.s:28     .text._ZNK6BufferIcLm100EE13isBufferEmptyEv:0000000000000018 .L0 
     /tmp/ccOvWXs4.s:29     .text._ZNK6BufferIcLm100EE13isBufferEmptyEv:0000000000000018 .L0 
     /tmp/ccOvWXs4.s:31     .text._ZNK6BufferIcLm100EE13isBufferEmptyEv:000000000000001c .L0 
     /tmp/ccOvWXs4.s:33     .text._ZNK6BufferIcLm100EE13isBufferEmptyEv:0000000000000020 .L0 
     /tmp/ccOvWXs4.s:40     .text._ZNK6BufferIcLm100EE12isBufferFullEv:0000000000000000 _ZNK6BufferIcLm100EE12isBufferFullEv
     /tmp/ccOvWXs4.s:43     .text._ZNK6BufferIcLm100EE12isBufferFullEv:0000000000000000 .L0 
     /tmp/ccOvWXs4.s:45     .text._ZNK6BufferIcLm100EE12isBufferFullEv:0000000000000000 .L0 
     /tmp/ccOvWXs4.s:46     .text._ZNK6BufferIcLm100EE12isBufferFullEv:0000000000000004 .L0 
     /tmp/ccOvWXs4.s:48     .text._ZNK6BufferIcLm100EE12isBufferFullEv:0000000000000008 .L0 
     /tmp/ccOvWXs4.s:50     .text._ZNK6BufferIcLm100EE12isBufferFullEv:000000000000000c .L0 
     /tmp/ccOvWXs4.s:52     .text._ZNK6BufferIcLm100EE12isBufferFullEv:000000000000000c .L0 
     /tmp/ccOvWXs4.s:55     .text._ZNK6BufferIcLm100EE12isBufferFullEv:0000000000000010 .L0 
     /tmp/ccOvWXs4.s:57     .text._ZNK6BufferIcLm100EE12isBufferFullEv:0000000000000014 .L0 
     /tmp/ccOvWXs4.s:59     .text._ZNK6BufferIcLm100EE12isBufferFullEv:000000000000001c .L0 
     /tmp/ccOvWXs4.s:60     .text._ZNK6BufferIcLm100EE12isBufferFullEv:000000000000001c .L0 
     /tmp/ccOvWXs4.s:62     .text._ZNK6BufferIcLm100EE12isBufferFullEv:0000000000000020 .L0 
     /tmp/ccOvWXs4.s:64     .text._ZNK6BufferIcLm100EE12isBufferFullEv:0000000000000024 .L0 
     /tmp/ccOvWXs4.s:71     .text._ZN6BufferIcLm100EEnwEm:0000000000000000 _ZN6BufferIcLm100EEnwEm
     /tmp/ccOvWXs4.s:74     .text._ZN6BufferIcLm100EEnwEm:0000000000000000 .L0 
     /tmp/ccOvWXs4.s:76     .text._ZN6BufferIcLm100EEnwEm:0000000000000000 .L0 
     /tmp/ccOvWXs4.s:77     .text._ZN6BufferIcLm100EEnwEm:0000000000000004 .L0 
     /tmp/ccOvWXs4.s:80     .text._ZN6BufferIcLm100EEnwEm:000000000000000c .L0 
     /tmp/ccOvWXs4.s:81     .text._ZN6BufferIcLm100EEnwEm:000000000000000c .L0 
     /tmp/ccOvWXs4.s:83     .text._ZN6BufferIcLm100EEnwEm:0000000000000010 .L0 
     /tmp/ccOvWXs4.s:85     .text._ZN6BufferIcLm100EEnwEm:0000000000000010 .L0 
     /tmp/ccOvWXs4.s:88     .text._ZN6BufferIcLm100EEnwEm:0000000000000014 .L0 
     /tmp/ccOvWXs4.s:91     .text._ZN6BufferIcLm100EEnwEm:0000000000000018 .L0 
     /tmp/ccOvWXs4.s:96     .text._ZN6BufferIcLm100EEnwEm:0000000000000020 .L0 
     /tmp/ccOvWXs4.s:101    .text._ZN6BufferIcLm100EEnwEm:000000000000002c .L0 
     /tmp/ccOvWXs4.s:102    .text._ZN6BufferIcLm100EEnwEm:0000000000000030 .L0 
     /tmp/ccOvWXs4.s:104    .text._ZN6BufferIcLm100EEnwEm:0000000000000034 .L0 
     /tmp/ccOvWXs4.s:105    .text._ZN6BufferIcLm100EEnwEm:0000000000000034 .L0 
     /tmp/ccOvWXs4.s:107    .text._ZN6BufferIcLm100EEnwEm:0000000000000038 .L0 
     /tmp/ccOvWXs4.s:109    .text._ZN6BufferIcLm100EEnwEm:000000000000003c .L0 
     /tmp/ccOvWXs4.s:116    .text._ZN6BufferIcLm100EEC2Ev:0000000000000000 _ZN6BufferIcLm100EEC2Ev
     /tmp/ccOvWXs4.s:119    .text._ZN6BufferIcLm100EEC2Ev:0000000000000000 .L0 
     /tmp/ccOvWXs4.s:121    .text._ZN6BufferIcLm100EEC2Ev:0000000000000000 .L0 
     /tmp/ccOvWXs4.s:122    .text._ZN6BufferIcLm100EEC2Ev:0000000000000004 .L0 
     /tmp/ccOvWXs4.s:124    .text._ZN6BufferIcLm100EEC2Ev:0000000000000008 .L0 
     /tmp/ccOvWXs4.s:126    .text._ZN6BufferIcLm100EEC2Ev:000000000000000c .L0 
     /tmp/ccOvWXs4.s:129    .text._ZN6BufferIcLm100EEC2Ev:000000000000000c .L0 
     /tmp/ccOvWXs4.s:135    .text._ZN6BufferIcLm100EEC2Ev:0000000000000018 .L0 
     /tmp/ccOvWXs4.s:139    .text._ZN6BufferIcLm100EEC2Ev:000000000000001c .L0 
     /tmp/ccOvWXs4.s:142    .text._ZN6BufferIcLm100EEC2Ev:0000000000000024 .L0 
     /tmp/ccOvWXs4.s:146    .text._ZN6BufferIcLm100EEC2Ev:0000000000000030 .L0 
     /tmp/ccOvWXs4.s:153    .text._ZN6BufferIcLm100EEC2Ev:0000000000000038 .L0 
     /tmp/ccOvWXs4.s:154    .text._ZN6BufferIcLm100EEC2Ev:000000000000003c .L0 
GAS LISTING /tmp/ccOvWXs4.s 			page 31


     /tmp/ccOvWXs4.s:155    .text._ZN6BufferIcLm100EEC2Ev:000000000000003c .L0 
     /tmp/ccOvWXs4.s:157    .text._ZN6BufferIcLm100EEC2Ev:0000000000000040 .L0 
     /tmp/ccOvWXs4.s:159    .text._ZN6BufferIcLm100EEC2Ev:0000000000000044 .L0 
     /tmp/ccOvWXs4.s:116    .text._ZN6BufferIcLm100EEC2Ev:0000000000000000 _ZN6BufferIcLm100EEC1Ev
     /tmp/ccOvWXs4.s:168    .text._ZN5QueueI3TCBEnwEm:0000000000000000 _ZN5QueueI3TCBEnwEm
     /tmp/ccOvWXs4.s:172    .text._ZN5QueueI3TCBEnwEm:0000000000000000 .L0 
     /tmp/ccOvWXs4.s:174    .text._ZN5QueueI3TCBEnwEm:0000000000000000 .L0 
     /tmp/ccOvWXs4.s:175    .text._ZN5QueueI3TCBEnwEm:0000000000000004 .L0 
     /tmp/ccOvWXs4.s:178    .text._ZN5QueueI3TCBEnwEm:000000000000000c .L0 
     /tmp/ccOvWXs4.s:179    .text._ZN5QueueI3TCBEnwEm:000000000000000c .L0 
     /tmp/ccOvWXs4.s:181    .text._ZN5QueueI3TCBEnwEm:0000000000000010 .L0 
     /tmp/ccOvWXs4.s:183    .text._ZN5QueueI3TCBEnwEm:0000000000000010 .L0 
     /tmp/ccOvWXs4.s:186    .text._ZN5QueueI3TCBEnwEm:0000000000000014 .L0 
     /tmp/ccOvWXs4.s:189    .text._ZN5QueueI3TCBEnwEm:0000000000000018 .L0 
     /tmp/ccOvWXs4.s:194    .text._ZN5QueueI3TCBEnwEm:0000000000000020 .L0 
     /tmp/ccOvWXs4.s:199    .text._ZN5QueueI3TCBEnwEm:000000000000002c .L0 
     /tmp/ccOvWXs4.s:200    .text._ZN5QueueI3TCBEnwEm:0000000000000030 .L0 
     /tmp/ccOvWXs4.s:202    .text._ZN5QueueI3TCBEnwEm:0000000000000034 .L0 
     /tmp/ccOvWXs4.s:203    .text._ZN5QueueI3TCBEnwEm:0000000000000034 .L0 
     /tmp/ccOvWXs4.s:205    .text._ZN5QueueI3TCBEnwEm:0000000000000038 .L0 
     /tmp/ccOvWXs4.s:207    .text._ZN5QueueI3TCBEnwEm:000000000000003c .L0 
     /tmp/ccOvWXs4.s:213    .text:0000000000000000 _Z41__static_initialization_and_destruction_0ii
     /tmp/ccOvWXs4.s:217    .text:0000000000000000 .L0 
     /tmp/ccOvWXs4.s:219    .text:0000000000000000 .L0 
     /tmp/ccOvWXs4.s:225    .text:000000000000000c .L0 
     /tmp/ccOvWXs4.s:229    .text:0000000000000018 .L0 
     /tmp/ccOvWXs4.s:230    .text:000000000000001c .L0 
     /tmp/ccOvWXs4.s:235    .text:000000000000002c .L0 
     /tmp/ccOvWXs4.s:236    .text:000000000000002c .L0 
     /tmp/ccOvWXs4.s:237    .text:000000000000002c .L0 
     /tmp/ccOvWXs4.s:238    .text:000000000000002c .L0 
     /tmp/ccOvWXs4.s:240    .text:0000000000000030 .L0 
     /tmp/ccOvWXs4.s:242    .text:0000000000000030 .L0 
     /tmp/ccOvWXs4.s:250    .text:0000000000000048 .L0 
     /tmp/ccOvWXs4.s:253    .text:0000000000000054 .L0 
     /tmp/ccOvWXs4.s:260    .text:000000000000006c .L0 
     /tmp/ccOvWXs4.s:262    .text:0000000000000070 .L0 
     /tmp/ccOvWXs4.s:268    .text:0000000000000084 .L0 
     /tmp/ccOvWXs4.s:270    .text:0000000000000088 .L0 
     /tmp/ccOvWXs4.s:276    .text:000000000000009c .L0 
     /tmp/ccOvWXs4.s:278    .text:00000000000000a0 .L0 
     /tmp/ccOvWXs4.s:279    .text:00000000000000a4 .L0 
     /tmp/ccOvWXs4.s:281    .text:00000000000000a8 .L0 
     /tmp/ccOvWXs4.s:282    .text:00000000000000a8 .L0 
     /tmp/ccOvWXs4.s:284    .text:00000000000000ac .L0 
     /tmp/ccOvWXs4.s:286    .text:00000000000000b0 .L0 
     /tmp/ccOvWXs4.s:288    .text:00000000000000b4 .L0 
     /tmp/ccOvWXs4.s:290    .text:00000000000000b8 .L0 
     /tmp/ccOvWXs4.s:297    .text._ZN5QueueI3TCBE6appendEPS0_:0000000000000000 _ZN5QueueI3TCBE6appendEPS0_
     /tmp/ccOvWXs4.s:300    .text._ZN5QueueI3TCBE6appendEPS0_:0000000000000000 .L0 
     /tmp/ccOvWXs4.s:302    .text._ZN5QueueI3TCBE6appendEPS0_:0000000000000000 .L0 
     /tmp/ccOvWXs4.s:303    .text._ZN5QueueI3TCBE6appendEPS0_:0000000000000004 .L0 
     /tmp/ccOvWXs4.s:305    .text._ZN5QueueI3TCBE6appendEPS0_:0000000000000008 .L0 
     /tmp/ccOvWXs4.s:307    .text._ZN5QueueI3TCBE6appendEPS0_:000000000000000c .L0 
     /tmp/ccOvWXs4.s:309    .text._ZN5QueueI3TCBE6appendEPS0_:000000000000000c .L0 
     /tmp/ccOvWXs4.s:311    .text._ZN5QueueI3TCBE6appendEPS0_:0000000000000010 .L0 
     /tmp/ccOvWXs4.s:313    .text._ZN5QueueI3TCBE6appendEPS0_:0000000000000014 .L0 
GAS LISTING /tmp/ccOvWXs4.s 			page 32


     /tmp/ccOvWXs4.s:319    .text._ZN5QueueI3TCBE6appendEPS0_:0000000000000018 .L0 
     /tmp/ccOvWXs4.s:320    .text._ZN5QueueI3TCBE6appendEPS0_:0000000000000018 .L0 
     /tmp/ccOvWXs4.s:326    .text._ZN5QueueI3TCBE6appendEPS0_:000000000000001c .L0 
     /tmp/ccOvWXs4.s:328    .text._ZN5QueueI3TCBE6appendEPS0_:0000000000000020 .L0 
     /tmp/ccOvWXs4.s:329    .text._ZN5QueueI3TCBE6appendEPS0_:0000000000000024 .L0 
     /tmp/ccOvWXs4.s:330    .text._ZN5QueueI3TCBE6appendEPS0_:0000000000000024 .L0 
     /tmp/ccOvWXs4.s:331    .text._ZN5QueueI3TCBE6appendEPS0_:0000000000000024 .L0 
     /tmp/ccOvWXs4.s:333    .text._ZN5QueueI3TCBE6appendEPS0_:0000000000000028 .L0 
     /tmp/ccOvWXs4.s:336    .text._ZN5QueueI3TCBE6appendEPS0_:000000000000002c .L0 
     /tmp/ccOvWXs4.s:338    .text._ZN5QueueI3TCBE6appendEPS0_:000000000000002c .L0 
     /tmp/ccOvWXs4.s:340    .text._ZN5QueueI3TCBE6appendEPS0_:0000000000000034 .L0 
     /tmp/ccOvWXs4.s:347    .text:00000000000000b8 _ZN8KConsole25addThreadToInputWaitQueueEP3TCB
     /tmp/ccOvWXs4.s:350    .text:00000000000000b8 .L0 
     /tmp/ccOvWXs4.s:352    .text:00000000000000b8 .L0 
     /tmp/ccOvWXs4.s:353    .text:00000000000000bc .L0 
     /tmp/ccOvWXs4.s:356    .text:00000000000000c4 .L0 
     /tmp/ccOvWXs4.s:357    .text:00000000000000c4 .L0 
     /tmp/ccOvWXs4.s:359    .text:00000000000000c8 .L0 
     /tmp/ccOvWXs4.s:362    .text:00000000000000cc .L0 
     /tmp/ccOvWXs4.s:363    .text:00000000000000cc .L0 
     /tmp/ccOvWXs4.s:368    .text:00000000000000dc .L0 
     /tmp/ccOvWXs4.s:369    .text:00000000000000e0 .L0 
     /tmp/ccOvWXs4.s:371    .text:00000000000000e4 .L0 
     /tmp/ccOvWXs4.s:372    .text:00000000000000e4 .L0 
     /tmp/ccOvWXs4.s:374    .text:00000000000000e8 .L0 
     /tmp/ccOvWXs4.s:376    .text:00000000000000ec .L0 
     /tmp/ccOvWXs4.s:382    .text:00000000000000ec _ZN8KConsole26addThreadToOutputWaitQueueEP3TCB
     /tmp/ccOvWXs4.s:385    .text:00000000000000ec .L0 
     /tmp/ccOvWXs4.s:387    .text:00000000000000ec .L0 
     /tmp/ccOvWXs4.s:388    .text:00000000000000f0 .L0 
     /tmp/ccOvWXs4.s:391    .text:00000000000000f8 .L0 
     /tmp/ccOvWXs4.s:392    .text:00000000000000f8 .L0 
     /tmp/ccOvWXs4.s:394    .text:00000000000000fc .L0 
     /tmp/ccOvWXs4.s:397    .text:0000000000000100 .L0 
     /tmp/ccOvWXs4.s:398    .text:0000000000000100 .L0 
     /tmp/ccOvWXs4.s:403    .text:0000000000000110 .L0 
     /tmp/ccOvWXs4.s:404    .text:0000000000000114 .L0 
     /tmp/ccOvWXs4.s:406    .text:0000000000000118 .L0 
     /tmp/ccOvWXs4.s:407    .text:0000000000000118 .L0 
     /tmp/ccOvWXs4.s:409    .text:000000000000011c .L0 
     /tmp/ccOvWXs4.s:411    .text:0000000000000120 .L0 
     /tmp/ccOvWXs4.s:418    .text._ZN5QueueI3TCBE4takeEv:0000000000000000 _ZN5QueueI3TCBE4takeEv
     /tmp/ccOvWXs4.s:421    .text._ZN5QueueI3TCBE4takeEv:0000000000000000 .L0 
     /tmp/ccOvWXs4.s:423    .text._ZN5QueueI3TCBE4takeEv:0000000000000000 .L0 
     /tmp/ccOvWXs4.s:424    .text._ZN5QueueI3TCBE4takeEv:0000000000000004 .L0 
     /tmp/ccOvWXs4.s:426    .text._ZN5QueueI3TCBE4takeEv:0000000000000008 .L0 
     /tmp/ccOvWXs4.s:428    .text._ZN5QueueI3TCBE4takeEv:000000000000000c .L0 
     /tmp/ccOvWXs4.s:431    .text._ZN5QueueI3TCBE4takeEv:0000000000000010 .L0 
     /tmp/ccOvWXs4.s:434    .text._ZN5QueueI3TCBE4takeEv:0000000000000014 .L0 
     /tmp/ccOvWXs4.s:439    .text._ZN5QueueI3TCBE4takeEv:0000000000000018 .L0 
     /tmp/ccOvWXs4.s:440    .text._ZN5QueueI3TCBE4takeEv:0000000000000018 .L0 
     /tmp/ccOvWXs4.s:445    .text._ZN5QueueI3TCBE4takeEv:000000000000001c .L0 
     /tmp/ccOvWXs4.s:447    .text._ZN5QueueI3TCBE4takeEv:0000000000000020 .L0 
     /tmp/ccOvWXs4.s:451    .text._ZN5QueueI3TCBE4takeEv:0000000000000024 .L0 
     /tmp/ccOvWXs4.s:452    .text._ZN5QueueI3TCBE4takeEv:0000000000000028 .L0 
     /tmp/ccOvWXs4.s:453    .text._ZN5QueueI3TCBE4takeEv:0000000000000028 .L0 
     /tmp/ccOvWXs4.s:454    .text._ZN5QueueI3TCBE4takeEv:0000000000000028 .L0 
GAS LISTING /tmp/ccOvWXs4.s 			page 33


     /tmp/ccOvWXs4.s:456    .text._ZN5QueueI3TCBE4takeEv:000000000000002c .L0 
     /tmp/ccOvWXs4.s:460    .text._ZN5QueueI3TCBE4takeEv:0000000000000030 .L0 
     /tmp/ccOvWXs4.s:462    .text._ZN5QueueI3TCBE4takeEv:0000000000000030 .L0 
     /tmp/ccOvWXs4.s:464    .text._ZN5QueueI3TCBE4takeEv:0000000000000038 .L0 
     /tmp/ccOvWXs4.s:471    .text:0000000000000120 _ZN8KConsole30removeThreadFromInputWaitQueueEv
     /tmp/ccOvWXs4.s:474    .text:0000000000000120 .L0 
     /tmp/ccOvWXs4.s:475    .text:0000000000000120 .L0 
     /tmp/ccOvWXs4.s:476    .text:0000000000000124 .L0 
     /tmp/ccOvWXs4.s:479    .text:000000000000012c .L0 
     /tmp/ccOvWXs4.s:480    .text:000000000000012c .L0 
     /tmp/ccOvWXs4.s:482    .text:0000000000000130 .L0 
     /tmp/ccOvWXs4.s:484    .text:0000000000000130 .L0 
     /tmp/ccOvWXs4.s:485    .text:0000000000000130 .L0 
     /tmp/ccOvWXs4.s:489    .text:0000000000000140 .L0 
     /tmp/ccOvWXs4.s:494    .text:0000000000000144 .L0 
     /tmp/ccOvWXs4.s:495    .text:0000000000000144 .L0 
     /tmp/ccOvWXs4.s:496    .text:0000000000000144 .L0 
     /tmp/ccOvWXs4.s:501    .text:0000000000000148 .L0 
     /tmp/ccOvWXs4.s:502    .text:0000000000000148 .L0 
     /tmp/ccOvWXs4.s:506    .text:0000000000000150 .L0 
     /tmp/ccOvWXs4.s:507    .text:0000000000000154 .L0 
     /tmp/ccOvWXs4.s:509    .text:0000000000000158 .L0 
     /tmp/ccOvWXs4.s:510    .text:0000000000000158 .L0 
     /tmp/ccOvWXs4.s:512    .text:000000000000015c .L0 
     /tmp/ccOvWXs4.s:514    .text:0000000000000160 .L0 
     /tmp/ccOvWXs4.s:520    .text:0000000000000160 _ZN8KConsole31removeThreadFromOutputWaitQueueEv
     /tmp/ccOvWXs4.s:523    .text:0000000000000160 .L0 
     /tmp/ccOvWXs4.s:524    .text:0000000000000160 .L0 
     /tmp/ccOvWXs4.s:525    .text:0000000000000164 .L0 
     /tmp/ccOvWXs4.s:528    .text:000000000000016c .L0 
     /tmp/ccOvWXs4.s:529    .text:000000000000016c .L0 
     /tmp/ccOvWXs4.s:531    .text:0000000000000170 .L0 
     /tmp/ccOvWXs4.s:533    .text:0000000000000170 .L0 
     /tmp/ccOvWXs4.s:534    .text:0000000000000170 .L0 
     /tmp/ccOvWXs4.s:538    .text:0000000000000180 .L0 
     /tmp/ccOvWXs4.s:543    .text:0000000000000184 .L0 
     /tmp/ccOvWXs4.s:544    .text:0000000000000184 .L0 
     /tmp/ccOvWXs4.s:545    .text:0000000000000184 .L0 
     /tmp/ccOvWXs4.s:550    .text:0000000000000188 .L0 
     /tmp/ccOvWXs4.s:551    .text:0000000000000188 .L0 
     /tmp/ccOvWXs4.s:555    .text:0000000000000190 .L0 
     /tmp/ccOvWXs4.s:556    .text:0000000000000194 .L0 
     /tmp/ccOvWXs4.s:558    .text:0000000000000198 .L0 
     /tmp/ccOvWXs4.s:559    .text:0000000000000198 .L0 
     /tmp/ccOvWXs4.s:561    .text:000000000000019c .L0 
     /tmp/ccOvWXs4.s:563    .text:00000000000001a0 .L0 
     /tmp/ccOvWXs4.s:570    .text._ZN6BufferIcLm100EE4takeEv:0000000000000000 _ZN6BufferIcLm100EE4takeEv
     /tmp/ccOvWXs4.s:573    .text._ZN6BufferIcLm100EE4takeEv:0000000000000000 .L0 
     /tmp/ccOvWXs4.s:575    .text._ZN6BufferIcLm100EE4takeEv:0000000000000000 .L0 
     /tmp/ccOvWXs4.s:576    .text._ZN6BufferIcLm100EE4takeEv:0000000000000004 .L0 
     /tmp/ccOvWXs4.s:578    .text._ZN6BufferIcLm100EE4takeEv:0000000000000008 .L0 
     /tmp/ccOvWXs4.s:580    .text._ZN6BufferIcLm100EE4takeEv:000000000000000c .L0 
     /tmp/ccOvWXs4.s:582    .text._ZN6BufferIcLm100EE4takeEv:000000000000000c .L0 
     /tmp/ccOvWXs4.s:584    .text._ZN6BufferIcLm100EE4takeEv:0000000000000010 .L0 
     /tmp/ccOvWXs4.s:587    .text._ZN6BufferIcLm100EE4takeEv:0000000000000018 .L0 
     /tmp/ccOvWXs4.s:590    .text._ZN6BufferIcLm100EE4takeEv:0000000000000020 .L0 
     /tmp/ccOvWXs4.s:592    .text._ZN6BufferIcLm100EE4takeEv:0000000000000024 .L0 
GAS LISTING /tmp/ccOvWXs4.s 			page 34


     /tmp/ccOvWXs4.s:597    .text._ZN6BufferIcLm100EE4takeEv:0000000000000030 .L0 
     /tmp/ccOvWXs4.s:599    .text._ZN6BufferIcLm100EE4takeEv:0000000000000034 .L0 
     /tmp/ccOvWXs4.s:602    .text._ZN6BufferIcLm100EE4takeEv:000000000000003c .L0 
     /tmp/ccOvWXs4.s:606    .text._ZN6BufferIcLm100EE4takeEv:0000000000000040 .L0 
     /tmp/ccOvWXs4.s:607    .text._ZN6BufferIcLm100EE4takeEv:0000000000000044 .L0 
     /tmp/ccOvWXs4.s:608    .text._ZN6BufferIcLm100EE4takeEv:0000000000000044 .L0 
     /tmp/ccOvWXs4.s:609    .text._ZN6BufferIcLm100EE4takeEv:0000000000000044 .L0 
     /tmp/ccOvWXs4.s:611    .text._ZN6BufferIcLm100EE4takeEv:0000000000000048 .L0 
     /tmp/ccOvWXs4.s:615    .text._ZN6BufferIcLm100EE4takeEv:000000000000004c .L0 
     /tmp/ccOvWXs4.s:617    .text._ZN6BufferIcLm100EE4takeEv:000000000000004c .L0 
     /tmp/ccOvWXs4.s:620    .text._ZN6BufferIcLm100EE4takeEv:0000000000000054 .L0 
     /tmp/ccOvWXs4.s:627    .text:00000000000001a0 _ZN8KConsole22getCharFromInputBufferEv
     /tmp/ccOvWXs4.s:630    .text:00000000000001a0 .L0 
     /tmp/ccOvWXs4.s:631    .text:00000000000001a0 .L0 
     /tmp/ccOvWXs4.s:632    .text:00000000000001a4 .L0 
     /tmp/ccOvWXs4.s:635    .text:00000000000001ac .L0 
     /tmp/ccOvWXs4.s:636    .text:00000000000001ac .L0 
     /tmp/ccOvWXs4.s:638    .text:00000000000001b0 .L0 
     /tmp/ccOvWXs4.s:640    .text:00000000000001b0 .L0 
     /tmp/ccOvWXs4.s:641    .text:00000000000001b0 .L0 
     /tmp/ccOvWXs4.s:645    .text:00000000000001c0 .L0 
     /tmp/ccOvWXs4.s:647    .text:00000000000001c8 .L0 
     /tmp/ccOvWXs4.s:649    .text:00000000000001cc .L0 
     /tmp/ccOvWXs4.s:650    .text:00000000000001cc .L0 
     /tmp/ccOvWXs4.s:652    .text:00000000000001d0 .L0 
     /tmp/ccOvWXs4.s:654    .text:00000000000001d4 .L0 
     /tmp/ccOvWXs4.s:660    .text:00000000000001d4 _ZN8KConsole19consumeOutputBufferEPv
     /tmp/ccOvWXs4.s:663    .text:00000000000001d4 .L0 
     /tmp/ccOvWXs4.s:664    .text:00000000000001d4 .L0 
     /tmp/ccOvWXs4.s:665    .text:00000000000001d8 .L0 
     /tmp/ccOvWXs4.s:670    .text:00000000000001e8 .L0 
     /tmp/ccOvWXs4.s:671    .text:00000000000001e8 .L0 
     /tmp/ccOvWXs4.s:672    .text:00000000000001e8 .L0 
     /tmp/ccOvWXs4.s:673    .text:00000000000001e8 .L0 
     /tmp/ccOvWXs4.s:675    .text:00000000000001ec .L0 
     /tmp/ccOvWXs4.s:680    .text:00000000000001f0 .L0 
     /tmp/ccOvWXs4.s:681    .text:00000000000001f0 .L0 
     /tmp/ccOvWXs4.s:688    .text:0000000000000200 .L0 
     /tmp/ccOvWXs4.s:689    .text:0000000000000200 .L0 
     /tmp/ccOvWXs4.s:690    .text:0000000000000200 .L0 
     /tmp/ccOvWXs4.s:696    .text:000000000000020c .L0 
     /tmp/ccOvWXs4.s:697    .text:000000000000020c .L0 
     /tmp/ccOvWXs4.s:702    .text:0000000000000214 .L0 
     /tmp/ccOvWXs4.s:703    .text:0000000000000214 .L0 
     /tmp/ccOvWXs4.s:710    .text:0000000000000218 .L0 
     /tmp/ccOvWXs4.s:711    .text:0000000000000218 .L0 
     /tmp/ccOvWXs4.s:712    .text:0000000000000218 .L0 
     /tmp/ccOvWXs4.s:719    .text:000000000000021c .L0 
     /tmp/ccOvWXs4.s:723    .text:000000000000021c .L0 
     /tmp/ccOvWXs4.s:727    .text:000000000000021c .L0 
     /tmp/ccOvWXs4.s:730    .text:000000000000021c .L0 
     /tmp/ccOvWXs4.s:731    .text:000000000000021c .L0 
     /tmp/ccOvWXs4.s:738    .text:000000000000022c .L0 
     /tmp/ccOvWXs4.s:739    .text:000000000000022c .L0 
     /tmp/ccOvWXs4.s:740    .text:000000000000022c .L0 
     /tmp/ccOvWXs4.s:742    .text:000000000000022c .L0 
     /tmp/ccOvWXs4.s:743    .text:000000000000022c .L0 
GAS LISTING /tmp/ccOvWXs4.s 			page 35


     /tmp/ccOvWXs4.s:744    .text:000000000000022c .L0 
     /tmp/ccOvWXs4.s:747    .text:0000000000000234 .L0 
     /tmp/ccOvWXs4.s:750    .text:0000000000000238 .L0 
     /tmp/ccOvWXs4.s:751    .text:0000000000000238 .L0 
     /tmp/ccOvWXs4.s:752    .text:0000000000000238 .L0 
     /tmp/ccOvWXs4.s:756    .text:0000000000000248 .L0 
     /tmp/ccOvWXs4.s:758    .text:000000000000024c .L0 
     /tmp/ccOvWXs4.s:760    .text:0000000000000250 .L0 
     /tmp/ccOvWXs4.s:761    .text:0000000000000250 .L0 
     /tmp/ccOvWXs4.s:763    .text:0000000000000254 .L0 
    src/KConsole.cpp:107    .text:0000000000000260 .L0 
     /tmp/ccOvWXs4.s:771    .text:0000000000000264 .L0 
     /tmp/ccOvWXs4.s:773    .text:0000000000000264 .L0 
    src/KConsole.cpp:108    .text:0000000000000270 .L0 
     /tmp/ccOvWXs4.s:783    .text:0000000000000278 .L0 
     /tmp/ccOvWXs4.s:784    .text:0000000000000278 .L0 
     /tmp/ccOvWXs4.s:787    .text:0000000000000280 .L0 
     /tmp/ccOvWXs4.s:788    .text:0000000000000280 .L0 
     /tmp/ccOvWXs4.s:791    .text:0000000000000288 .L0 
     /tmp/ccOvWXs4.s:794    .text:0000000000000290 .L0 
     /tmp/ccOvWXs4.s:798    .text:00000000000002a0 .L0 
     /tmp/ccOvWXs4.s:801    .text:00000000000002a8 .L0 
     /tmp/ccOvWXs4.s:808    .text._ZN6BufferIcLm100EE6appendEPc:0000000000000000 _ZN6BufferIcLm100EE6appendEPc
     /tmp/ccOvWXs4.s:811    .text._ZN6BufferIcLm100EE6appendEPc:0000000000000000 .L0 
     /tmp/ccOvWXs4.s:813    .text._ZN6BufferIcLm100EE6appendEPc:0000000000000000 .L0 
     /tmp/ccOvWXs4.s:814    .text._ZN6BufferIcLm100EE6appendEPc:0000000000000004 .L0 
     /tmp/ccOvWXs4.s:816    .text._ZN6BufferIcLm100EE6appendEPc:0000000000000008 .L0 
     /tmp/ccOvWXs4.s:818    .text._ZN6BufferIcLm100EE6appendEPc:000000000000000c .L0 
     /tmp/ccOvWXs4.s:820    .text._ZN6BufferIcLm100EE6appendEPc:000000000000000c .L0 
     /tmp/ccOvWXs4.s:822    .text._ZN6BufferIcLm100EE6appendEPc:0000000000000010 .L0 
     /tmp/ccOvWXs4.s:825    .text._ZN6BufferIcLm100EE6appendEPc:0000000000000018 .L0 
     /tmp/ccOvWXs4.s:828    .text._ZN6BufferIcLm100EE6appendEPc:0000000000000020 .L0 
     /tmp/ccOvWXs4.s:830    .text._ZN6BufferIcLm100EE6appendEPc:0000000000000024 .L0 
     /tmp/ccOvWXs4.s:834    .text._ZN6BufferIcLm100EE6appendEPc:0000000000000030 .L0 
     /tmp/ccOvWXs4.s:836    .text._ZN6BufferIcLm100EE6appendEPc:0000000000000034 .L0 
     /tmp/ccOvWXs4.s:839    .text._ZN6BufferIcLm100EE6appendEPc:000000000000003c .L0 
     /tmp/ccOvWXs4.s:841    .text._ZN6BufferIcLm100EE6appendEPc:0000000000000040 .L0 
     /tmp/ccOvWXs4.s:845    .text._ZN6BufferIcLm100EE6appendEPc:0000000000000044 .L0 
     /tmp/ccOvWXs4.s:846    .text._ZN6BufferIcLm100EE6appendEPc:0000000000000048 .L0 
     /tmp/ccOvWXs4.s:847    .text._ZN6BufferIcLm100EE6appendEPc:0000000000000048 .L0 
     /tmp/ccOvWXs4.s:848    .text._ZN6BufferIcLm100EE6appendEPc:0000000000000048 .L0 
     /tmp/ccOvWXs4.s:850    .text._ZN6BufferIcLm100EE6appendEPc:000000000000004c .L0 
     /tmp/ccOvWXs4.s:854    .text._ZN6BufferIcLm100EE6appendEPc:0000000000000050 .L0 
     /tmp/ccOvWXs4.s:856    .text._ZN6BufferIcLm100EE6appendEPc:0000000000000050 .L0 
     /tmp/ccOvWXs4.s:859    .text._ZN6BufferIcLm100EE6appendEPc:0000000000000058 .L0 
     /tmp/ccOvWXs4.s:866    .text:00000000000002a8 _ZN8KConsole21addCharToOutputBufferEc
     /tmp/ccOvWXs4.s:869    .text:00000000000002a8 .L0 
     /tmp/ccOvWXs4.s:871    .text:00000000000002a8 .L0 
     /tmp/ccOvWXs4.s:872    .text:00000000000002ac .L0 
     /tmp/ccOvWXs4.s:875    .text:00000000000002b4 .L0 
     /tmp/ccOvWXs4.s:876    .text:00000000000002b4 .L0 
     /tmp/ccOvWXs4.s:878    .text:00000000000002b8 .L0 
     /tmp/ccOvWXs4.s:881    .text:00000000000002bc .L0 
     /tmp/ccOvWXs4.s:882    .text:00000000000002bc .L0 
     /tmp/ccOvWXs4.s:888    .text:00000000000002d0 .L0 
     /tmp/ccOvWXs4.s:889    .text:00000000000002d4 .L0 
     /tmp/ccOvWXs4.s:891    .text:00000000000002d8 .L0 
GAS LISTING /tmp/ccOvWXs4.s 			page 36


     /tmp/ccOvWXs4.s:892    .text:00000000000002d8 .L0 
     /tmp/ccOvWXs4.s:894    .text:00000000000002dc .L0 
     /tmp/ccOvWXs4.s:896    .text:00000000000002e0 .L0 
     /tmp/ccOvWXs4.s:902    .text:00000000000002e0 _ZN8KConsole18produceInputBufferEPv
     /tmp/ccOvWXs4.s:905    .text:00000000000002e0 .L0 
     /tmp/ccOvWXs4.s:906    .text:00000000000002e0 .L0 
     /tmp/ccOvWXs4.s:907    .text:00000000000002e4 .L0 
     /tmp/ccOvWXs4.s:912    .text:00000000000002f4 .L0 
     /tmp/ccOvWXs4.s:913    .text:00000000000002f4 .L0 
     /tmp/ccOvWXs4.s:914    .text:00000000000002f4 .L0 
     /tmp/ccOvWXs4.s:915    .text:00000000000002f4 .L0 
     /tmp/ccOvWXs4.s:917    .text:00000000000002f8 .L0 
     /tmp/ccOvWXs4.s:922    .text:00000000000002fc .L0 
     /tmp/ccOvWXs4.s:923    .text:00000000000002fc .L0 
     /tmp/ccOvWXs4.s:930    .text:000000000000030c .L0 
     /tmp/ccOvWXs4.s:931    .text:000000000000030c .L0 
     /tmp/ccOvWXs4.s:932    .text:000000000000030c .L0 
     /tmp/ccOvWXs4.s:938    .text:0000000000000318 .L0 
     /tmp/ccOvWXs4.s:939    .text:0000000000000318 .L0 
     /tmp/ccOvWXs4.s:944    .text:0000000000000320 .L0 
     /tmp/ccOvWXs4.s:945    .text:0000000000000320 .L0 
     /tmp/ccOvWXs4.s:952    .text:0000000000000324 .L0 
     /tmp/ccOvWXs4.s:953    .text:0000000000000324 .L0 
     /tmp/ccOvWXs4.s:954    .text:0000000000000324 .L0 
     /tmp/ccOvWXs4.s:961    .text:0000000000000328 .L0 
     /tmp/ccOvWXs4.s:965    .text:0000000000000328 .L0 
     /tmp/ccOvWXs4.s:969    .text:0000000000000328 .L0 
     /tmp/ccOvWXs4.s:972    .text:0000000000000328 .L0 
     /tmp/ccOvWXs4.s:973    .text:0000000000000328 .L0 
     /tmp/ccOvWXs4.s:980    .text:0000000000000338 .L0 
     /tmp/ccOvWXs4.s:981    .text:0000000000000338 .L0 
     /tmp/ccOvWXs4.s:982    .text:0000000000000338 .L0 
     /tmp/ccOvWXs4.s:984    .text:0000000000000338 .L0 
     /tmp/ccOvWXs4.s:985    .text:0000000000000338 .L0 
     /tmp/ccOvWXs4.s:986    .text:0000000000000338 .L0 
     /tmp/ccOvWXs4.s:989    .text:0000000000000340 .L0 
     /tmp/ccOvWXs4.s:993    .text:0000000000000344 .L0 
     /tmp/ccOvWXs4.s:994    .text:0000000000000344 .L0 
     /tmp/ccOvWXs4.s:995    .text:0000000000000344 .L0 
    src/KConsole.cpp:126    .text:0000000000000350 .L0 
     /tmp/ccOvWXs4.s:1005   .text:0000000000000358 .L0 
     /tmp/ccOvWXs4.s:1006   .text:0000000000000358 .L0 
     /tmp/ccOvWXs4.s:1009   .text:0000000000000360 .L0 
     /tmp/ccOvWXs4.s:1010   .text:0000000000000360 .L0 
     /tmp/ccOvWXs4.s:1015   .text:0000000000000374 .L0 
     /tmp/ccOvWXs4.s:1016   .text:0000000000000374 .L0 
    src/KConsole.cpp:129    .text:0000000000000380 .L0 
     /tmp/ccOvWXs4.s:1026   .text:0000000000000388 .L0 
     /tmp/ccOvWXs4.s:1027   .text:0000000000000388 .L0 
     /tmp/ccOvWXs4.s:1031   .text:0000000000000390 .L0 
     /tmp/ccOvWXs4.s:1032   .text:0000000000000390 .L0 
     /tmp/ccOvWXs4.s:1034   .text:0000000000000394 .L0 
     /tmp/ccOvWXs4.s:1037   .text:000000000000039c .L0 
     /tmp/ccOvWXs4.s:1041   .text:00000000000003ac .L0 
     /tmp/ccOvWXs4.s:1044   .text:00000000000003b4 .L0 
     /tmp/ccOvWXs4.s:1049   .text:00000000000003b4 _GLOBAL__sub_I__ZN8KConsole11inputBufferE
     /tmp/ccOvWXs4.s:1052   .text:00000000000003b4 .L0 
GAS LISTING /tmp/ccOvWXs4.s 			page 37


     /tmp/ccOvWXs4.s:1053   .text:00000000000003b4 .L0 
     /tmp/ccOvWXs4.s:1054   .text:00000000000003b8 .L0 
     /tmp/ccOvWXs4.s:1057   .text:00000000000003c0 .L0 
     /tmp/ccOvWXs4.s:1058   .text:00000000000003c0 .L0 
     /tmp/ccOvWXs4.s:1060   .text:00000000000003c4 .L0 
     /tmp/ccOvWXs4.s:1062   .text:00000000000003c4 .L0 
     /tmp/ccOvWXs4.s:1068   .text:00000000000003dc .L0 
     /tmp/ccOvWXs4.s:1070   .text:00000000000003e0 .L0 
     /tmp/ccOvWXs4.s:1071   .text:00000000000003e0 .L0 
     /tmp/ccOvWXs4.s:1073   .text:00000000000003e4 .L0 
     /tmp/ccOvWXs4.s:1075   .text:00000000000003e8 .L0 
     /tmp/ccOvWXs4.s:1108   .bss:0000000000000020 _ZN8KConsole14producerThreadE
     /tmp/ccOvWXs4.s:1112   .bss:0000000000000028 _ZN8KConsole14consumerThreadE
     /tmp/ccOvWXs4.s:1104   .bss:0000000000000018 _ZN8KConsole15outputWaitQueueE
     /tmp/ccOvWXs4.s:1100   .bss:0000000000000010 _ZN8KConsole14inputWaitQueueE
     /tmp/ccOvWXs4.s:1096   .bss:0000000000000008 _ZN8KConsole12outputBufferE
     /tmp/ccOvWXs4.s:1092   .bss:0000000000000000 _ZN8KConsole11inputBufferE
     /tmp/ccOvWXs4.s:1089   .bss:0000000000000000 .LANCHOR0
     /tmp/ccOvWXs4.s:36     .text._ZNK6BufferIcLm100EE13isBufferEmptyEv:0000000000000020 .L0 
     /tmp/ccOvWXs4.s:67     .text._ZNK6BufferIcLm100EE12isBufferFullEv:0000000000000024 .L0 
     /tmp/ccOvWXs4.s:112    .text._ZN6BufferIcLm100EEnwEm:000000000000003c .L0 
     /tmp/ccOvWXs4.s:164    .text._ZN6BufferIcLm100EEC2Ev:0000000000000044 .L0 
     /tmp/ccOvWXs4.s:210    .text._ZN5QueueI3TCBEnwEm:000000000000003c .L0 
     /tmp/ccOvWXs4.s:1121   .text:00000000000003e8 .L0 
     /tmp/ccOvWXs4.s:343    .text._ZN5QueueI3TCBE6appendEPS0_:0000000000000034 .L0 
     /tmp/ccOvWXs4.s:467    .text._ZN5QueueI3TCBE4takeEv:0000000000000038 .L0 
     /tmp/ccOvWXs4.s:623    .text._ZN6BufferIcLm100EE4takeEv:0000000000000054 .L0 
     /tmp/ccOvWXs4.s:862    .text._ZN6BufferIcLm100EE6appendEPc:0000000000000058 .L0 
     /tmp/ccOvWXs4.s:250    .text:0000000000000048 .L0 
     /tmp/ccOvWXs4.s:363    .text:00000000000000cc .L0 
     /tmp/ccOvWXs4.s:398    .text:0000000000000100 .L0 
     /tmp/ccOvWXs4.s:485    .text:0000000000000130 .L0 
     /tmp/ccOvWXs4.s:534    .text:0000000000000170 .L0 
     /tmp/ccOvWXs4.s:641    .text:00000000000001b0 .L0 
     /tmp/ccOvWXs4.s:690    .text:0000000000000200 .L0 
     /tmp/ccOvWXs4.s:752    .text:0000000000000238 .L0 
     /tmp/ccOvWXs4.s:763    .text:0000000000000254 .L0 
     /tmp/ccOvWXs4.s:773    .text:0000000000000264 .L0 
     /tmp/ccOvWXs4.s:794    .text:0000000000000290 .L0 
     /tmp/ccOvWXs4.s:883    .text:00000000000002c0 .L0 
     /tmp/ccOvWXs4.s:932    .text:000000000000030c .L0 
     /tmp/ccOvWXs4.s:995    .text:0000000000000344 .L0 
     /tmp/ccOvWXs4.s:1011   .text:0000000000000364 .L0 
     /tmp/ccOvWXs4.s:1016   .text:0000000000000374 .L0 
     /tmp/ccOvWXs4.s:1037   .text:000000000000039c .L0 
     /tmp/ccOvWXs4.s:223    .text:000000000000000c .L21
     /tmp/ccOvWXs4.s:221    .text:0000000000000008 .L18
     /tmp/ccOvWXs4.s:504    .text:0000000000000150 .L35
     /tmp/ccOvWXs4.s:553    .text:0000000000000190 .L38
     /tmp/ccOvWXs4.s:737    .text:000000000000022c .L50
     /tmp/ccOvWXs4.s:677    .text:00000000000001f0 .L48
     /tmp/ccOvWXs4.s:748    .text:0000000000000238 .L49
     /tmp/ccOvWXs4.s:979    .text:0000000000000338 .L61
     /tmp/ccOvWXs4.s:919    .text:00000000000002fc .L59
     /tmp/ccOvWXs4.s:990    .text:0000000000000344 .L60
     /tmp/ccOvWXs4.s:93     .text._ZN6BufferIcLm100EEnwEm:0000000000000020 .L6
     /tmp/ccOvWXs4.s:149    .text._ZN6BufferIcLm100EEC2Ev:0000000000000038 .L8
GAS LISTING /tmp/ccOvWXs4.s 			page 38


     /tmp/ccOvWXs4.s:137    .text._ZN6BufferIcLm100EEC2Ev:000000000000001c .L10
     /tmp/ccOvWXs4.s:191    .text._ZN5QueueI3TCBEnwEm:0000000000000020 .L13
     /tmp/ccOvWXs4.s:335    .text._ZN5QueueI3TCBE6appendEPS0_:000000000000002c .L26
     /tmp/ccOvWXs4.s:322    .text._ZN5QueueI3TCBE6appendEPS0_:000000000000001c .L24
     /tmp/ccOvWXs4.s:449    .text._ZN5QueueI3TCBE4takeEv:0000000000000024 .L31
     /tmp/ccOvWXs4.s:459    .text._ZN5QueueI3TCBE4takeEv:0000000000000030 .L34
     /tmp/ccOvWXs4.s:614    .text._ZN6BufferIcLm100EE4takeEv:000000000000004c .L43
     /tmp/ccOvWXs4.s:604    .text._ZN6BufferIcLm100EE4takeEv:0000000000000040 .L41
     /tmp/ccOvWXs4.s:853    .text._ZN6BufferIcLm100EE6appendEPc:0000000000000050 .L54
     /tmp/ccOvWXs4.s:843    .text._ZN6BufferIcLm100EE6appendEPc:0000000000000044 .L53
     /tmp/ccOvWXs4.s:3724   .debug_abbrev:0000000000000000 .Ldebug_abbrev0
     /tmp/ccOvWXs4.s:6050   .debug_str:0000000000000fcc .LASF248
     /tmp/ccOvWXs4.s:6066   .debug_str:0000000000001123 .LASF249
     /tmp/ccOvWXs4.s:6126   .debug_str:00000000000013d3 .LASF250
     /tmp/ccOvWXs4.s:5600   .debug_ranges:0000000000000000 .Ldebug_ranges0
     /tmp/ccOvWXs4.s:5640   .debug_line:0000000000000000 .Ldebug_line0
     /tmp/ccOvWXs4.s:5802   .debug_str:0000000000000604 .LASF0
     /tmp/ccOvWXs4.s:5838   .debug_str:0000000000000737 .LASF1
     /tmp/ccOvWXs4.s:5964   .debug_str:0000000000000c7b .LASF2
     /tmp/ccOvWXs4.s:5742   .debug_str:0000000000000426 .LASF3
     /tmp/ccOvWXs4.s:5978   .debug_str:0000000000000d0b .LASF4
     /tmp/ccOvWXs4.s:5816   .debug_str:0000000000000680 .LASF5
     /tmp/ccOvWXs4.s:5660   .debug_str:00000000000000a5 .LASF6
     /tmp/ccOvWXs4.s:5928   .debug_str:0000000000000abf .LASF7
     /tmp/ccOvWXs4.s:5826   .debug_str:00000000000006cf .LASF8
     /tmp/ccOvWXs4.s:5768   .debug_str:0000000000000502 .LASF9
     /tmp/ccOvWXs4.s:5778   .debug_str:0000000000000541 .LASF10
     /tmp/ccOvWXs4.s:5694   .debug_str:0000000000000208 .LASF11
     /tmp/ccOvWXs4.s:5754   .debug_str:00000000000004ad .LASF12
     /tmp/ccOvWXs4.s:5708   .debug_str:00000000000002b6 .LASF13
     /tmp/ccOvWXs4.s:5692   .debug_str:00000000000001f8 .LASF14
     /tmp/ccOvWXs4.s:6016   .debug_str:0000000000000e9e .LASF15
     /tmp/ccOvWXs4.s:5734   .debug_str:00000000000003dc .LASF16
     /tmp/ccOvWXs4.s:6004   .debug_str:0000000000000e19 .LASF17
     /tmp/ccOvWXs4.s:5918   .debug_str:0000000000000a48 .LASF22
     /tmp/ccOvWXs4.s:5962   .debug_str:0000000000000c71 .LASF35
     /tmp/ccOvWXs4.s:5812   .debug_str:000000000000066a .LASF18
     /tmp/ccOvWXs4.s:5870   .debug_str:00000000000008a2 .LASF19
     /tmp/ccOvWXs4.s:5818   .debug_str:0000000000000692 .LASF20
     /tmp/ccOvWXs4.s:5888   .debug_str:0000000000000951 .LASF21
     /tmp/ccOvWXs4.s:5668   .debug_str:0000000000000104 .LASF23
     /tmp/ccOvWXs4.s:5956   .debug_str:0000000000000c20 .LASF24
     /tmp/ccOvWXs4.s:5968   .debug_str:0000000000000c94 .LASF70
     /tmp/ccOvWXs4.s:6092   .debug_str:000000000000125d .LASF71
     /tmp/ccOvWXs4.s:6104   .debug_str:00000000000012f0 .LASF25
     /tmp/ccOvWXs4.s:5670   .debug_str:000000000000011d .LASF27
     /tmp/ccOvWXs4.s:5966   .debug_str:0000000000000c89 .LASF26
     /tmp/ccOvWXs4.s:5700   .debug_str:000000000000024c .LASF28
     /tmp/ccOvWXs4.s:5752   .debug_str:0000000000000499 .LASF29
     /tmp/ccOvWXs4.s:5744   .debug_str:000000000000042c .LASF31
     /tmp/ccOvWXs4.s:6044   .debug_str:0000000000000fa4 .LASF30
     /tmp/ccOvWXs4.s:5892   .debug_str:000000000000097e .LASF32
     /tmp/ccOvWXs4.s:5948   .debug_str:0000000000000bc8 .LASF33
     /tmp/ccOvWXs4.s:6022   .debug_str:0000000000000ec9 .LASF34
     /tmp/ccOvWXs4.s:5654   .debug_str:0000000000000059 .LASF36
     /tmp/ccOvWXs4.s:5792   .debug_str:00000000000005a1 .LASF37
     /tmp/ccOvWXs4.s:6086   .debug_str:000000000000122c .LASF38
GAS LISTING /tmp/ccOvWXs4.s 			page 39


     /tmp/ccOvWXs4.s:5680   .debug_str:0000000000000190 .LASF39
     /tmp/ccOvWXs4.s:5732   .debug_str:00000000000003d0 .LASF40
     /tmp/ccOvWXs4.s:5930   .debug_str:0000000000000ad2 .LASF42
     /tmp/ccOvWXs4.s:5738   .debug_str:0000000000000413 .LASF46
     /tmp/ccOvWXs4.s:6102   .debug_str:00000000000012b9 .LASF48
     /tmp/ccOvWXs4.s:6150   .debug_str:0000000000001519 .LASF41
     /tmp/ccOvWXs4.s:5846   .debug_str:0000000000000773 .LASF43
     /tmp/ccOvWXs4.s:5808   .debug_str:0000000000000646 .LASF44
     /tmp/ccOvWXs4.s:6078   .debug_str:000000000000119e .LASF45
     /tmp/ccOvWXs4.s:5994   .debug_str:0000000000000dc3 .LASF47
     /tmp/ccOvWXs4.s:5850   .debug_str:00000000000007b6 .LASF49
     /tmp/ccOvWXs4.s:5830   .debug_str:00000000000006fe .LASF178
     /tmp/ccOvWXs4.s:6030   .debug_str:0000000000000f14 .LASF180
     /tmp/ccOvWXs4.s:5866   .debug_str:0000000000000888 .LASF50
     /tmp/ccOvWXs4.s:6062   .debug_str:0000000000001103 .LASF251
     /tmp/ccOvWXs4.s:6096   .debug_str:000000000000128f .LASF51
     /tmp/ccOvWXs4.s:5686   .debug_str:00000000000001b2 .LASF52
     /tmp/ccOvWXs4.s:6072   .debug_str:000000000000115d .LASF53
     /tmp/ccOvWXs4.s:6048   .debug_str:0000000000000fb9 .LASF54
     /tmp/ccOvWXs4.s:6006   .debug_str:0000000000000e2f .LASF55
     /tmp/ccOvWXs4.s:5926   .debug_str:0000000000000aa5 .LASF56
     /tmp/ccOvWXs4.s:5886   .debug_str:0000000000000945 .LASF59
     /tmp/ccOvWXs4.s:5720   .debug_str:000000000000036d .LASF57
     /tmp/ccOvWXs4.s:5644   .debug_str:0000000000000011 .LASF58
     /tmp/ccOvWXs4.s:5780   .debug_str:000000000000054f .LASF60
     /tmp/ccOvWXs4.s:5688   .debug_str:00000000000001cc .LASF61
     /tmp/ccOvWXs4.s:6100   .debug_str:00000000000012ad .LASF62
     /tmp/ccOvWXs4.s:5814   .debug_str:0000000000000673 .LASF252
     /tmp/ccOvWXs4.s:5946   .debug_str:0000000000000baf .LASF63
     /tmp/ccOvWXs4.s:6084   .debug_str:0000000000001214 .LASF64
     /tmp/ccOvWXs4.s:5858   .debug_str:000000000000083b .LASF65
     /tmp/ccOvWXs4.s:6082   .debug_str:0000000000001201 .LASF66
     /tmp/ccOvWXs4.s:5860   .debug_str:000000000000084d .LASF67
     /tmp/ccOvWXs4.s:5876   .debug_str:00000000000008dd .LASF68
     /tmp/ccOvWXs4.s:6058   .debug_str:00000000000010e5 .LASF69
     /tmp/ccOvWXs4.s:5936   .debug_str:0000000000000b2c .LASF72
     /tmp/ccOvWXs4.s:6154   .debug_str:0000000000001538 .LASF73
     /tmp/ccOvWXs4.s:6076   .debug_str:0000000000001179 .LASF74
     /tmp/ccOvWXs4.s:5852   .debug_str:00000000000007f5 .LASF75
     /tmp/ccOvWXs4.s:6080   .debug_str:00000000000011dd .LASF76
     /tmp/ccOvWXs4.s:5722   .debug_str:0000000000000374 .LASF77
     /tmp/ccOvWXs4.s:5704   .debug_str:0000000000000280 .LASF78
     /tmp/ccOvWXs4.s:6038   .debug_str:0000000000000f5d .LASF79
     /tmp/ccOvWXs4.s:5984   .debug_str:0000000000000d3d .LASF80
     /tmp/ccOvWXs4.s:5770   .debug_str:0000000000000512 .LASF81
     /tmp/ccOvWXs4.s:5690   .debug_str:00000000000001d6 .LASF82
     /tmp/ccOvWXs4.s:5842   .debug_str:0000000000000754 .LASF83
     /tmp/ccOvWXs4.s:5804   .debug_str:0000000000000611 .LASF84
     /tmp/ccOvWXs4.s:6160   .debug_str:0000000000001577 .LASF85
     /tmp/ccOvWXs4.s:6070   .debug_str:000000000000113a .LASF86
     /tmp/ccOvWXs4.s:5980   .debug_str:0000000000000d12 .LASF87
     /tmp/ccOvWXs4.s:5952   .debug_str:0000000000000bed .LASF88
     /tmp/ccOvWXs4.s:5972   .debug_str:0000000000000ccd .LASF89
     /tmp/ccOvWXs4.s:6056   .debug_str:00000000000010c2 .LASF90
     /tmp/ccOvWXs4.s:5730   .debug_str:00000000000003bc .LASF91
     /tmp/ccOvWXs4.s:5854   .debug_str:0000000000000808 .LASF92
     /tmp/ccOvWXs4.s:5898   .debug_str:00000000000009c0 .LASF93
GAS LISTING /tmp/ccOvWXs4.s 			page 40


     /tmp/ccOvWXs4.s:5940   .debug_str:0000000000000b66 .LASF94
     /tmp/ccOvWXs4.s:6008   .debug_str:0000000000000e43 .LASF97
     /tmp/ccOvWXs4.s:5970   .debug_str:0000000000000c9e .LASF99
     /tmp/ccOvWXs4.s:5878   .debug_str:00000000000008ee .LASF95
     /tmp/ccOvWXs4.s:5662   .debug_str:00000000000000ac .LASF96
     /tmp/ccOvWXs4.s:5696   .debug_str:0000000000000217 .LASF98
     /tmp/ccOvWXs4.s:5988   .debug_str:0000000000000d6b .LASF100
     /tmp/ccOvWXs4.s:5974   .debug_str:0000000000000ce0 .LASF101
     /tmp/ccOvWXs4.s:5746   .debug_str:0000000000000458 .LASF102
     /tmp/ccOvWXs4.s:6054   .debug_str:00000000000010ab .LASF103
     /tmp/ccOvWXs4.s:5862   .debug_str:0000000000000856 .LASF104
     /tmp/ccOvWXs4.s:5806   .debug_str:0000000000000637 .LASF105
     /tmp/ccOvWXs4.s:5856   .debug_str:000000000000082c .LASF106
     /tmp/ccOvWXs4.s:5756   .debug_str:00000000000004bc .LASF107
     /tmp/ccOvWXs4.s:5944   .debug_str:0000000000000b9f .LASF108
     /tmp/ccOvWXs4.s:6090   .debug_str:0000000000001251 .LASF109
     /tmp/ccOvWXs4.s:6106   .debug_str:00000000000012ff .LASF110
     /tmp/ccOvWXs4.s:6028   .debug_str:0000000000000f0c .LASF133
     /tmp/ccOvWXs4.s:6036   .debug_str:0000000000000f58 .LASF111
     /tmp/ccOvWXs4.s:5998   .debug_str:0000000000000de8 .LASF194
     /tmp/ccOvWXs4.s:5642   .debug_str:0000000000000000 .LASF112
     /tmp/ccOvWXs4.s:5710   .debug_str:00000000000002c6 .LASF113
     /tmp/ccOvWXs4.s:5914   .debug_str:0000000000000a37 .LASF132
     /tmp/ccOvWXs4.s:5844   .debug_str:0000000000000766 .LASF114
     /tmp/ccOvWXs4.s:6012   .debug_str:0000000000000e67 .LASF115
     /tmp/ccOvWXs4.s:5784   .debug_str:0000000000000563 .LASF116
     /tmp/ccOvWXs4.s:5902   .debug_str:00000000000009e9 .LASF117
     /tmp/ccOvWXs4.s:6108   .debug_str:000000000000130c .LASF118
     /tmp/ccOvWXs4.s:6158   .debug_str:000000000000155e .LASF119
     /tmp/ccOvWXs4.s:6132   .debug_str:0000000000001414 .LASF120
     /tmp/ccOvWXs4.s:6052   .debug_str:0000000000001090 .LASF121
     /tmp/ccOvWXs4.s:5900   .debug_str:00000000000009da .LASF122
     /tmp/ccOvWXs4.s:5960   .debug_str:0000000000000c57 .LASF123
     /tmp/ccOvWXs4.s:6088   .debug_str:000000000000123c .LASF124
     /tmp/ccOvWXs4.s:6042   .debug_str:0000000000000f84 .LASF125
     /tmp/ccOvWXs4.s:6002   .debug_str:0000000000000e08 .LASF126
     /tmp/ccOvWXs4.s:5874   .debug_str:00000000000008bf .LASF127
     /tmp/ccOvWXs4.s:5990   .debug_str:0000000000000d9b .LASF128
     /tmp/ccOvWXs4.s:6000   .debug_str:0000000000000df4 .LASF129
     /tmp/ccOvWXs4.s:5790   .debug_str:0000000000000596 .LASF130
     /tmp/ccOvWXs4.s:6034   .debug_str:0000000000000f42 .LASF131
     /tmp/ccOvWXs4.s:5794   .debug_str:00000000000005b0 .LASF134
     /tmp/ccOvWXs4.s:6094   .debug_str:0000000000001279 .LASF135
     /tmp/ccOvWXs4.s:5678   .debug_str:0000000000000183 .LASF136
     /tmp/ccOvWXs4.s:5786   .debug_str:000000000000056e .LASF137
     /tmp/ccOvWXs4.s:5782   .debug_str:0000000000000554 .LASF138
     /tmp/ccOvWXs4.s:5824   .debug_str:00000000000006b4 .LASF139
     /tmp/ccOvWXs4.s:5750   .debug_str:000000000000048b .LASF140
     /tmp/ccOvWXs4.s:5718   .debug_str:0000000000000354 .LASF141
     /tmp/ccOvWXs4.s:5702   .debug_str:0000000000000270 .LASF142
     /tmp/ccOvWXs4.s:6146   .debug_str:00000000000014d6 .LASF143
     /tmp/ccOvWXs4.s:6144   .debug_str:00000000000014c6 .LASF144
     /tmp/ccOvWXs4.s:5924   .debug_str:0000000000000a8a .LASF145
     /tmp/ccOvWXs4.s:6064   .debug_str:0000000000001110 .LASF146
     /tmp/ccOvWXs4.s:6118   .debug_str:000000000000136d .LASF147
     /tmp/ccOvWXs4.s:5896   .debug_str:00000000000009ad .LASF148
     /tmp/ccOvWXs4.s:5656   .debug_str:000000000000006e .LASF149
GAS LISTING /tmp/ccOvWXs4.s 			page 41


     /tmp/ccOvWXs4.s:6040   .debug_str:0000000000000f6f .LASF150
     /tmp/ccOvWXs4.s:5800   .debug_str:00000000000005e4 .LASF151
     /tmp/ccOvWXs4.s:5728   .debug_str:00000000000003b3 .LASF152
     /tmp/ccOvWXs4.s:5950   .debug_str:0000000000000bda .LASF153
     /tmp/ccOvWXs4.s:5954   .debug_str:0000000000000c0f .LASF154
     /tmp/ccOvWXs4.s:5764   .debug_str:00000000000004e0 .LASF155
     /tmp/ccOvWXs4.s:5872   .debug_str:00000000000008ae .LASF156
     /tmp/ccOvWXs4.s:5922   .debug_str:0000000000000a6c .LASF157
     /tmp/ccOvWXs4.s:5904   .debug_str:0000000000000a00 .LASF158
     /tmp/ccOvWXs4.s:5982   .debug_str:0000000000000d24 .LASF159
     /tmp/ccOvWXs4.s:6122   .debug_str:00000000000013af .LASF160
     /tmp/ccOvWXs4.s:5958   .debug_str:0000000000000c3c .LASF161
     /tmp/ccOvWXs4.s:6124   .debug_str:00000000000013bf .LASF162
     /tmp/ccOvWXs4.s:5992   .debug_str:0000000000000da4 .LASF163
     /tmp/ccOvWXs4.s:5650   .debug_str:000000000000004b .LASF164
     /tmp/ccOvWXs4.s:5834   .debug_str:000000000000072a .LASF165
     /tmp/ccOvWXs4.s:5894   .debug_str:00000000000009a3 .LASF166
     /tmp/ccOvWXs4.s:6110   .debug_str:000000000000131a .LASF167
     /tmp/ccOvWXs4.s:6060   .debug_str:00000000000010f9 .LASF168
     /tmp/ccOvWXs4.s:5840   .debug_str:000000000000074a .LASF169
     /tmp/ccOvWXs4.s:6024   .debug_str:0000000000000ef3 .LASF170
     /tmp/ccOvWXs4.s:5712   .debug_str:000000000000032d .LASF171
     /tmp/ccOvWXs4.s:6026   .debug_str:0000000000000f03 .LASF172
     /tmp/ccOvWXs4.s:5748   .debug_str:000000000000047e .LASF173
     /tmp/ccOvWXs4.s:5916   .debug_str:0000000000000a3c .LASF174
     /tmp/ccOvWXs4.s:5848   .debug_str:00000000000007ab .LASF175
     /tmp/ccOvWXs4.s:6046   .debug_str:0000000000000fb1 .LASF176
     /tmp/ccOvWXs4.s:5912   .debug_str:0000000000000a2c .LASF177
     /tmp/ccOvWXs4.s:5682   .debug_str:000000000000019e .LASF179
     /tmp/ccOvWXs4.s:6128   .debug_str:00000000000013f6 .LASF181
     /tmp/ccOvWXs4.s:5684   .debug_str:00000000000001ac .LASF253
     /tmp/ccOvWXs4.s:5868   .debug_str:000000000000088d .LASF254
     /tmp/ccOvWXs4.s:6032   .debug_str:0000000000000f3d .LASF182
     /tmp/ccOvWXs4.s:5776   .debug_str:0000000000000536 .LASF183
     /tmp/ccOvWXs4.s:6068   .debug_str:0000000000001134 .LASF184
     /tmp/ccOvWXs4.s:5716   .debug_str:0000000000000340 .LASF185
     /tmp/ccOvWXs4.s:5884   .debug_str:000000000000093e .LASF186
     /tmp/ccOvWXs4.s:6138   .debug_str:0000000000001471 .LASF187
     /tmp/ccOvWXs4.s:6130   .debug_str:000000000000140f .LASF188
     /tmp/ccOvWXs4.s:6112   .debug_str:0000000000001326 .LASF189
     /tmp/ccOvWXs4.s:5810   .debug_str:000000000000065c .LASF190
     /tmp/ccOvWXs4.s:6134   .debug_str:0000000000001423 .LASF191
     /tmp/ccOvWXs4.s:6020   .debug_str:0000000000000ebc .LASF192
     /tmp/ccOvWXs4.s:5736   .debug_str:00000000000003f2 .LASF193
     /tmp/ccOvWXs4.s:5880   .debug_str:0000000000000909 .LASF195
     /tmp/ccOvWXs4.s:6152   .debug_str:000000000000152b .LASF196
     /tmp/ccOvWXs4.s:5648   .debug_str:0000000000000037 .LASF197
     /tmp/ccOvWXs4.s:6010   .debug_str:0000000000000e62 .LASF198
     /tmp/ccOvWXs4.s:5906   .debug_str:0000000000000a0e .LASF199
     /tmp/ccOvWXs4.s:6018   .debug_str:0000000000000eaa .LASF200
     /tmp/ccOvWXs4.s:6098   .debug_str:00000000000012a6 .LASF201
     /tmp/ccOvWXs4.s:6120   .debug_str:0000000000001397 .LASF202
     /tmp/ccOvWXs4.s:5820   .debug_str:000000000000069c .LASF203
     /tmp/ccOvWXs4.s:5938   .debug_str:0000000000000b40 .LASF204
     /tmp/ccOvWXs4.s:5714   .debug_str:0000000000000333 .LASF205
     /tmp/ccOvWXs4.s:6140   .debug_str:000000000000148d .LASF206
     /tmp/ccOvWXs4.s:5646   .debug_str:0000000000000019 .LASF207
GAS LISTING /tmp/ccOvWXs4.s 			page 42


     /tmp/ccOvWXs4.s:5666   .debug_str:00000000000000e9 .LASF208
     /tmp/ccOvWXs4.s:5932   .debug_str:0000000000000b06 .LASF209
     /tmp/ccOvWXs4.s:5766   .debug_str:00000000000004fc .LASF210
     /tmp/ccOvWXs4.s:5772   .debug_str:0000000000000524 .LASF211
     /tmp/ccOvWXs4.s:5664   .debug_str:00000000000000db .LASF255
     /tmp/ccOvWXs4.s:5920   .debug_str:0000000000000a58 .LASF212
     /tmp/ccOvWXs4.s:5760   .debug_str:00000000000004d0 .LASF213
     /tmp/ccOvWXs4.s:5822   .debug_str:00000000000006aa .LASF214
     /tmp/ccOvWXs4.s:6156   .debug_str:000000000000154c .LASF215
     /tmp/ccOvWXs4.s:5698   .debug_str:0000000000000237 .LASF216
     /tmp/ccOvWXs4.s:5976   .debug_str:0000000000000cf6 .LASF217
     /tmp/ccOvWXs4.s:5796   .debug_str:00000000000005bb .LASF256
     /tmp/ccOvWXs4.s:6142   .debug_str:00000000000014b2 .LASF257
     /tmp/ccOvWXs4.s:5910   .debug_str:0000000000000a1e .LASF218
     /tmp/ccOvWXs4.s:5724   .debug_str:0000000000000386 .LASF219
     /tmp/ccOvWXs4.s:6114   .debug_str:000000000000133d .LASF220
     /tmp/ccOvWXs4.s:5676   .debug_str:0000000000000178 .LASF221
     /tmp/ccOvWXs4.s:5832   .debug_str:000000000000070f .LASF222
     /tmp/ccOvWXs4.s:5828   .debug_str:00000000000006e2 .LASF223
     /tmp/ccOvWXs4.s:6014   .debug_str:0000000000000e80 .LASF224
     /tmp/ccOvWXs4.s:5890   .debug_str:000000000000095f .LASF225
     /tmp/ccOvWXs4.s:5882   .debug_str:0000000000000920 .LASF226
     /tmp/ccOvWXs4.s:6116   .debug_str:000000000000134f .LASF227
     /tmp/ccOvWXs4.s:6136   .debug_str:0000000000001447 .LASF228
     /tmp/ccOvWXs4.s:1050   .text:00000000000003b4 .LFB82
     /tmp/ccOvWXs4.s:1076   .text:00000000000003e8 .LFE82
     /tmp/ccOvWXs4.s:1066   .text:00000000000003d8 .LVL84
     /tmp/ccOvWXs4.s:5672   .debug_str:0000000000000144 .LASF229
     /tmp/ccOvWXs4.s:214    .text:0000000000000000 .LFB81
     /tmp/ccOvWXs4.s:291    .text:00000000000000b8 .LFE81
     /tmp/ccOvWXs4.s:5788   .debug_str:0000000000000587 .LASF230
     /tmp/ccOvWXs4.s:5211   .debug_loc:0000000000000000 .LLST7
     /tmp/ccOvWXs4.s:6148   .debug_str:000000000000150e .LASF231
     /tmp/ccOvWXs4.s:5225   .debug_loc:0000000000000039 .LLST8
     /tmp/ccOvWXs4.s:245    .text:000000000000003c .LVL22
     /tmp/ccOvWXs4.s:248    .text:0000000000000048 .LVL23
     /tmp/ccOvWXs4.s:255    .text:0000000000000060 .LVL24
     /tmp/ccOvWXs4.s:258    .text:000000000000006c .LVL25
     /tmp/ccOvWXs4.s:264    .text:000000000000007c .LVL26
     /tmp/ccOvWXs4.s:272    .text:0000000000000094 .LVL27
     /tmp/ccOvWXs4.s:809    .text._ZN6BufferIcLm100EE6appendEPc:0000000000000000 .LFB80
     /tmp/ccOvWXs4.s:860    .text._ZN6BufferIcLm100EE6appendEPc:0000000000000058 .LFE80
     /tmp/ccOvWXs4.s:5758   .debug_str:00000000000004cb .LASF233
     /tmp/ccOvWXs4.s:5239   .debug_loc:0000000000000072 .LLST25
     /tmp/ccOvWXs4.s:5986   .debug_str:0000000000000d63 .LASF232
     /tmp/ccOvWXs4.s:571    .text._ZN6BufferIcLm100EE4takeEv:0000000000000000 .LFB79
     /tmp/ccOvWXs4.s:621    .text._ZN6BufferIcLm100EE4takeEv:0000000000000054 .LFE79
     /tmp/ccOvWXs4.s:5264   .debug_loc:00000000000000d4 .LLST20
     /tmp/ccOvWXs4.s:5652   .debug_str:0000000000000050 .LASF234
     /tmp/ccOvWXs4.s:5293   .debug_loc:0000000000000149 .LLST21
     /tmp/ccOvWXs4.s:419    .text._ZN5QueueI3TCBE4takeEv:0000000000000000 .LFB78
     /tmp/ccOvWXs4.s:465    .text._ZN5QueueI3TCBE4takeEv:0000000000000038 .LFE78
     /tmp/ccOvWXs4.s:5300   .debug_loc:000000000000016c .LLST13
     /tmp/ccOvWXs4.s:5908   .debug_str:0000000000000a13 .LASF235
     /tmp/ccOvWXs4.s:5311   .debug_loc:00000000000001a2 .LLST14
     /tmp/ccOvWXs4.s:436    .text._ZN5QueueI3TCBE4takeEv:0000000000000018 .LBB47
     /tmp/ccOvWXs4.s:443    .text._ZN5QueueI3TCBE4takeEv:000000000000001c .LBE47
GAS LISTING /tmp/ccOvWXs4.s 			page 43


     /tmp/ccOvWXs4.s:5322   .debug_loc:00000000000001d8 .LLST15
     /tmp/ccOvWXs4.s:298    .text._ZN5QueueI3TCBE6appendEPS0_:0000000000000000 .LFB77
     /tmp/ccOvWXs4.s:341    .text._ZN5QueueI3TCBE6appendEPS0_:0000000000000034 .LFE77
     /tmp/ccOvWXs4.s:5942   .debug_str:0000000000000b94 .LASF236
     /tmp/ccOvWXs4.s:315    .text._ZN5QueueI3TCBE6appendEPS0_:0000000000000018 .LBB45
     /tmp/ccOvWXs4.s:324    .text._ZN5QueueI3TCBE6appendEPS0_:000000000000001c .LBE45
     /tmp/ccOvWXs4.s:5329   .debug_loc:00000000000001fb .LLST9
     /tmp/ccOvWXs4.s:5336   .debug_loc:000000000000021e .LLST10
     /tmp/ccOvWXs4.s:169    .text._ZN5QueueI3TCBEnwEm:0000000000000000 .LFB76
     /tmp/ccOvWXs4.s:208    .text._ZN5QueueI3TCBEnwEm:000000000000003c .LFE76
     /tmp/ccOvWXs4.s:5836   .debug_str:0000000000000732 .LASF237
     /tmp/ccOvWXs4.s:5343   .debug_loc:0000000000000241 .LLST5
     /tmp/ccOvWXs4.s:5357   .debug_loc:000000000000027a .LLST6
     /tmp/ccOvWXs4.s:197    .text._ZN5QueueI3TCBEnwEm:000000000000002c .LVL19
     /tmp/ccOvWXs4.s:5658   .debug_str:000000000000008d .LASF258
     /tmp/ccOvWXs4.s:117    .text._ZN6BufferIcLm100EEC2Ev:0000000000000000 .LFB74
     /tmp/ccOvWXs4.s:160    .text._ZN6BufferIcLm100EEC2Ev:0000000000000044 .LFE74
     /tmp/ccOvWXs4.s:133    .text._ZN6BufferIcLm100EEC2Ev:0000000000000018 .LBB44
     /tmp/ccOvWXs4.s:150    .text._ZN6BufferIcLm100EEC2Ev:0000000000000038 .LBE44
     /tmp/ccOvWXs4.s:5377   .debug_loc:00000000000002c8 .LLST4
     /tmp/ccOvWXs4.s:72     .text._ZN6BufferIcLm100EEnwEm:0000000000000000 .LFB72
     /tmp/ccOvWXs4.s:110    .text._ZN6BufferIcLm100EEnwEm:000000000000003c .LFE72
     /tmp/ccOvWXs4.s:5389   .debug_loc:00000000000002ff .LLST2
     /tmp/ccOvWXs4.s:5403   .debug_loc:0000000000000338 .LLST3
     /tmp/ccOvWXs4.s:99     .text._ZN6BufferIcLm100EEnwEm:000000000000002c .LVL9
     /tmp/ccOvWXs4.s:41     .text._ZNK6BufferIcLm100EE12isBufferFullEv:0000000000000000 .LFB71
     /tmp/ccOvWXs4.s:65     .text._ZNK6BufferIcLm100EE12isBufferFullEv:0000000000000024 .LFE71
     /tmp/ccOvWXs4.s:5423   .debug_loc:0000000000000386 .LLST1
     /tmp/ccOvWXs4.s:11     .text._ZNK6BufferIcLm100EE13isBufferEmptyEv:0000000000000000 .LFB70
     /tmp/ccOvWXs4.s:34     .text._ZNK6BufferIcLm100EE13isBufferEmptyEv:0000000000000020 .LFE70
     /tmp/ccOvWXs4.s:5437   .debug_loc:00000000000003bf .LLST0
     /tmp/ccOvWXs4.s:903    .text:00000000000002e0 .LFB69
     /tmp/ccOvWXs4.s:1045   .text:00000000000003b4 .LFE69
     /tmp/ccOvWXs4.s:6074   .debug_str:000000000000116f .LASF238
     /tmp/ccOvWXs4.s:5762   .debug_str:00000000000004db .LASF239
     /tmp/ccOvWXs4.s:5774   .debug_str:000000000000052a .LASF240
     /tmp/ccOvWXs4.s:5674   .debug_str:000000000000016e .LASF241
     /tmp/ccOvWXs4.s:5451   .debug_loc:00000000000003f8 .LLST27
     /tmp/ccOvWXs4.s:992    .text:0000000000000344 .LBB77
     /tmp/ccOvWXs4.s:1029   .text:0000000000000390 .LBE77
     /tmp/ccOvWXs4.s:1013   .text:0000000000000374 .LVL81
     /tmp/ccOvWXs4.s:1028   .text:0000000000000390 .LVL82
     /tmp/ccOvWXs4.s:928    .text:000000000000030c .LBB67
     /tmp/ccOvWXs4.s:936    .text:0000000000000318 .LBE67
     /tmp/ccOvWXs4.s:941    .text:0000000000000320 .LBB69
     /tmp/ccOvWXs4.s:948    .text:0000000000000324 .LBE69
     /tmp/ccOvWXs4.s:5458   .debug_loc:000000000000041b .LLST28
     /tmp/ccOvWXs4.s:950    .text:0000000000000324 .LBB71
     /tmp/ccOvWXs4.s:957    .text:0000000000000328 .LBE71
     /tmp/ccOvWXs4.s:5465   .debug_loc:000000000000043e .LLST29
     /tmp/ccOvWXs4.s:959    .text:0000000000000328 .LBB73
     /tmp/ccOvWXs4.s:963    .text:0000000000000328 .LBE73
     /tmp/ccOvWXs4.s:967    .text:0000000000000328 .LBB75
     /tmp/ccOvWXs4.s:971    .text:0000000000000328 .LBE75
     /tmp/ccOvWXs4.s:926    .text:000000000000030c .LVL74
     /tmp/ccOvWXs4.s:940    .text:0000000000000320 .LVL76
     /tmp/ccOvWXs4.s:976    .text:0000000000000338 .LVL79
GAS LISTING /tmp/ccOvWXs4.s 			page 44


     /tmp/ccOvWXs4.s:987    .text:0000000000000340 .LVL80
     /tmp/ccOvWXs4.s:1039   .text:00000000000003ac .LVL83
     /tmp/ccOvWXs4.s:661    .text:00000000000001d4 .LFB68
     /tmp/ccOvWXs4.s:802    .text:00000000000002a8 .LFE68
     /tmp/ccOvWXs4.s:5472   .debug_loc:0000000000000461 .LLST22
     /tmp/ccOvWXs4.s:686    .text:0000000000000200 .LBB54
     /tmp/ccOvWXs4.s:694    .text:000000000000020c .LBE54
     /tmp/ccOvWXs4.s:699    .text:0000000000000214 .LBB56
     /tmp/ccOvWXs4.s:706    .text:0000000000000218 .LBE56
     /tmp/ccOvWXs4.s:5479   .debug_loc:0000000000000484 .LLST23
     /tmp/ccOvWXs4.s:708    .text:0000000000000218 .LBB58
     /tmp/ccOvWXs4.s:715    .text:000000000000021c .LBE58
     /tmp/ccOvWXs4.s:5486   .debug_loc:00000000000004a7 .LLST24
     /tmp/ccOvWXs4.s:717    .text:000000000000021c .LBB60
     /tmp/ccOvWXs4.s:721    .text:000000000000021c .LBE60
     /tmp/ccOvWXs4.s:725    .text:000000000000021c .LBB62
     /tmp/ccOvWXs4.s:729    .text:000000000000021c .LBE62
     /tmp/ccOvWXs4.s:684    .text:0000000000000200 .LVL57
     /tmp/ccOvWXs4.s:698    .text:0000000000000214 .LVL59
     /tmp/ccOvWXs4.s:734    .text:000000000000022c .LVL62
     /tmp/ccOvWXs4.s:745    .text:0000000000000234 .LVL63
     /tmp/ccOvWXs4.s:754    .text:0000000000000248 .LVL64
     /tmp/ccOvWXs4.s:785    .text:0000000000000280 .LVL65
     /tmp/ccOvWXs4.s:796    .text:00000000000002a0 .LVL66
     /tmp/ccOvWXs4.s:867    .text:00000000000002a8 .LFB67
     /tmp/ccOvWXs4.s:897    .text:00000000000002e0 .LFE67
     /tmp/ccOvWXs4.s:5493   .debug_loc:00000000000004ca .LLST26
     /tmp/ccOvWXs4.s:886    .text:00000000000002d0 .LVL73
     /tmp/ccOvWXs4.s:628    .text:00000000000001a0 .LFB66
     /tmp/ccOvWXs4.s:655    .text:00000000000001d4 .LFE66
     /tmp/ccOvWXs4.s:643    .text:00000000000001c0 .LVL56
     /tmp/ccOvWXs4.s:521    .text:0000000000000160 .LFB65
     /tmp/ccOvWXs4.s:564    .text:00000000000001a0 .LFE65
     /tmp/ccOvWXs4.s:5505   .debug_loc:0000000000000501 .LLST18
     /tmp/ccOvWXs4.s:541    .text:0000000000000184 .LBB51
     /tmp/ccOvWXs4.s:548    .text:0000000000000188 .LBE51
     /tmp/ccOvWXs4.s:5512   .debug_loc:0000000000000524 .LLST19
     /tmp/ccOvWXs4.s:536    .text:0000000000000180 .LVL47
     /tmp/ccOvWXs4.s:552    .text:0000000000000190 .LVL50
     /tmp/ccOvWXs4.s:472    .text:0000000000000120 .LFB64
     /tmp/ccOvWXs4.s:515    .text:0000000000000160 .LFE64
     /tmp/ccOvWXs4.s:5519   .debug_loc:0000000000000547 .LLST16
     /tmp/ccOvWXs4.s:492    .text:0000000000000144 .LBB49
     /tmp/ccOvWXs4.s:499    .text:0000000000000148 .LBE49
     /tmp/ccOvWXs4.s:5526   .debug_loc:000000000000056a .LLST17
     /tmp/ccOvWXs4.s:487    .text:0000000000000140 .LVL43
     /tmp/ccOvWXs4.s:503    .text:0000000000000150 .LVL46
     /tmp/ccOvWXs4.s:383    .text:00000000000000ec .LFB63
     /tmp/ccOvWXs4.s:412    .text:0000000000000120 .LFE63
     /tmp/ccOvWXs4.s:5740   .debug_str:000000000000041f .LASF242
     /tmp/ccOvWXs4.s:5533   .debug_loc:000000000000058d .LLST12
     /tmp/ccOvWXs4.s:401    .text:0000000000000110 .LVL36
     /tmp/ccOvWXs4.s:348    .text:00000000000000b8 .LFB62
     /tmp/ccOvWXs4.s:377    .text:00000000000000ec .LFE62
     /tmp/ccOvWXs4.s:5551   .debug_loc:00000000000005d9 .LLST11
     /tmp/ccOvWXs4.s:366    .text:00000000000000dc .LVL33
     /tmp/ccOvWXs4.s:5706   .debug_str:00000000000002a2 .LASF259
GAS LISTING /tmp/ccOvWXs4.s 			page 45


     /tmp/ccOvWXs4.s:5798   .debug_str:00000000000005d3 .LASF243
     /tmp/ccOvWXs4.s:5726   .debug_str:00000000000003a9 .LASF244
     /tmp/ccOvWXs4.s:5934   .debug_str:0000000000000b1e .LASF245
     /tmp/ccOvWXs4.s:5996   .debug_str:0000000000000dd9 .LASF246
     /tmp/ccOvWXs4.s:5864   .debug_str:000000000000087d .LASF247
     /tmp/ccOvWXs4.s:218    .text:0000000000000000 .LVL20
     /tmp/ccOvWXs4.s:243    .text:0000000000000034 .LVL21
     /tmp/ccOvWXs4.s:812    .text._ZN6BufferIcLm100EE6appendEPc:0000000000000000 .LVL67
     /tmp/ccOvWXs4.s:842    .text._ZN6BufferIcLm100EE6appendEPc:0000000000000044 .LVL68
     /tmp/ccOvWXs4.s:852    .text._ZN6BufferIcLm100EE6appendEPc:0000000000000050 .LVL69
     /tmp/ccOvWXs4.s:857    .text._ZN6BufferIcLm100EE6appendEPc:0000000000000054 .LVL70
     /tmp/ccOvWXs4.s:574    .text._ZN6BufferIcLm100EE4takeEv:0000000000000000 .LVL51
     /tmp/ccOvWXs4.s:595    .text._ZN6BufferIcLm100EE4takeEv:0000000000000030 .LVL52
     /tmp/ccOvWXs4.s:603    .text._ZN6BufferIcLm100EE4takeEv:0000000000000040 .LVL53
     /tmp/ccOvWXs4.s:613    .text._ZN6BufferIcLm100EE4takeEv:000000000000004c .LVL54
     /tmp/ccOvWXs4.s:618    .text._ZN6BufferIcLm100EE4takeEv:0000000000000050 .LVL55
     /tmp/ccOvWXs4.s:422    .text._ZN5QueueI3TCBE4takeEv:0000000000000000 .LVL37
     /tmp/ccOvWXs4.s:432    .text._ZN5QueueI3TCBE4takeEv:0000000000000014 .LVL38
     /tmp/ccOvWXs4.s:435    .text._ZN5QueueI3TCBE4takeEv:0000000000000018 .LVL39
     /tmp/ccOvWXs4.s:448    .text._ZN5QueueI3TCBE4takeEv:0000000000000024 .LVL41
     /tmp/ccOvWXs4.s:458    .text._ZN5QueueI3TCBE4takeEv:0000000000000030 .LVL42
     /tmp/ccOvWXs4.s:441    .text._ZN5QueueI3TCBE4takeEv:000000000000001c .LVL40
     /tmp/ccOvWXs4.s:314    .text._ZN5QueueI3TCBE6appendEPS0_:0000000000000018 .LVL29
     /tmp/ccOvWXs4.s:321    .text._ZN5QueueI3TCBE6appendEPS0_:000000000000001c .LVL30
     /tmp/ccOvWXs4.s:173    .text._ZN5QueueI3TCBEnwEm:0000000000000000 .LVL14
     /tmp/ccOvWXs4.s:187    .text._ZN5QueueI3TCBEnwEm:0000000000000018 .LVL16
     /tmp/ccOvWXs4.s:184    .text._ZN5QueueI3TCBEnwEm:0000000000000014 .LVL15
     /tmp/ccOvWXs4.s:192    .text._ZN5QueueI3TCBEnwEm:0000000000000020 .LVL17
     /tmp/ccOvWXs4.s:195    .text._ZN5QueueI3TCBEnwEm:0000000000000024 .LVL18
     /tmp/ccOvWXs4.s:132    .text._ZN6BufferIcLm100EEC2Ev:0000000000000018 .LVL11
     /tmp/ccOvWXs4.s:136    .text._ZN6BufferIcLm100EEC2Ev:000000000000001c .LVL12
     /tmp/ccOvWXs4.s:75     .text._ZN6BufferIcLm100EEnwEm:0000000000000000 .LVL4
     /tmp/ccOvWXs4.s:89     .text._ZN6BufferIcLm100EEnwEm:0000000000000018 .LVL6
     /tmp/ccOvWXs4.s:86     .text._ZN6BufferIcLm100EEnwEm:0000000000000014 .LVL5
     /tmp/ccOvWXs4.s:94     .text._ZN6BufferIcLm100EEnwEm:0000000000000020 .LVL7
     /tmp/ccOvWXs4.s:97     .text._ZN6BufferIcLm100EEnwEm:0000000000000024 .LVL8
     /tmp/ccOvWXs4.s:44     .text._ZNK6BufferIcLm100EE12isBufferFullEv:0000000000000000 .LVL2
     /tmp/ccOvWXs4.s:53     .text._ZNK6BufferIcLm100EE12isBufferFullEv:0000000000000010 .LVL3
     /tmp/ccOvWXs4.s:15     .text._ZNK6BufferIcLm100EE13isBufferEmptyEv:0000000000000000 .LVL0
     /tmp/ccOvWXs4.s:24     .text._ZNK6BufferIcLm100EE13isBufferEmptyEv:0000000000000010 .LVL1
     /tmp/ccOvWXs4.s:934    .text:0000000000000318 .LVL75
     /tmp/ccOvWXs4.s:946    .text:0000000000000324 .LVL77
     /tmp/ccOvWXs4.s:955    .text:0000000000000328 .LVL78
     /tmp/ccOvWXs4.s:692    .text:000000000000020c .LVL58
     /tmp/ccOvWXs4.s:704    .text:0000000000000218 .LVL60
     /tmp/ccOvWXs4.s:713    .text:000000000000021c .LVL61
     /tmp/ccOvWXs4.s:870    .text:00000000000002a8 .LVL71
     /tmp/ccOvWXs4.s:884    .text:00000000000002c8 .LVL72
     /tmp/ccOvWXs4.s:540    .text:0000000000000184 .LVL48
     /tmp/ccOvWXs4.s:546    .text:0000000000000188 .LVL49
     /tmp/ccOvWXs4.s:491    .text:0000000000000144 .LVL44
     /tmp/ccOvWXs4.s:497    .text:0000000000000148 .LVL45
     /tmp/ccOvWXs4.s:386    .text:00000000000000ec .LVL34
     /tmp/ccOvWXs4.s:399    .text:0000000000000108 .LVL35
     /tmp/ccOvWXs4.s:351    .text:00000000000000b8 .LVL31
     /tmp/ccOvWXs4.s:364    .text:00000000000000d4 .LVL32
     /tmp/ccOvWXs4.s:1122   .debug_info:0000000000000000 .Ldebug_info0
GAS LISTING /tmp/ccOvWXs4.s 			page 46


     /tmp/ccOvWXs4.s:5      .text:0000000000000000 .Ltext0
     /tmp/ccOvWXs4.s:1115   .text:00000000000003e8 .Letext0
     /tmp/ccOvWXs4.s:678    .text:00000000000001f0 .LBB53
     /tmp/ccOvWXs4.s:722    .text:000000000000021c .LBE53
     /tmp/ccOvWXs4.s:724    .text:000000000000021c .LBB64
     /tmp/ccOvWXs4.s:735    .text:000000000000022c .LBE64
     /tmp/ccOvWXs4.s:741    .text:000000000000022c .LBB65
     /tmp/ccOvWXs4.s:800    .text:00000000000002a8 .LBE65
     /tmp/ccOvWXs4.s:920    .text:00000000000002fc .LBB66
     /tmp/ccOvWXs4.s:964    .text:0000000000000328 .LBE66
     /tmp/ccOvWXs4.s:966    .text:0000000000000328 .LBB78
     /tmp/ccOvWXs4.s:977    .text:0000000000000338 .LBE78
     /tmp/ccOvWXs4.s:983    .text:0000000000000338 .LBB79
     /tmp/ccOvWXs4.s:1043   .text:00000000000003b4 .LBE79
                           .group:0000000000000000 _ZN6BufferIcLm100EEC5Ev

UNDEFINED SYMBOLS
_ZN15MemoryAllocator14allocateMemoryEm
_ZN9Scheduler3putEP3TCB
plic_complete
_ZN3TCB7runningE
_ZN9Scheduler3getEv
context_switch
plic_claim
CONSOLE_TX_DATA
CONSOLE_STATUS
CONSOLE_RX_DATA
