GAS LISTING /tmp/ccOjCBq0.s 			page 1


   1              		.file	"Kernel.cpp"
   2              		.option pic
   3              		.option norelax
   4              		.text
   5              	.Ltext0:
   6              		.align	2
   7              		.globl	_ZN6Kernel12kernelWorkerEPv
   9              	_ZN6Kernel12kernelWorkerEPv:
  10              	.LFB95:
  11              		.file 1 "src/Kernel.cpp"
   1:src/Kernel.cpp **** //
   2:src/Kernel.cpp **** // Created by os on 12/1/25.
   3:src/Kernel.cpp **** //
   4:src/Kernel.cpp **** 
   5:src/Kernel.cpp **** #include "../h/Kernel.hpp"
   6:src/Kernel.cpp **** #include "../h/Scheduler.hpp"
   7:src/Kernel.cpp **** #include "../h/TCB.hpp"
   8:src/Kernel.cpp **** #include "../h/KSemaphore.hpp"
   9:src/Kernel.cpp **** #include "../h/KConsole.hpp"
  10:src/Kernel.cpp **** 
  11:src/Kernel.cpp **** extern "C" void interrupt_trap(void);
  12:src/Kernel.cpp **** extern "C" void context_switch(TCB::Context* oldContext, TCB::Context* newContext);
  13:src/Kernel.cpp **** 
  14:src/Kernel.cpp **** uint64 (*Kernel::systemCallsTable[KernelConfig::NUM_OF_SYSTEM_CALLS])(Kernel::ArgumentsOfSystemCall
  15:src/Kernel.cpp **** ObjectPool<TCB, KernelConfig::NUM_OF_THREADS_IN_POOL>* Kernel::poolOfThreads = new ObjectPool<TCB, 
  16:src/Kernel.cpp **** ObjectPool<KSemaphore, KernelConfig::NUM_OF_SEMAPHORES_IN_POOL>* Kernel::poolOfSemaphores = new Obj
  17:src/Kernel.cpp **** PriorityQueue<TCB, decltype(cmp)>* Kernel::queueOfAsleepThreads = new PriorityQueue<TCB, decltype(c
  18:src/Kernel.cpp **** 
  19:src/Kernel.cpp **** void Kernel::makeConsumerThread()
  20:src/Kernel.cpp **** {
  21:src/Kernel.cpp ****     void* kernelSystemStack = Kernel::mallocSystemStack(KernelConfig::DEFAULT_SYSTEM_STACK_SIZE);
  22:src/Kernel.cpp ****     ObjectPool<TCB, KernelConfig::NUM_OF_THREADS_IN_POOL>* sourcePool;
  23:src/Kernel.cpp ****     TCB* consumerThread = poolOfThreads->mallocObject(&sourcePool);
  24:src/Kernel.cpp ****     while(!consumerThread)
  25:src/Kernel.cpp ****     {
  26:src/Kernel.cpp ****         consumerThread = poolOfThreads->mallocObject(&sourcePool);
  27:src/Kernel.cpp ****     }
  28:src/Kernel.cpp ****     consumerThread->initializeThread(&KConsole::consumeOutputBuffer, nullptr, kernelSystemStack, ke
  29:src/Kernel.cpp ****     KConsole::setConsumerThread(consumerThread);
  30:src/Kernel.cpp **** }
  31:src/Kernel.cpp **** 
  32:src/Kernel.cpp **** void Kernel::makeProducerThread()
  33:src/Kernel.cpp **** {
  34:src/Kernel.cpp ****     void* kernelSystemStack = Kernel::mallocSystemStack(KernelConfig::DEFAULT_SYSTEM_STACK_SIZE);
  35:src/Kernel.cpp ****     ObjectPool<TCB, KernelConfig::NUM_OF_THREADS_IN_POOL>* sourcePool;
  36:src/Kernel.cpp ****     TCB* producerThread = poolOfThreads->mallocObject(&sourcePool);
  37:src/Kernel.cpp ****     while(!producerThread)
  38:src/Kernel.cpp ****     {
  39:src/Kernel.cpp ****         producerThread = poolOfThreads->mallocObject(&sourcePool);
  40:src/Kernel.cpp ****     }
  41:src/Kernel.cpp ****     producerThread->initializeThread(&KConsole::produceInputBuffer, nullptr, kernelSystemStack, ker
  42:src/Kernel.cpp ****     KConsole::setProducerThread(producerThread);
  43:src/Kernel.cpp **** }
  44:src/Kernel.cpp **** void Kernel::makeIdleThread()
  45:src/Kernel.cpp **** {
  46:src/Kernel.cpp ****     void* kernelSystemStack = Kernel::mallocSystemStack(KernelConfig::DEFAULT_SYSTEM_STACK_SIZE);
  47:src/Kernel.cpp ****     ObjectPool<TCB, KernelConfig::NUM_OF_THREADS_IN_POOL>* sourcePool;
GAS LISTING /tmp/ccOjCBq0.s 			page 2


  48:src/Kernel.cpp ****     TCB* idleThread = poolOfThreads->mallocObject(&sourcePool);
  49:src/Kernel.cpp ****     while(!idleThread)
  50:src/Kernel.cpp ****     {
  51:src/Kernel.cpp ****         idleThread = poolOfThreads->mallocObject(&sourcePool);
  52:src/Kernel.cpp ****     }
  53:src/Kernel.cpp ****     idleThread->initializeThread(&kernelWorker, nullptr, kernelSystemStack, kernelSystemStack, sour
  54:src/Kernel.cpp ****     Scheduler::setIdleThread(idleThread);
  55:src/Kernel.cpp **** }
  56:src/Kernel.cpp **** void Kernel::initializeKernelThreads(void)
  57:src/Kernel.cpp **** {
  58:src/Kernel.cpp ****     makeConsumerThread();
  59:src/Kernel.cpp ****     makeProducerThread();
  60:src/Kernel.cpp ****     makeIdleThread();
  61:src/Kernel.cpp **** }
  62:src/Kernel.cpp **** 
  63:src/Kernel.cpp **** void Kernel::initializeKernel()
  64:src/Kernel.cpp **** {
  65:src/Kernel.cpp ****     Kernel::setInterruptRoutine(&interrupt_trap);
  66:src/Kernel.cpp ****     while(!poolOfThreads)
  67:src/Kernel.cpp ****     {
  68:src/Kernel.cpp ****      poolOfThreads = new ObjectPool<TCB, KernelConfig::NUM_OF_THREADS_IN_POOL>();
  69:src/Kernel.cpp ****     }
  70:src/Kernel.cpp ****     while(!poolOfSemaphores)
  71:src/Kernel.cpp ****     {
  72:src/Kernel.cpp ****         poolOfSemaphores = new ObjectPool<KSemaphore, KernelConfig::NUM_OF_SEMAPHORES_IN_POOL>();
  73:src/Kernel.cpp ****     }
  74:src/Kernel.cpp **** 
  75:src/Kernel.cpp ****     initializeKernelThreads();
  76:src/Kernel.cpp ****     initializeSystemCalls();
  77:src/Kernel.cpp **** 
  78:src/Kernel.cpp **** }
  79:src/Kernel.cpp **** void Kernel::destroy()
  80:src/Kernel.cpp **** {
  81:src/Kernel.cpp ****     delete poolOfThreads;
  82:src/Kernel.cpp ****     delete poolOfSemaphores;
  83:src/Kernel.cpp ****     delete queueOfAsleepThreads;
  84:src/Kernel.cpp **** }
  85:src/Kernel.cpp **** 
  86:src/Kernel.cpp **** void Kernel::initializeArguments(Kernel::ArgumentsOfSystemCall* arg, uint64 basePointer)
  87:src/Kernel.cpp **** {
  88:src/Kernel.cpp ****     __asm__ volatile("ld %[rd], 11*8(%[rs])":[rd]"=r"(arg->a0):[rs]"r"(basePointer));
  89:src/Kernel.cpp ****     __asm__ volatile("ld %[rd], 12*8(%[rs])":[rd]"=r"(arg->a1):[rs]"r"(basePointer));
  90:src/Kernel.cpp ****     __asm__ volatile("ld %[rd], 13*8(%[rs])":[rd]"=r"(arg->a2):[rs]"r"(basePointer));
  91:src/Kernel.cpp ****     __asm__ volatile("ld %[rd], 14*8(%[rs])":[rd]"=r"(arg->a3):[rs]"r"(basePointer));
  92:src/Kernel.cpp ****     __asm__ volatile("ld %[rd], 15*8(%[rs])":[rd]"=r"(arg->a4):[rs]"r"(basePointer));
  93:src/Kernel.cpp ****     __asm__ volatile("ld %[rd], 16*8(%[rs])":[rd]"=r"(arg->a5):[rs]"r"(basePointer));
  94:src/Kernel.cpp ****     __asm__ volatile("ld %[rd], 17*8(%[rs])":[rd]"=r"(arg->a6):[rs]"r"(basePointer));
  95:src/Kernel.cpp **** }
  96:src/Kernel.cpp **** 
  97:src/Kernel.cpp **** 
  98:src/Kernel.cpp **** void* Kernel::mallocSystemStack(size_t numOfBytes)
  99:src/Kernel.cpp **** {
 100:src/Kernel.cpp ****     size_t numOfBlocks = numOfBytes / MEM_BLOCK_SIZE;
 101:src/Kernel.cpp ****     numOfBlocks += numOfBytes % MEM_BLOCK_SIZE ? 1 : 0;
 102:src/Kernel.cpp ****     uint8* systemStack = (uint8*)MemoryAllocator::allocateMemory(numOfBlocks);
 103:src/Kernel.cpp ****     return (void*)(&systemStack[KernelConfig::DEFAULT_SYSTEM_STACK_SIZE]);
 104:src/Kernel.cpp **** }
GAS LISTING /tmp/ccOjCBq0.s 			page 3


 105:src/Kernel.cpp **** 
 106:src/Kernel.cpp **** void Kernel::wakeUpThreads()
 107:src/Kernel.cpp **** {
 108:src/Kernel.cpp ****     queueOfAsleepThreads->top()->decrementTimeToSleep();
 109:src/Kernel.cpp **** 
 110:src/Kernel.cpp ****     while(!queueOfAsleepThreads->top()->getTimeToSleep())
 111:src/Kernel.cpp ****     {
 112:src/Kernel.cpp ****         TCB* curr = queueOfAsleepThreads->take();
 113:src/Kernel.cpp ****         curr->resetState();
 114:src/Kernel.cpp ****         Scheduler::put(curr);
 115:src/Kernel.cpp ****     }
 116:src/Kernel.cpp **** }
 117:src/Kernel.cpp **** void Kernel::interruptHandler()
 118:src/Kernel.cpp **** {
 119:src/Kernel.cpp ****     volatile uint64 basePointer;
 120:src/Kernel.cpp ****     __asm__ volatile ("addi %[reg], s0, 0x0": [reg]"=r"(basePointer)); // Problem: da li mozemo bit
 121:src/Kernel.cpp ****     uint64 scause = Machine::readScause();
 122:src/Kernel.cpp ****     switch (scause)
 123:src/Kernel.cpp ****     {
 124:src/Kernel.cpp ****         case 0x0000000000000008UL:
 125:src/Kernel.cpp ****         case 0x0000000000000009UL:
 126:src/Kernel.cpp ****         {
 127:src/Kernel.cpp **** 
 128:src/Kernel.cpp ****             // scause == 0x0000000000000008UL; software interrupt(ecall) from user mode
 129:src/Kernel.cpp ****             // scause == 0x0000000000000009UL; software interrupt(ecall) from kernel(supervised) mo
 130:src/Kernel.cpp **** 
 131:src/Kernel.cpp ****             Machine::bc_sip(Machine::SSIP);
 132:src/Kernel.cpp **** 
 133:src/Kernel.cpp ****             uint64 sepc = Machine::readSepc() + 4;
 134:src/Kernel.cpp ****             uint64 sstatus = Machine::readSstatus();
 135:src/Kernel.cpp **** 
 136:src/Kernel.cpp ****             uint64 numberOfEntry;
 137:src/Kernel.cpp ****             __asm__ volatile ("ld %[rd], -176(%[rs])": [rd]"=r"(numberOfEntry):[rs]"r"(basePointer)
 138:src/Kernel.cpp **** 
 139:src/Kernel.cpp ****             ArgumentsOfSystemCall arg;
 140:src/Kernel.cpp ****             initializeArguments(&arg, basePointer);
 141:src/Kernel.cpp ****             systemCallsTable[numberOfEntry](&arg);
 142:src/Kernel.cpp **** 
 143:src/Kernel.cpp ****             __asm__ volatile("sd a0, -176(%[rs])"::[rs]"r"(basePointer));
 144:src/Kernel.cpp **** 
 145:src/Kernel.cpp ****             TCB::dispatch();
 146:src/Kernel.cpp **** 
 147:src/Kernel.cpp ****             Machine::writeSepc(sepc);
 148:src/Kernel.cpp ****             Machine::writeSstatus(sstatus);
 149:src/Kernel.cpp ****             break;
 150:src/Kernel.cpp ****         }
 151:src/Kernel.cpp ****         case 0x8000000000000001UL:
 152:src/Kernel.cpp ****         {
 153:src/Kernel.cpp ****             // interrupt from timer
 154:src/Kernel.cpp **** 
 155:src/Kernel.cpp ****             Machine::bc_sip(Machine::SSIP);
 156:src/Kernel.cpp ****             TCB::incrementNumOfTicks();
 157:src/Kernel.cpp ****             if (TCB::getNumOfTicks() >= TCB::getRunningThread()->getTimeSlice()) {
 158:src/Kernel.cpp ****                 TCB::resetNumOfTicks();
 159:src/Kernel.cpp ****                 uint64 sepc = Machine::readSepc() + 4;
 160:src/Kernel.cpp ****                 uint64 sstatus = Machine::readSstatus();
 161:src/Kernel.cpp **** 
GAS LISTING /tmp/ccOjCBq0.s 			page 4


 162:src/Kernel.cpp ****                 TCB::dispatch();
 163:src/Kernel.cpp **** 
 164:src/Kernel.cpp ****                 Machine::writeSepc(sepc);
 165:src/Kernel.cpp ****                 Machine::writeSstatus(sstatus);
 166:src/Kernel.cpp **** 
 167:src/Kernel.cpp ****             }
 168:src/Kernel.cpp ****             wakeUpThreads();
 169:src/Kernel.cpp ****             break;
 170:src/Kernel.cpp ****         }
 171:src/Kernel.cpp ****         case 0x8000000000000009UL:
 172:src/Kernel.cpp ****         {
 173:src/Kernel.cpp ****             // hardware interrupt from console
 174:src/Kernel.cpp ****             Machine::bc_sip(Machine::SEIP);
 175:src/Kernel.cpp **** 
 176:src/Kernel.cpp ****             uint64 sepc = Machine::readSepc() + 4;
 177:src/Kernel.cpp ****             uint64 sstatus = Machine::readSstatus();
 178:src/Kernel.cpp **** 
 179:src/Kernel.cpp ****             int numOfDevice = plic_claim();
 180:src/Kernel.cpp ****             uint8 statusReg;
 181:src/Kernel.cpp ****             __asm__ volatile("lb %[status], 0(%[address])": [status] "=r"(statusReg): [address] "r"
 182:src/Kernel.cpp **** 
 183:src/Kernel.cpp ****             if (statusReg & CONSOLE_TX_STATUS_BIT) {
 184:src/Kernel.cpp ****                 if (KConsole::isOutputBufferEmpty()) {
 185:src/Kernel.cpp ****                     plic_complete(numOfDevice);
 186:src/Kernel.cpp ****                 } else {
 187:src/Kernel.cpp ****                     Scheduler::put(KConsole::getConsumerThread());
 188:src/Kernel.cpp ****                 }
 189:src/Kernel.cpp ****             } else {
 190:src/Kernel.cpp ****                 if (KConsole::isInputBufferFull()) {
 191:src/Kernel.cpp ****                     plic_complete(numOfDevice);
 192:src/Kernel.cpp ****                 } else {
 193:src/Kernel.cpp ****                     Scheduler::put(KConsole::getProducerThread());
 194:src/Kernel.cpp ****                 }
 195:src/Kernel.cpp ****             }
 196:src/Kernel.cpp **** 
 197:src/Kernel.cpp ****             TCB::dispatch();
 198:src/Kernel.cpp **** 
 199:src/Kernel.cpp ****             Machine::writeSepc(sepc);
 200:src/Kernel.cpp ****             Machine::writeSstatus(sstatus);
 201:src/Kernel.cpp **** 
 202:src/Kernel.cpp ****             break;
 203:src/Kernel.cpp ****         }
 204:src/Kernel.cpp ****     }
 205:src/Kernel.cpp **** 
 206:src/Kernel.cpp **** }
 207:src/Kernel.cpp **** 
 208:src/Kernel.cpp **** void Kernel::kernelWorker(void*)
 209:src/Kernel.cpp **** {
  12              		.loc 1 209 1
  13              		.cfi_startproc
  14 0000 130101FF 		addi	sp,sp,-16
  15              		.cfi_def_cfa_offset 16
  16 0004 23348100 		sd	s0,8(sp)
  17              		.cfi_offset 8, -8
  18 0008 13040101 		addi	s0,sp,16
  19              		.cfi_def_cfa 8, 0
  20              	.L2:
GAS LISTING /tmp/ccOjCBq0.s 			page 5


 210:src/Kernel.cpp ****     while(1)
  21              		.loc 1 210 5 discriminator 1
  22              		.loc 1 210 5 discriminator 1
  23 000c 6F000000 		j	.L2
  24              		.cfi_endproc
  25              	.LFE95:
  27              		.align	2
  29              	_ZN13PriorityQueueI3TCBUlPS0_S1_E_E3topEv:
  30              	.LFB131:
  31              		.file 2 "src/../h/PriorityQueue.hpp"
   1:src/../h/PriorityQueue.hpp **** //
   2:src/../h/PriorityQueue.hpp **** // Created by os on 12/19/25.
   3:src/../h/PriorityQueue.hpp **** //
   4:src/../h/PriorityQueue.hpp **** 
   5:src/../h/PriorityQueue.hpp **** #ifndef PROJECT_BASE_V1_1_PRIORITYQUEUE_H
   6:src/../h/PriorityQueue.hpp **** #define PROJECT_BASE_V1_1_PRIORITYQUEUE_H
   7:src/../h/PriorityQueue.hpp **** #include "../lib/hw.h"
   8:src/../h/PriorityQueue.hpp **** #include "MemoryAllocator.hpp"
   9:src/../h/PriorityQueue.hpp **** 
  10:src/../h/PriorityQueue.hpp **** template <typename T, typename Compare>
  11:src/../h/PriorityQueue.hpp **** class PriorityQueue
  12:src/../h/PriorityQueue.hpp **** {
  13:src/../h/PriorityQueue.hpp **** public:
  14:src/../h/PriorityQueue.hpp ****     explicit PriorityQueue(Compare c) : cmp(c) {}
  15:src/../h/PriorityQueue.hpp **** 
  16:src/../h/PriorityQueue.hpp ****     void append(T* newElement);
  17:src/../h/PriorityQueue.hpp ****     T* take();
  18:src/../h/PriorityQueue.hpp ****     T* top();
  19:src/../h/PriorityQueue.hpp ****     static void* operator new(size_t size);
  20:src/../h/PriorityQueue.hpp ****     static void operator delete(void* obj);
  21:src/../h/PriorityQueue.hpp **** private:
  22:src/../h/PriorityQueue.hpp ****     T* head = nullptr, *tail = nullptr;
  23:src/../h/PriorityQueue.hpp ****     Compare cmp;
  24:src/../h/PriorityQueue.hpp **** };
  25:src/../h/PriorityQueue.hpp **** 
  26:src/../h/PriorityQueue.hpp **** template<typename T, typename Compare>
  27:src/../h/PriorityQueue.hpp **** void PriorityQueue<T, Compare>::append(T *newElement)
  28:src/../h/PriorityQueue.hpp **** {
  29:src/../h/PriorityQueue.hpp ****     if(head == nullptr)
  30:src/../h/PriorityQueue.hpp ****     {
  31:src/../h/PriorityQueue.hpp ****         head = newElement;
  32:src/../h/PriorityQueue.hpp ****     }
  33:src/../h/PriorityQueue.hpp **** 
  34:src/../h/PriorityQueue.hpp ****     T* curr = head, *prev = nullptr;
  35:src/../h/PriorityQueue.hpp ****     while(curr && cmp(curr, newElement))
  36:src/../h/PriorityQueue.hpp ****     {
  37:src/../h/PriorityQueue.hpp ****         newElement->setTimeToSleep(newElement->getTimeToSleep() - curr->getTimeToSleep());
  38:src/../h/PriorityQueue.hpp ****         prev = curr;
  39:src/../h/PriorityQueue.hpp ****         curr = curr->getState();
  40:src/../h/PriorityQueue.hpp ****     }
  41:src/../h/PriorityQueue.hpp **** 
  42:src/../h/PriorityQueue.hpp ****     if(curr == head)
  43:src/../h/PriorityQueue.hpp ****     {
  44:src/../h/PriorityQueue.hpp ****         newElement->addThreadToState(head);
  45:src/../h/PriorityQueue.hpp ****         head->setTimeToSleep(head->getTimeToSleep() - newElement->getTimeToSleep());
  46:src/../h/PriorityQueue.hpp ****         head = newElement;
  47:src/../h/PriorityQueue.hpp ****     }
GAS LISTING /tmp/ccOjCBq0.s 			page 6


  48:src/../h/PriorityQueue.hpp ****     else
  49:src/../h/PriorityQueue.hpp ****     {
  50:src/../h/PriorityQueue.hpp ****         newElement->addThreadToState(curr);
  51:src/../h/PriorityQueue.hpp ****         prev->addThreadToState(newElement);
  52:src/../h/PriorityQueue.hpp ****         curr->setTimeToSleep(curr->getTimeToSleep() - newElement->getTimeToSleep());
  53:src/../h/PriorityQueue.hpp ****     }
  54:src/../h/PriorityQueue.hpp **** }
  55:src/../h/PriorityQueue.hpp **** template<typename T, typename Compare>
  56:src/../h/PriorityQueue.hpp **** T* PriorityQueue<T, Compare>::take()
  57:src/../h/PriorityQueue.hpp **** {
  58:src/../h/PriorityQueue.hpp ****     T* oldElement = head;
  59:src/../h/PriorityQueue.hpp ****     head = head->getState();
  60:src/../h/PriorityQueue.hpp ****     if(!head)
  61:src/../h/PriorityQueue.hpp ****     {
  62:src/../h/PriorityQueue.hpp ****         tail = nullptr;
  63:src/../h/PriorityQueue.hpp ****     }
  64:src/../h/PriorityQueue.hpp ****     return oldElement;
  65:src/../h/PriorityQueue.hpp **** }
  66:src/../h/PriorityQueue.hpp **** template<typename T, typename Compare>
  67:src/../h/PriorityQueue.hpp **** void* PriorityQueue<T, Compare>::operator new(size_t size)
  68:src/../h/PriorityQueue.hpp **** {
  69:src/../h/PriorityQueue.hpp ****     size_t numOfBlocks = size / MEM_BLOCK_SIZE;
  70:src/../h/PriorityQueue.hpp ****     numOfBlocks += size % MEM_BLOCK_SIZE ? 1 : 0;
  71:src/../h/PriorityQueue.hpp ****     return MemoryAllocator::allocateMemory(numOfBlocks);
  72:src/../h/PriorityQueue.hpp **** }
  73:src/../h/PriorityQueue.hpp **** 
  74:src/../h/PriorityQueue.hpp **** template<typename T, typename Compare>
  75:src/../h/PriorityQueue.hpp **** void PriorityQueue<T, Compare>::operator delete(void *obj)
  76:src/../h/PriorityQueue.hpp **** {
  77:src/../h/PriorityQueue.hpp ****     MemoryAllocator::freeMemory(obj);
  78:src/../h/PriorityQueue.hpp **** }
  79:src/../h/PriorityQueue.hpp **** 
  80:src/../h/PriorityQueue.hpp **** template<typename T, typename Compare>
  81:src/../h/PriorityQueue.hpp **** T* PriorityQueue<T, Compare>::top()
  32              		.loc 2 81 4
  33              		.cfi_startproc
  34              	.LVL0:
  35 0010 130101FF 		addi	sp,sp,-16
  36              		.cfi_def_cfa_offset 16
  37 0014 23348100 		sd	s0,8(sp)
  38              		.cfi_offset 8, -8
  39 0018 13040101 		addi	s0,sp,16
  40              		.cfi_def_cfa 8, 0
  82:src/../h/PriorityQueue.hpp **** {
  83:src/../h/PriorityQueue.hpp ****     return head;
  84:src/../h/PriorityQueue.hpp **** }
  41              		.loc 2 84 1 is_stmt 0
  42 001c 03350500 		ld	a0,0(a0)
  43              	.LVL1:
  44 0020 03348100 		ld	s0,8(sp)
  45              		.cfi_restore 8
  46              		.cfi_def_cfa 2, 16
  47 0024 13010101 		addi	sp,sp,16
  48              		.cfi_def_cfa_offset 0
  49 0028 67800000 		jr	ra
  50              		.cfi_endproc
  51              	.LFE131:
GAS LISTING /tmp/ccOjCBq0.s 			page 7


  53              		.align	2
  55              	_ZN13PriorityQueueI3TCBUlPS0_S1_E_E4takeEv:
  56              	.LFB132:
  56:src/../h/PriorityQueue.hpp **** {
  57              		.loc 2 56 4 is_stmt 1
  58              		.cfi_startproc
  59              	.LVL2:
  60 002c 130101FF 		addi	sp,sp,-16
  61              		.cfi_def_cfa_offset 16
  62 0030 23348100 		sd	s0,8(sp)
  63              		.cfi_offset 8, -8
  64 0034 13040101 		addi	s0,sp,16
  65              		.cfi_def_cfa 8, 0
  66 0038 93070500 		mv	a5,a0
  58:src/../h/PriorityQueue.hpp ****     head = head->getState();
  67              		.loc 2 58 8 is_stmt 0
  68 003c 03350500 		ld	a0,0(a0)
  69              	.LVL3:
  70              	.LBB259:
  71              	.LBB260:
  72              		.file 3 "src/../h/TCB.hpp"
   1:src/../h/TCB.hpp **** //
   2:src/../h/TCB.hpp **** // Created by os on 12/5/25.
   3:src/../h/TCB.hpp **** //
   4:src/../h/TCB.hpp **** 
   5:src/../h/TCB.hpp **** #ifndef PROJECT_BASE_V1_1_TCB_H
   6:src/../h/TCB.hpp **** #define PROJECT_BASE_V1_1_TCB_H
   7:src/../h/TCB.hpp **** #include "ObjectPool.hpp"
   8:src/../h/TCB.hpp **** #include "MemoryAllocator.hpp"
   9:src/../h/TCB.hpp **** #include "../lib/hw.h"
  10:src/../h/TCB.hpp **** #include "Config.hpp"
  11:src/../h/TCB.hpp **** #include "Machine.hpp"
  12:src/../h/TCB.hpp **** #include "Queue.hpp"
  13:src/../h/TCB.hpp **** 
  14:src/../h/TCB.hpp **** class KSemaphore;
  15:src/../h/TCB.hpp **** class TCB
  16:src/../h/TCB.hpp **** {
  17:src/../h/TCB.hpp **** public:
  18:src/../h/TCB.hpp ****     typedef struct Context
  19:src/../h/TCB.hpp ****     {
  20:src/../h/TCB.hpp ****         uint64 ra;
  21:src/../h/TCB.hpp ****         uint64 sp;
  22:src/../h/TCB.hpp ****         KernelConfig::Mode mode;
  23:src/../h/TCB.hpp ****     } Context;
  24:src/../h/TCB.hpp ****     using Body = void(*)(void*);
  25:src/../h/TCB.hpp ****     TCB() = default;
  26:src/../h/TCB.hpp ****     ~TCB();
  27:src/../h/TCB.hpp ****     void initializeThread(Body body, void*arg, void* stack, void* systemStack, ObjectPool<TCB, Kern
  28:src/../h/TCB.hpp ****                           KernelConfig::ThreadState stateOfThread = KernelConfig::BLOCKED, KernelCo
  29:src/../h/TCB.hpp **** 
  30:src/../h/TCB.hpp ****     size_t getTimeSlice() const { return timeSlice; }
  31:src/../h/TCB.hpp ****     bool isFinished() const { return finished; }
  32:src/../h/TCB.hpp ****     void setIsFinished() { finished = true; }
  33:src/../h/TCB.hpp **** 
  34:src/../h/TCB.hpp ****     size_t getTimeToSleep() const { return timeToSleep; }
  35:src/../h/TCB.hpp **** 
  36:src/../h/TCB.hpp ****     void setTimeToSleep(size_t time) { timeToSleep = time; }
GAS LISTING /tmp/ccOjCBq0.s 			page 8


  37:src/../h/TCB.hpp **** 
  38:src/../h/TCB.hpp ****     void decrementTimeToSleep() { timeToSleep--; };
  39:src/../h/TCB.hpp ****     void addThreadToState(TCB* newThread) { state = newThread; }
  40:src/../h/TCB.hpp ****     TCB* getState() const { return state; }
  73              		.loc 3 40 29 is_stmt 1
  74              		.loc 3 40 36 is_stmt 0
  75 0040 03378504 		ld	a4,72(a0)
  76              	.LVL4:
  77              	.LBE260:
  78              	.LBE259:
  59:src/../h/PriorityQueue.hpp ****     if(!head)
  79              		.loc 2 59 5
  80 0044 23B0E700 		sd	a4,0(a5)
  60:src/../h/PriorityQueue.hpp ****     {
  81              		.loc 2 60 5
  82 0048 63080700 		beqz	a4,.L9
  83              	.L6:
  65:src/../h/PriorityQueue.hpp **** template<typename T, typename Compare>
  84              		.loc 2 65 1
  85 004c 03348100 		ld	s0,8(sp)
  86              		.cfi_remember_state
  87              		.cfi_restore 8
  88              		.cfi_def_cfa 2, 16
  89 0050 13010101 		addi	sp,sp,16
  90              		.cfi_def_cfa_offset 0
  91 0054 67800000 		jr	ra
  92              	.L9:
  93              		.cfi_restore_state
  62:src/../h/PriorityQueue.hpp ****     }
  94              		.loc 2 62 9
  95 0058 23B40700 		sd	zero,8(a5)
  64:src/../h/PriorityQueue.hpp **** }
  96              		.loc 2 64 12
  97 005c 6FF01FFF 		j	.L6
  98              		.cfi_endproc
  99              	.LFE132:
 101              		.align	2
 103              	_ZN13PriorityQueueI3TCBUlPS0_S1_E_E6appendES1_:
 104              	.LFB136:
  27:src/../h/PriorityQueue.hpp **** {
 105              		.loc 2 27 6 is_stmt 1
 106              		.cfi_startproc
 107              	.LVL5:
 108 0060 130101FF 		addi	sp,sp,-16
 109              		.cfi_def_cfa_offset 16
 110 0064 23348100 		sd	s0,8(sp)
 111              		.cfi_offset 8, -8
 112 0068 13040101 		addi	s0,sp,16
 113              		.cfi_def_cfa 8, 0
  29:src/../h/PriorityQueue.hpp ****     {
 114              		.loc 2 29 8 is_stmt 0
 115 006c 83370500 		ld	a5,0(a0)
  29:src/../h/PriorityQueue.hpp ****     {
 116              		.loc 2 29 5
 117 0070 63880702 		beqz	a5,.L17
 118              	.L11:
  34:src/../h/PriorityQueue.hpp ****     while(curr && cmp(curr, newElement))
GAS LISTING /tmp/ccOjCBq0.s 			page 9


 119              		.loc 2 34 8
 120 0074 83370500 		ld	a5,0(a0)
 121              	.LVL6:
  34:src/../h/PriorityQueue.hpp ****     while(curr && cmp(curr, newElement))
 122              		.loc 2 34 22
 123 0078 13060000 		li	a2,0
 124              	.LVL7:
 125              	.L13:
  35:src/../h/PriorityQueue.hpp ****     {
 126              		.loc 2 35 16 is_stmt 1
 127 007c 63860702 		beqz	a5,.L12
 128              	.LVL8:
 129              		.file 4 "src/../h/Kernel.hpp"
   1:src/../h/Kernel.hpp **** //
   2:src/../h/Kernel.hpp **** // Created by os on 12/1/25.
   3:src/../h/Kernel.hpp **** //
   4:src/../h/Kernel.hpp **** 
   5:src/../h/Kernel.hpp **** #ifndef PROJECT_BASE_V1_1_KERNEL_H
   6:src/../h/Kernel.hpp **** #define PROJECT_BASE_V1_1_KERNEL_H
   7:src/../h/Kernel.hpp **** #include "Machine.hpp"
   8:src/../h/Kernel.hpp **** #include "MemoryAllocator.hpp"
   9:src/../h/Kernel.hpp **** #include "Config.hpp"
  10:src/../h/Kernel.hpp **** #include "ObjectPool.hpp"
  11:src/../h/Kernel.hpp **** #include "PriorityQueue.hpp"
  12:src/../h/Kernel.hpp **** #include "TCB.hpp"
  13:src/../h/Kernel.hpp **** 
  14:src/../h/Kernel.hpp **** 
  15:src/../h/Kernel.hpp **** class KSemaphore;
  16:src/../h/Kernel.hpp **** auto cmp = [](TCB* threadI, TCB* threadJ)
  17:src/../h/Kernel.hpp **** {
  18:src/../h/Kernel.hpp ****     return threadI->getTimeToSleep() < threadJ->getTimeToSleep();
 130              		.loc 4 18 5 discriminator 1
 131              	.LBB261:
 132              	.LBB262:
 133              	.LBB263:
  34:src/../h/TCB.hpp **** 
 134              		.loc 3 34 37 discriminator 1
  34:src/../h/TCB.hpp **** 
 135              		.loc 3 34 44 is_stmt 0 discriminator 1
 136 0080 83B68705 		ld	a3,88(a5)
 137              	.LVL9:
 138              	.LBE263:
 139              	.LBE262:
 140              	.LBB264:
 141              	.LBB265:
  34:src/../h/TCB.hpp **** 
 142              		.loc 3 34 37 is_stmt 1 discriminator 1
  34:src/../h/TCB.hpp **** 
 143              		.loc 3 34 44 is_stmt 0 discriminator 1
 144 0084 03B78505 		ld	a4,88(a1)
 145              	.LVL10:
 146              	.LBE265:
 147              	.LBE264:
 148              	.LBE261:
  35:src/../h/PriorityQueue.hpp ****     {
 149              		.loc 2 35 16 discriminator 1
 150 0088 63F0E602 		bleu	a4,a3,.L12
GAS LISTING /tmp/ccOjCBq0.s 			page 10


 151              	.LVL11:
  34:src/../h/TCB.hpp **** 
 152              		.loc 3 34 37 is_stmt 1
  34:src/../h/TCB.hpp **** 
 153              		.loc 3 34 37
  37:src/../h/PriorityQueue.hpp ****         prev = curr;
 154              		.loc 2 37 9 is_stmt 0
 155 008c 3307D740 		sub	a4,a4,a3
 156              	.LVL12:
 157              	.LBB266:
 158              	.LBB267:
  36:src/../h/TCB.hpp **** 
 159              		.loc 3 36 40 is_stmt 1
  36:src/../h/TCB.hpp **** 
 160              		.loc 3 36 52 is_stmt 0
 161 0090 23BCE504 		sd	a4,88(a1)
 162              	.LVL13:
 163              	.LBE267:
 164              	.LBE266:
 165              	.LBB268:
 166              	.LBB269:
 167              		.loc 3 40 29 is_stmt 1
 168              	.LBE269:
 169              	.LBE268:
  38:src/../h/PriorityQueue.hpp ****         curr = curr->getState();
 170              		.loc 2 38 9 is_stmt 0
 171 0094 13860700 		mv	a2,a5
  39:src/../h/PriorityQueue.hpp ****     }
 172              		.loc 2 39 14
 173 0098 83B78704 		ld	a5,72(a5)
 174              	.LVL14:
  35:src/../h/PriorityQueue.hpp ****     {
 175              		.loc 2 35 5
 176 009c 6FF01FFE 		j	.L13
 177              	.LVL15:
 178              	.L17:
  31:src/../h/PriorityQueue.hpp ****     }
 179              		.loc 2 31 9
 180 00a0 2330B500 		sd	a1,0(a0)
 181 00a4 6FF01FFD 		j	.L11
 182              	.LVL16:
 183              	.L12:
  42:src/../h/PriorityQueue.hpp ****     {
 184              		.loc 2 42 16 discriminator 4
 185 00a8 03370500 		ld	a4,0(a0)
  42:src/../h/PriorityQueue.hpp ****     {
 186              		.loc 2 42 5 discriminator 4
 187 00ac 6304F702 		beq	a4,a5,.L18
 188              	.LVL17:
 189              	.LBB270:
 190              	.LBB271:
  39:src/../h/TCB.hpp ****     TCB* getState() const { return state; }
 191              		.loc 3 39 45 is_stmt 1
  39:src/../h/TCB.hpp ****     TCB* getState() const { return state; }
 192              		.loc 3 39 51 is_stmt 0
 193 00b0 23B4F504 		sd	a5,72(a1)
 194              	.LVL18:
GAS LISTING /tmp/ccOjCBq0.s 			page 11


 195              	.LBE271:
 196              	.LBE270:
 197              	.LBB272:
 198              	.LBB273:
  39:src/../h/TCB.hpp ****     TCB* getState() const { return state; }
 199              		.loc 3 39 45 is_stmt 1
  39:src/../h/TCB.hpp ****     TCB* getState() const { return state; }
 200              		.loc 3 39 51 is_stmt 0
 201 00b4 2334B604 		sd	a1,72(a2)
 202              	.LVL19:
 203              	.LBE273:
 204              	.LBE272:
 205              	.LBB274:
 206              	.LBB275:
  34:src/../h/TCB.hpp **** 
 207              		.loc 3 34 37 is_stmt 1
  34:src/../h/TCB.hpp **** 
 208              		.loc 3 34 44 is_stmt 0
 209 00b8 03B78705 		ld	a4,88(a5)
 210              	.LVL20:
 211              	.LBE275:
 212              	.LBE274:
 213              	.LBB276:
 214              	.LBB277:
  34:src/../h/TCB.hpp **** 
 215              		.loc 3 34 37 is_stmt 1
  34:src/../h/TCB.hpp **** 
 216              		.loc 3 34 44 is_stmt 0
 217 00bc 83B68505 		ld	a3,88(a1)
 218              	.LVL21:
 219              	.LBE277:
 220              	.LBE276:
  52:src/../h/PriorityQueue.hpp ****     }
 221              		.loc 2 52 9
 222 00c0 3307D740 		sub	a4,a4,a3
 223              	.LVL22:
 224              	.LBB278:
 225              	.LBB279:
  36:src/../h/TCB.hpp **** 
 226              		.loc 3 36 40 is_stmt 1
  36:src/../h/TCB.hpp **** 
 227              		.loc 3 36 52 is_stmt 0
 228 00c4 23BCE704 		sd	a4,88(a5)
 229              	.LVL23:
 230              	.L10:
 231              	.LBE279:
 232              	.LBE278:
  54:src/../h/PriorityQueue.hpp **** template<typename T, typename Compare>
 233              		.loc 2 54 1
 234 00c8 03348100 		ld	s0,8(sp)
 235              		.cfi_remember_state
 236              		.cfi_restore 8
 237              		.cfi_def_cfa 2, 16
 238 00cc 13010101 		addi	sp,sp,16
 239              		.cfi_def_cfa_offset 0
 240 00d0 67800000 		jr	ra
 241              	.LVL24:
GAS LISTING /tmp/ccOjCBq0.s 			page 12


 242              	.L18:
 243              		.cfi_restore_state
 244              	.LBB280:
 245              	.LBB281:
  39:src/../h/TCB.hpp ****     TCB* getState() const { return state; }
 246              		.loc 3 39 45 is_stmt 1
  39:src/../h/TCB.hpp ****     TCB* getState() const { return state; }
 247              		.loc 3 39 51 is_stmt 0
 248 00d4 23B4E504 		sd	a4,72(a1)
 249              	.LVL25:
 250              	.LBE281:
 251              	.LBE280:
 252              	.LBB282:
 253              	.LBB283:
  34:src/../h/TCB.hpp **** 
 254              		.loc 3 34 37 is_stmt 1
  34:src/../h/TCB.hpp **** 
 255              		.loc 3 34 44 is_stmt 0
 256 00d8 83378705 		ld	a5,88(a4)
 257              	.LVL26:
 258              	.LBE283:
 259              	.LBE282:
 260              	.LBB284:
 261              	.LBB285:
  34:src/../h/TCB.hpp **** 
 262              		.loc 3 34 37 is_stmt 1
  34:src/../h/TCB.hpp **** 
 263              		.loc 3 34 44 is_stmt 0
 264 00dc 83B68505 		ld	a3,88(a1)
 265              	.LVL27:
 266              	.LBE285:
 267              	.LBE284:
  45:src/../h/PriorityQueue.hpp ****         head = newElement;
 268              		.loc 2 45 9
 269 00e0 B387D740 		sub	a5,a5,a3
 270              	.LVL28:
 271              	.LBB286:
 272              	.LBB287:
  36:src/../h/TCB.hpp **** 
 273              		.loc 3 36 40 is_stmt 1
  36:src/../h/TCB.hpp **** 
 274              		.loc 3 36 52 is_stmt 0
 275 00e4 233CF704 		sd	a5,88(a4)
 276              	.LVL29:
 277              	.LBE287:
 278              	.LBE286:
  46:src/../h/PriorityQueue.hpp ****     }
 279              		.loc 2 46 9
 280 00e8 2330B500 		sd	a1,0(a0)
 281 00ec 6FF0DFFD 		j	.L10
 282              		.cfi_endproc
 283              	.LFE136:
 285              		.align	2
 286              		.globl	_ZN6Kernel9sysMallocEPNS_21ArgumentsOfSystemCallE
 288              	_ZN6Kernel9sysMallocEPNS_21ArgumentsOfSystemCallE:
 289              	.LFB96:
 211:src/Kernel.cpp ****     {
GAS LISTING /tmp/ccOjCBq0.s 			page 13


 212:src/Kernel.cpp **** 
 213:src/Kernel.cpp ****     }
 214:src/Kernel.cpp **** }
 215:src/Kernel.cpp **** 
 216:src/Kernel.cpp **** uint64 Kernel::sysMalloc(Kernel::ArgumentsOfSystemCall *arg)
 217:src/Kernel.cpp **** {
 290              		.loc 1 217 1 is_stmt 1
 291              		.cfi_startproc
 292              	.LVL30:
 293 00f0 130101FF 		addi	sp,sp,-16
 294              		.cfi_def_cfa_offset 16
 295 00f4 23341100 		sd	ra,8(sp)
 296 00f8 23308100 		sd	s0,0(sp)
 297              		.cfi_offset 1, -8
 298              		.cfi_offset 8, -16
 299 00fc 13040101 		addi	s0,sp,16
 300              		.cfi_def_cfa 8, 0
 218:src/Kernel.cpp **** //    uint64 returnValue;
 219:src/Kernel.cpp **** //    returnValue = (uint64)MemoryAllocator::allocateMemory(arg->a0);
 220:src/Kernel.cpp **** //    return returnValue;
 221:src/Kernel.cpp ****     return (uint64)MemoryAllocator::allocateMemory(arg->a0);
 301              		.loc 1 221 5
 302              		.loc 1 221 51 is_stmt 0
 303 0100 03350500 		ld	a0,0(a0)
 304              	.LVL31:
 305 0104 97000000 		call	_ZN15MemoryAllocator14allocateMemoryEm@plt
 305      E7800000 
 306              	.LVL32:
 222:src/Kernel.cpp **** }
 307              		.loc 1 222 1
 308 010c 83308100 		ld	ra,8(sp)
 309              		.cfi_restore 1
 310 0110 03340100 		ld	s0,0(sp)
 311              		.cfi_restore 8
 312              		.cfi_def_cfa 2, 16
 313 0114 13010101 		addi	sp,sp,16
 314              		.cfi_def_cfa_offset 0
 315 0118 67800000 		jr	ra
 316              		.cfi_endproc
 317              	.LFE96:
 319              		.align	2
 321              	_ZN13PriorityQueueI3TCBUlPS0_S1_E_EnwEm:
 322              	.LFB125:
  67:src/../h/PriorityQueue.hpp **** {
 323              		.loc 2 67 7 is_stmt 1
 324              		.cfi_startproc
 325              	.LVL33:
 326 011c 130101FF 		addi	sp,sp,-16
 327              		.cfi_def_cfa_offset 16
 328 0120 23341100 		sd	ra,8(sp)
 329 0124 23308100 		sd	s0,0(sp)
 330              		.cfi_offset 1, -8
 331              		.cfi_offset 8, -16
 332 0128 13040101 		addi	s0,sp,16
 333              		.cfi_def_cfa 8, 0
  69:src/../h/PriorityQueue.hpp ****     numOfBlocks += size % MEM_BLOCK_SIZE ? 1 : 0;
 334              		.loc 2 69 12 is_stmt 0
GAS LISTING /tmp/ccOjCBq0.s 			page 14


 335 012c 93576500 		srli	a5,a0,6
 336              	.LVL34:
  70:src/../h/PriorityQueue.hpp ****     return MemoryAllocator::allocateMemory(numOfBlocks);
 337              		.loc 2 70 25
 338 0130 1375F503 		andi	a0,a0,63
 339              	.LVL35:
  70:src/../h/PriorityQueue.hpp ****     return MemoryAllocator::allocateMemory(numOfBlocks);
 340              		.loc 2 70 17
 341 0134 63040500 		beqz	a0,.L22
 342 0138 13051000 		li	a0,1
 343              	.L22:
 344              	.LVL36:
  71:src/../h/PriorityQueue.hpp **** }
 345              		.loc 2 71 43 discriminator 4
 346 013c 3305F500 		add	a0,a0,a5
 347              	.LVL37:
 348 0140 97000000 		call	_ZN15MemoryAllocator14allocateMemoryEm@plt
 348      E7800000 
 349              	.LVL38:
  72:src/../h/PriorityQueue.hpp **** 
 350              		.loc 2 72 1 discriminator 4
 351 0148 83308100 		ld	ra,8(sp)
 352              		.cfi_restore 1
 353 014c 03340100 		ld	s0,0(sp)
 354              		.cfi_restore 8
 355              		.cfi_def_cfa 2, 16
 356 0150 13010101 		addi	sp,sp,16
 357              		.cfi_def_cfa_offset 0
 358 0154 67800000 		jr	ra
 359              		.cfi_endproc
 360              	.LFE125:
 362              		.align	2
 364              	_ZN13PriorityQueueI3TCBUlPS0_S1_E_EdlEPv:
 365              	.LFB129:
  75:src/../h/PriorityQueue.hpp **** {
 366              		.loc 2 75 6 is_stmt 1
 367              		.cfi_startproc
 368              	.LVL39:
 369 0158 130101FF 		addi	sp,sp,-16
 370              		.cfi_def_cfa_offset 16
 371 015c 23341100 		sd	ra,8(sp)
 372 0160 23308100 		sd	s0,0(sp)
 373              		.cfi_offset 1, -8
 374              		.cfi_offset 8, -16
 375 0164 13040101 		addi	s0,sp,16
 376              		.cfi_def_cfa 8, 0
  77:src/../h/PriorityQueue.hpp **** }
 377              		.loc 2 77 32 is_stmt 0
 378 0168 97000000 		call	_ZN15MemoryAllocator10freeMemoryEPv@plt
 378      E7800000 
 379              	.LVL40:
  78:src/../h/PriorityQueue.hpp **** 
 380              		.loc 2 78 1
 381 0170 83308100 		ld	ra,8(sp)
 382              		.cfi_restore 1
 383 0174 03340100 		ld	s0,0(sp)
 384              		.cfi_restore 8
GAS LISTING /tmp/ccOjCBq0.s 			page 15


 385              		.cfi_def_cfa 2, 16
 386 0178 13010101 		addi	sp,sp,16
 387              		.cfi_def_cfa_offset 0
 388 017c 67800000 		jr	ra
 389              		.cfi_endproc
 390              	.LFE129:
 392              		.align	2
 393              		.globl	_ZN6Kernel7sysFreeEPNS_21ArgumentsOfSystemCallE
 395              	_ZN6Kernel7sysFreeEPNS_21ArgumentsOfSystemCallE:
 396              	.LFB97:
 223:src/Kernel.cpp **** uint64 Kernel::sysFree(Kernel::ArgumentsOfSystemCall *arg)
 224:src/Kernel.cpp **** {
 397              		.loc 1 224 1 is_stmt 1
 398              		.cfi_startproc
 399              	.LVL41:
 400 0180 130101FF 		addi	sp,sp,-16
 401              		.cfi_def_cfa_offset 16
 402 0184 23341100 		sd	ra,8(sp)
 403 0188 23308100 		sd	s0,0(sp)
 404              		.cfi_offset 1, -8
 405              		.cfi_offset 8, -16
 406 018c 13040101 		addi	s0,sp,16
 407              		.cfi_def_cfa 8, 0
 225:src/Kernel.cpp **** //    uint64 returnValue;
 226:src/Kernel.cpp **** //    returnValue = (uint64)MemoryAllocator::freeMemory((void*)arg->a0);
 227:src/Kernel.cpp **** //    return returnValue;
 228:src/Kernel.cpp ****     return (uint64)MemoryAllocator::freeMemory((void*)arg->a0);
 408              		.loc 1 228 5
 409              		.loc 1 228 47 is_stmt 0
 410 0190 03350500 		ld	a0,0(a0)
 411              	.LVL42:
 412 0194 97000000 		call	_ZN15MemoryAllocator10freeMemoryEPv@plt
 412      E7800000 
 413              	.LVL43:
 229:src/Kernel.cpp **** }
 414              		.loc 1 229 1
 415 019c 83308100 		ld	ra,8(sp)
 416              		.cfi_restore 1
 417 01a0 03340100 		ld	s0,0(sp)
 418              		.cfi_restore 8
 419              		.cfi_def_cfa 2, 16
 420 01a4 13010101 		addi	sp,sp,16
 421              		.cfi_def_cfa_offset 0
 422 01a8 67800000 		jr	ra
 423              		.cfi_endproc
 424              	.LFE97:
 426              		.align	2
 427              		.globl	_ZN6Kernel14sysThreadStartEPNS_21ArgumentsOfSystemCallE
 429              	_ZN6Kernel14sysThreadStartEPNS_21ArgumentsOfSystemCallE:
 430              	.LFB103:
 230:src/Kernel.cpp **** uint64 Kernel::sysGetFreeSpace(Kernel::ArgumentsOfSystemCall *arg)
 231:src/Kernel.cpp **** {
 232:src/Kernel.cpp **** //    uint64 returnValue;
 233:src/Kernel.cpp **** //    returnValue = (uint64)MemoryAllocator::getFreeSpace();
 234:src/Kernel.cpp **** //    return returnValue;
 235:src/Kernel.cpp ****     return (uint64)MemoryAllocator::getFreeSpace();
 236:src/Kernel.cpp **** }
GAS LISTING /tmp/ccOjCBq0.s 			page 16


 237:src/Kernel.cpp **** uint64 Kernel::sysLargestFreeBlock(Kernel::ArgumentsOfSystemCall *arg)
 238:src/Kernel.cpp **** {
 239:src/Kernel.cpp **** //    uint64 returnValue;
 240:src/Kernel.cpp **** //    returnValue = (uint64)MemoryAllocator::getLargestFreeBlock();
 241:src/Kernel.cpp **** //    return (uint64)MemoryAllocator;
 242:src/Kernel.cpp ****     return (uint64)MemoryAllocator::getLargestFreeBlock();
 243:src/Kernel.cpp **** }
 244:src/Kernel.cpp **** uint64 Kernel::sysThreadCreate(Kernel::ArgumentsOfSystemCall *arg)
 245:src/Kernel.cpp **** {
 246:src/Kernel.cpp ****     ObjectPool<TCB, KernelConfig::NUM_OF_THREADS_IN_POOL>* sourcePool;
 247:src/Kernel.cpp ****     TCB* newThread = poolOfThreads->mallocObject(&sourcePool);
 248:src/Kernel.cpp ****     if(!newThread)
 249:src/Kernel.cpp ****     {
 250:src/Kernel.cpp ****         return -1;
 251:src/Kernel.cpp ****     }
 252:src/Kernel.cpp ****     __asm__ volatile("sd %[ptrThread], 0(%[handle])"::[ptrThread]"r"(newThread), [handle]"r"(arg->a
 253:src/Kernel.cpp ****     void* kernelSystemStack = Kernel::mallocSystemStack(KernelConfig::DEFAULT_SYSTEM_STACK_SIZE);
 254:src/Kernel.cpp ****     newThread->initializeThread((TCB::Body) arg->a1, (void*)arg->a2, (void*)arg->a3, kernelSystemSt
 255:src/Kernel.cpp ****     return 0;
 256:src/Kernel.cpp **** }
 257:src/Kernel.cpp **** uint64 Kernel::sysThreadDispatch(Kernel::ArgumentsOfSystemCall *arg)
 258:src/Kernel.cpp **** {
 259:src/Kernel.cpp ****     TCB::dispatch();
 260:src/Kernel.cpp ****     return 0;
 261:src/Kernel.cpp **** }
 262:src/Kernel.cpp **** uint64 Kernel::sysThreadExit(Kernel::ArgumentsOfSystemCall *arg)
 263:src/Kernel.cpp **** {
 264:src/Kernel.cpp **** 
 265:src/Kernel.cpp ****     TCB::getRunningThread()->setIsFinished();
 266:src/Kernel.cpp **** 
 267:src/Kernel.cpp ****     if(!TCB::getRunningThread()->getSemaphoreOnWait())
 268:src/Kernel.cpp ****     {
 269:src/Kernel.cpp ****         KSemaphore* tempSemaphore = TCB::getRunningThread()->getSemaphoreOnWait();
 270:src/Kernel.cpp ****         tempSemaphore->removeThreadFromBlockedQueue(TCB::getRunningThread());
 271:src/Kernel.cpp ****     }
 272:src/Kernel.cpp ****     TCB* oldThread = TCB::getRunningThread();
 273:src/Kernel.cpp ****     oldThread->freeWaitThreads();
 274:src/Kernel.cpp ****     return 0;
 275:src/Kernel.cpp **** }
 276:src/Kernel.cpp **** uint64 Kernel::sysThreadStart(ArgumentsOfSystemCall *arg)
 277:src/Kernel.cpp **** {
 431              		.loc 1 277 1 is_stmt 1
 432              		.cfi_startproc
 433              	.LVL44:
 434 01ac 130101FF 		addi	sp,sp,-16
 435              		.cfi_def_cfa_offset 16
 436 01b0 23341100 		sd	ra,8(sp)
 437 01b4 23308100 		sd	s0,0(sp)
 438              		.cfi_offset 1, -8
 439              		.cfi_offset 8, -16
 440 01b8 13040101 		addi	s0,sp,16
 441              		.cfi_def_cfa 8, 0
 278:src/Kernel.cpp ****     Scheduler::put((TCB*)arg->a0);
 442              		.loc 1 278 5
 443              		.loc 1 278 19 is_stmt 0
 444 01bc 03350500 		ld	a0,0(a0)
 445              	.LVL45:
GAS LISTING /tmp/ccOjCBq0.s 			page 17


 446 01c0 97000000 		call	_ZN9Scheduler3putEP3TCB@plt
 446      E7800000 
 447              	.LVL46:
 279:src/Kernel.cpp ****     return 0;
 448              		.loc 1 279 5 is_stmt 1
 280:src/Kernel.cpp **** }
 449              		.loc 1 280 1 is_stmt 0
 450 01c8 13050000 		li	a0,0
 451 01cc 83308100 		ld	ra,8(sp)
 452              		.cfi_restore 1
 453 01d0 03340100 		ld	s0,0(sp)
 454              		.cfi_restore 8
 455              		.cfi_def_cfa 2, 16
 456 01d4 13010101 		addi	sp,sp,16
 457              		.cfi_def_cfa_offset 0
 458 01d8 67800000 		jr	ra
 459              		.cfi_endproc
 460              	.LFE103:
 462              		.align	2
 463              		.globl	_ZN6Kernel17sysThreadDispatchEPNS_21ArgumentsOfSystemCallE
 465              	_ZN6Kernel17sysThreadDispatchEPNS_21ArgumentsOfSystemCallE:
 466              	.LFB101:
 258:src/Kernel.cpp ****     TCB::dispatch();
 467              		.loc 1 258 1 is_stmt 1
 468              		.cfi_startproc
 469              	.LVL47:
 470 01dc 130101FF 		addi	sp,sp,-16
 471              		.cfi_def_cfa_offset 16
 472 01e0 23341100 		sd	ra,8(sp)
 473 01e4 23308100 		sd	s0,0(sp)
 474              		.cfi_offset 1, -8
 475              		.cfi_offset 8, -16
 476 01e8 13040101 		addi	s0,sp,16
 477              		.cfi_def_cfa 8, 0
 259:src/Kernel.cpp ****     return 0;
 478              		.loc 1 259 5
 259:src/Kernel.cpp ****     return 0;
 479              		.loc 1 259 18 is_stmt 0
 480 01ec 97000000 		call	_ZN3TCB8dispatchEv@plt
 480      E7800000 
 481              	.LVL48:
 260:src/Kernel.cpp **** }
 482              		.loc 1 260 5 is_stmt 1
 261:src/Kernel.cpp **** uint64 Kernel::sysThreadExit(Kernel::ArgumentsOfSystemCall *arg)
 483              		.loc 1 261 1 is_stmt 0
 484 01f4 13050000 		li	a0,0
 485 01f8 83308100 		ld	ra,8(sp)
 486              		.cfi_restore 1
 487 01fc 03340100 		ld	s0,0(sp)
 488              		.cfi_restore 8
 489              		.cfi_def_cfa 2, 16
 490 0200 13010101 		addi	sp,sp,16
 491              		.cfi_def_cfa_offset 0
 492 0204 67800000 		jr	ra
 493              		.cfi_endproc
 494              	.LFE101:
 496              		.align	2
GAS LISTING /tmp/ccOjCBq0.s 			page 18


 497              		.globl	_ZN6Kernel15sysGetFreeSpaceEPNS_21ArgumentsOfSystemCallE
 499              	_ZN6Kernel15sysGetFreeSpaceEPNS_21ArgumentsOfSystemCallE:
 500              	.LFB98:
 231:src/Kernel.cpp **** //    uint64 returnValue;
 501              		.loc 1 231 1 is_stmt 1
 502              		.cfi_startproc
 503              	.LVL49:
 504 0208 130101FF 		addi	sp,sp,-16
 505              		.cfi_def_cfa_offset 16
 506 020c 23341100 		sd	ra,8(sp)
 507 0210 23308100 		sd	s0,0(sp)
 508              		.cfi_offset 1, -8
 509              		.cfi_offset 8, -16
 510 0214 13040101 		addi	s0,sp,16
 511              		.cfi_def_cfa 8, 0
 235:src/Kernel.cpp **** }
 512              		.loc 1 235 5
 235:src/Kernel.cpp **** }
 513              		.loc 1 235 49 is_stmt 0
 514 0218 97000000 		call	_ZN15MemoryAllocator12getFreeSpaceEv@plt
 514      E7800000 
 515              	.LVL50:
 236:src/Kernel.cpp **** uint64 Kernel::sysLargestFreeBlock(Kernel::ArgumentsOfSystemCall *arg)
 516              		.loc 1 236 1
 517 0220 83308100 		ld	ra,8(sp)
 518              		.cfi_restore 1
 519 0224 03340100 		ld	s0,0(sp)
 520              		.cfi_restore 8
 521              		.cfi_def_cfa 2, 16
 522 0228 13010101 		addi	sp,sp,16
 523              		.cfi_def_cfa_offset 0
 524 022c 67800000 		jr	ra
 525              		.cfi_endproc
 526              	.LFE98:
 528              		.align	2
 529              		.globl	_ZN6Kernel19sysLargestFreeBlockEPNS_21ArgumentsOfSystemCallE
 531              	_ZN6Kernel19sysLargestFreeBlockEPNS_21ArgumentsOfSystemCallE:
 532              	.LFB99:
 238:src/Kernel.cpp **** //    uint64 returnValue;
 533              		.loc 1 238 1 is_stmt 1
 534              		.cfi_startproc
 535              	.LVL51:
 536 0230 130101FF 		addi	sp,sp,-16
 537              		.cfi_def_cfa_offset 16
 538 0234 23341100 		sd	ra,8(sp)
 539 0238 23308100 		sd	s0,0(sp)
 540              		.cfi_offset 1, -8
 541              		.cfi_offset 8, -16
 542 023c 13040101 		addi	s0,sp,16
 543              		.cfi_def_cfa 8, 0
 242:src/Kernel.cpp **** }
 544              		.loc 1 242 5
 242:src/Kernel.cpp **** }
 545              		.loc 1 242 56 is_stmt 0
 546 0240 97000000 		call	_ZN15MemoryAllocator19getLargestFreeBlockEv@plt
 546      E7800000 
 547              	.LVL52:
GAS LISTING /tmp/ccOjCBq0.s 			page 19


 243:src/Kernel.cpp **** uint64 Kernel::sysThreadCreate(Kernel::ArgumentsOfSystemCall *arg)
 548              		.loc 1 243 1
 549 0248 83308100 		ld	ra,8(sp)
 550              		.cfi_restore 1
 551 024c 03340100 		ld	s0,0(sp)
 552              		.cfi_restore 8
 553              		.cfi_def_cfa 2, 16
 554 0250 13010101 		addi	sp,sp,16
 555              		.cfi_def_cfa_offset 0
 556 0254 67800000 		jr	ra
 557              		.cfi_endproc
 558              	.LFE99:
 560              		.align	2
 561              		.globl	_ZN6Kernel13sysThreadExitEPNS_21ArgumentsOfSystemCallE
 563              	_ZN6Kernel13sysThreadExitEPNS_21ArgumentsOfSystemCallE:
 564              	.LFB102:
 263:src/Kernel.cpp **** 
 565              		.loc 1 263 1 is_stmt 1
 566              		.cfi_startproc
 567              	.LVL53:
 568 0258 130101FF 		addi	sp,sp,-16
 569              		.cfi_def_cfa_offset 16
 570 025c 23341100 		sd	ra,8(sp)
 571 0260 23308100 		sd	s0,0(sp)
 572              		.cfi_offset 1, -8
 573              		.cfi_offset 8, -16
 574 0264 13040101 		addi	s0,sp,16
 575              		.cfi_def_cfa 8, 0
 265:src/Kernel.cpp **** 
 576              		.loc 1 265 5
 577              	.LBB288:
 578              	.LBB289:
  41:src/../h/TCB.hpp ****     void resetState() {state = nullptr; }
  42:src/../h/TCB.hpp ****     Context* getContext() { return &context; }
  43:src/../h/TCB.hpp ****     void* getUserStack() const { return userStack; }
  44:src/../h/TCB.hpp ****     void* getSystemStack() const { return systemStack; }
  45:src/../h/TCB.hpp ****     ObjectPool<TCB, KernelConfig::NUM_OF_THREADS_IN_POOL>* getSourcePool() { return sourcePool; }
  46:src/../h/TCB.hpp **** 
  47:src/../h/TCB.hpp **** 
  48:src/../h/TCB.hpp ****     void setWakeUpReason(KernelConfig::WakeUpReason reason) { wakeUpReason = reason; }
  49:src/../h/TCB.hpp ****     KernelConfig::WakeUpReason getWakeUpReason() { return wakeUpReason; }
  50:src/../h/TCB.hpp ****     void setSemaphoreOnWait (KSemaphore* semaphore) { waitOnSemaphore = semaphore; }
  51:src/../h/TCB.hpp ****     KSemaphore* getSemaphoreOnWait() const { return waitOnSemaphore; }
  52:src/../h/TCB.hpp ****     void resetSemaphoreOnWait() { waitOnSemaphore = nullptr; }
  53:src/../h/TCB.hpp ****     void addThreadToWaitQueue(TCB* newThread);
  54:src/../h/TCB.hpp ****     void freeWaitThreads();
  55:src/../h/TCB.hpp **** 
  56:src/../h/TCB.hpp ****     static void dispatch();
  57:src/../h/TCB.hpp ****     static void start(TCB* readyElement);
  58:src/../h/TCB.hpp **** 
  59:src/../h/TCB.hpp ****     static TCB* getRunningThread() { return running; }
 579              		.loc 3 59 38
 580              		.loc 3 59 45 is_stmt 0
 581 0268 97070000 		la	a5,_ZN3TCB7runningE
 581      83B70700 
 582 0270 83B50700 		ld	a1,0(a5)
 583              	.LVL54:
GAS LISTING /tmp/ccOjCBq0.s 			page 20


 584              	.LBE289:
 585              	.LBE288:
 586              	.LBB290:
 587              	.LBB291:
  32:src/../h/TCB.hpp **** 
 588              		.loc 3 32 28 is_stmt 1
  32:src/../h/TCB.hpp **** 
 589              		.loc 3 32 37 is_stmt 0
 590 0274 93071000 		li	a5,1
 591 0278 2388F504 		sb	a5,80(a1)
 592              	.LVL55:
 593              	.LBE291:
 594              	.LBE290:
 267:src/Kernel.cpp ****     {
 595              		.loc 1 267 5 is_stmt 1
 596              		.loc 3 59 38
 597              	.LBB292:
 598              	.LBB293:
 599              	.LBB294:
  51:src/../h/TCB.hpp ****     void resetSemaphoreOnWait() { waitOnSemaphore = nullptr; }
 600              		.loc 3 51 46
  51:src/../h/TCB.hpp ****     void resetSemaphoreOnWait() { waitOnSemaphore = nullptr; }
 601              		.loc 3 51 53 is_stmt 0
 602 027c 03B50504 		ld	a0,64(a1)
 603              	.LVL56:
 604              	.LBE294:
 605              	.LBE293:
 267:src/Kernel.cpp ****     {
 606              		.loc 1 267 5
 607 0280 63060502 		beqz	a0,.L39
 608              	.L37:
 609              	.LBE292:
 272:src/Kernel.cpp ****     oldThread->freeWaitThreads();
 610              		.loc 1 272 5 is_stmt 1
 611              	.LBB298:
 612              	.LBB299:
 613              		.loc 3 59 38
 614              	.LVL57:
 615              	.LBE299:
 616              	.LBE298:
 273:src/Kernel.cpp ****     return 0;
 617              		.loc 1 273 5
 273:src/Kernel.cpp ****     return 0;
 618              		.loc 1 273 31 is_stmt 0
 619 0284 97070000 		la	a5,_ZN3TCB7runningE
 619      83B70700 
 620 028c 03B50700 		ld	a0,0(a5)
 621 0290 97000000 		call	_ZN3TCB15freeWaitThreadsEv@plt
 621      E7800000 
 622              	.LVL58:
 274:src/Kernel.cpp **** }
 623              		.loc 1 274 5 is_stmt 1
 275:src/Kernel.cpp **** uint64 Kernel::sysThreadStart(ArgumentsOfSystemCall *arg)
 624              		.loc 1 275 1 is_stmt 0
 625 0298 13050000 		li	a0,0
 626 029c 83308100 		ld	ra,8(sp)
 627              		.cfi_remember_state
GAS LISTING /tmp/ccOjCBq0.s 			page 21


 628              		.cfi_restore 1
 629 02a0 03340100 		ld	s0,0(sp)
 630              		.cfi_restore 8
 631              		.cfi_def_cfa 2, 16
 632 02a4 13010101 		addi	sp,sp,16
 633              		.cfi_def_cfa_offset 0
 634 02a8 67800000 		jr	ra
 635              	.L39:
 636              		.cfi_restore_state
 637              	.LBB300:
 638              	.LBB295:
 269:src/Kernel.cpp ****         tempSemaphore->removeThreadFromBlockedQueue(TCB::getRunningThread());
 639              		.loc 1 269 9 is_stmt 1
 640              	.LBE295:
 641              	.LBE300:
 642              		.loc 3 59 38
 643              	.LVL59:
  51:src/../h/TCB.hpp ****     void resetSemaphoreOnWait() { waitOnSemaphore = nullptr; }
 644              		.loc 3 51 46
 645              	.LBB301:
 646              	.LBB296:
 270:src/Kernel.cpp ****     }
 647              		.loc 1 270 9
 648              	.LBE296:
 649              	.LBE301:
 650              		.loc 3 59 38
 651              	.LBB302:
 652              	.LBB297:
 270:src/Kernel.cpp ****     }
 653              		.loc 1 270 52 is_stmt 0
 654 02ac 97000000 		call	_ZN10KSemaphore28removeThreadFromBlockedQueueEP3TCB@plt
 654      E7800000 
 655              	.LVL60:
 656              	.LBE297:
 657 02b4 6FF01FFD 		j	.L37
 658              	.LBE302:
 659              		.cfi_endproc
 660              	.LFE102:
 662              		.align	2
 663              		.globl	_ZN6Kernel12sysTimeSleepEPNS_21ArgumentsOfSystemCallE
 665              	_ZN6Kernel12sysTimeSleepEPNS_21ArgumentsOfSystemCallE:
 666              	.LFB109:
 281:src/Kernel.cpp **** uint64 Kernel::sysThreadJoin(ArgumentsOfSystemCall *arg)
 282:src/Kernel.cpp **** {
 283:src/Kernel.cpp ****     TCB* temp = (TCB*)(arg->a0);
 284:src/Kernel.cpp ****     if(!temp->isFinished())
 285:src/Kernel.cpp ****     {
 286:src/Kernel.cpp ****         TCB* oldThread = TCB::getRunningThread();
 287:src/Kernel.cpp ****         oldThread->resetState();
 288:src/Kernel.cpp ****         temp->addThreadToWaitQueue(oldThread);
 289:src/Kernel.cpp ****         TCB::TCB::setRunningThread(Scheduler::get());
 290:src/Kernel.cpp ****         context_switch(oldThread->getContext(), TCB::getRunningThread()->getContext());
 291:src/Kernel.cpp **** 
 292:src/Kernel.cpp ****     }
 293:src/Kernel.cpp **** 
 294:src/Kernel.cpp ****     delete temp;
 295:src/Kernel.cpp ****     poolOfThreads->freeObject(temp);
GAS LISTING /tmp/ccOjCBq0.s 			page 22


 296:src/Kernel.cpp ****     return 0;
 297:src/Kernel.cpp **** }
 298:src/Kernel.cpp **** uint64 Kernel::sysSemaphoreOpen(ArgumentsOfSystemCall *arg)
 299:src/Kernel.cpp **** {
 300:src/Kernel.cpp ****     ObjectPool<KSemaphore, KernelConfig::NUM_OF_SEMAPHORES_IN_POOL>* sourcePool;
 301:src/Kernel.cpp ****     KSemaphore* newSemaphore = poolOfSemaphores->mallocObject(&sourcePool);
 302:src/Kernel.cpp ****     if(!newSemaphore)
 303:src/Kernel.cpp ****     {
 304:src/Kernel.cpp ****         return -1;
 305:src/Kernel.cpp ****     }
 306:src/Kernel.cpp ****     __asm__ volatile("sd %[ptrSemaphore], 0(%[handle])"::[ptrSemaphore]"r"(newSemaphore), [handle]"
 307:src/Kernel.cpp ****     newSemaphore->initializeSemaphore((unsigned)arg->a1, sourcePool);
 308:src/Kernel.cpp ****     return 0;
 309:src/Kernel.cpp **** }
 310:src/Kernel.cpp **** 
 311:src/Kernel.cpp **** uint64 Kernel::sysSemaphoreClose(ArgumentsOfSystemCall *arg)
 312:src/Kernel.cpp **** {
 313:src/Kernel.cpp ****     uint64 returnValue;
 314:src/Kernel.cpp ****     KSemaphore* tempSemaphore = (KSemaphore*)(arg->a0);
 315:src/Kernel.cpp ****     returnValue = (uint64)tempSemaphore->close();
 316:src/Kernel.cpp ****     Kernel::poolOfSemaphores->freeObject(tempSemaphore);
 317:src/Kernel.cpp ****     delete tempSemaphore;
 318:src/Kernel.cpp ****     return returnValue;
 319:src/Kernel.cpp **** }
 320:src/Kernel.cpp **** 
 321:src/Kernel.cpp **** uint64 Kernel::sysSemaphoreWait(ArgumentsOfSystemCall *arg)
 322:src/Kernel.cpp **** {
 323:src/Kernel.cpp ****     KSemaphore* tempSemaphore = (KSemaphore*)(arg->a0);
 324:src/Kernel.cpp ****     return (uint64)tempSemaphore->wait();
 325:src/Kernel.cpp **** }
 326:src/Kernel.cpp **** 
 327:src/Kernel.cpp **** uint64 Kernel::sysSemaphoreSignal(ArgumentsOfSystemCall *arg)
 328:src/Kernel.cpp **** {
 329:src/Kernel.cpp ****     KSemaphore* tempSemaphore = (KSemaphore*)(arg->a0);
 330:src/Kernel.cpp ****     return (uint64)tempSemaphore->signal();
 331:src/Kernel.cpp **** }
 332:src/Kernel.cpp **** 
 333:src/Kernel.cpp **** uint64 Kernel::sysTimeSleep(ArgumentsOfSystemCall *arg)
 334:src/Kernel.cpp **** {
 667              		.loc 1 334 1 is_stmt 1
 668              		.cfi_startproc
 669              	.LVL61:
 670 02b8 130101FE 		addi	sp,sp,-32
 671              		.cfi_def_cfa_offset 32
 672 02bc 233C1100 		sd	ra,24(sp)
 673 02c0 23388100 		sd	s0,16(sp)
 674 02c4 23349100 		sd	s1,8(sp)
 675 02c8 23302101 		sd	s2,0(sp)
 676              		.cfi_offset 1, -8
 677              		.cfi_offset 8, -16
 678              		.cfi_offset 9, -24
 679              		.cfi_offset 18, -32
 680 02cc 13040102 		addi	s0,sp,32
 681              		.cfi_def_cfa 8, 0
 335:src/Kernel.cpp ****     TCB* oldThread = TCB::getRunningThread();
 682              		.loc 1 335 5
 683              	.LBB303:
GAS LISTING /tmp/ccOjCBq0.s 			page 23


 684              	.LBB304:
 685              		.loc 3 59 38
 686              		.loc 3 59 45 is_stmt 0
 687 02d0 17090000 		la	s2,_ZN3TCB7runningE
 687      03390900 
 688 02d8 83340900 		ld	s1,0(s2)
 689              	.LVL62:
 690              	.LBE304:
 691              	.LBE303:
 336:src/Kernel.cpp ****     oldThread->resetState();
 692              		.loc 1 336 5 is_stmt 1
 693              	.LBB305:
 694              	.LBB306:
  41:src/../h/TCB.hpp ****     Context* getContext() { return &context; }
 695              		.loc 3 41 24
  41:src/../h/TCB.hpp ****     Context* getContext() { return &context; }
 696              		.loc 3 41 30 is_stmt 0
 697 02dc 23B40404 		sd	zero,72(s1)
 698              	.LVL63:
 699              	.LBE306:
 700              	.LBE305:
 337:src/Kernel.cpp ****     oldThread->setTimeToSleep((size_t)arg->a0);
 701              		.loc 1 337 5 is_stmt 1
 702              		.loc 1 337 44 is_stmt 0
 703 02e0 83370500 		ld	a5,0(a0)
 704              	.LVL64:
 705              	.LBB307:
 706              	.LBB308:
  36:src/../h/TCB.hpp **** 
 707              		.loc 3 36 40 is_stmt 1
  36:src/../h/TCB.hpp **** 
 708              		.loc 3 36 52 is_stmt 0
 709 02e4 23BCF404 		sd	a5,88(s1)
 710              	.LVL65:
 711              	.LBE308:
 712              	.LBE307:
 338:src/Kernel.cpp ****     queueOfAsleepThreads->append(oldThread);
 713              		.loc 1 338 5 is_stmt 1
 714              		.loc 1 338 33 is_stmt 0
 715 02e8 93850400 		mv	a1,s1
 716 02ec 17050000 		ld	a0,.LANCHOR0
 716      03350500 
 717              	.LVL66:
 718 02f4 97000000 		call	_ZN13PriorityQueueI3TCBUlPS0_S1_E_E6appendES1_
 718      E7800000 
 719              	.LVL67:
 339:src/Kernel.cpp ****     TCB::setRunningThread(Scheduler::get());
 720              		.loc 1 339 5 is_stmt 1
 721              		.loc 1 339 26 is_stmt 0
 722 02fc 97000000 		call	_ZN9Scheduler3getEv@plt
 722      E7800000 
 723              	.LVL68:
 724              	.LBB309:
 725              	.LBB310:
  60:src/../h/TCB.hpp ****     static void setRunningThread(TCB* newRunningThread) { running = newRunningThread; }
 726              		.loc 3 60 59 is_stmt 1
 727              		.loc 3 60 67 is_stmt 0
GAS LISTING /tmp/ccOjCBq0.s 			page 24


 728 0304 2330A900 		sd	a0,0(s2)
 729              	.LVL69:
 730              	.LBE310:
 731              	.LBE309:
 340:src/Kernel.cpp ****     context_switch(oldThread->getContext(), TCB::getRunningThread()->getContext());
 732              		.loc 1 340 5 is_stmt 1
 733              	.LBB311:
 734              	.LBB312:
  42:src/../h/TCB.hpp ****     void* getUserStack() const { return userStack; }
 735              		.loc 3 42 29
 736              	.LBE312:
 737              	.LBE311:
  59:src/../h/TCB.hpp ****     static void setRunningThread(TCB* newRunningThread) { running = newRunningThread; }
 738              		.loc 3 59 38
 739              	.LBB313:
 740              	.LBB314:
  42:src/../h/TCB.hpp ****     void* getUserStack() const { return userStack; }
 741              		.loc 3 42 29
 742              	.LBE314:
 743              	.LBE313:
 744              		.loc 1 340 19 is_stmt 0
 745 0308 93058500 		addi	a1,a0,8
 746 030c 13858400 		addi	a0,s1,8
 747 0310 97000000 		call	context_switch@plt
 747      E7800000 
 748              	.LVL70:
 341:src/Kernel.cpp ****     return 0;
 749              		.loc 1 341 5 is_stmt 1
 342:src/Kernel.cpp **** }
 750              		.loc 1 342 1 is_stmt 0
 751 0318 13050000 		li	a0,0
 752 031c 83308101 		ld	ra,24(sp)
 753              		.cfi_restore 1
 754 0320 03340101 		ld	s0,16(sp)
 755              		.cfi_restore 8
 756              		.cfi_def_cfa 2, 32
 757 0324 83348100 		ld	s1,8(sp)
 758              		.cfi_restore 9
 759              	.LVL71:
 760 0328 03390100 		ld	s2,0(sp)
 761              		.cfi_restore 18
 762 032c 13010102 		addi	sp,sp,32
 763              		.cfi_def_cfa_offset 0
 764 0330 67800000 		jr	ra
 765              		.cfi_endproc
 766              	.LFE109:
 768              		.align	2
 769              		.globl	_ZN6Kernel16sysSemaphoreWaitEPNS_21ArgumentsOfSystemCallE
 771              	_ZN6Kernel16sysSemaphoreWaitEPNS_21ArgumentsOfSystemCallE:
 772              	.LFB107:
 322:src/Kernel.cpp ****     KSemaphore* tempSemaphore = (KSemaphore*)(arg->a0);
 773              		.loc 1 322 1 is_stmt 1
 774              		.cfi_startproc
 775              	.LVL72:
 776 0334 130101FF 		addi	sp,sp,-16
 777              		.cfi_def_cfa_offset 16
 778 0338 23341100 		sd	ra,8(sp)
GAS LISTING /tmp/ccOjCBq0.s 			page 25


 779 033c 23308100 		sd	s0,0(sp)
 780              		.cfi_offset 1, -8
 781              		.cfi_offset 8, -16
 782 0340 13040101 		addi	s0,sp,16
 783              		.cfi_def_cfa 8, 0
 323:src/Kernel.cpp ****     return (uint64)tempSemaphore->wait();
 784              		.loc 1 323 5
 785              	.LVL73:
 324:src/Kernel.cpp **** }
 786              		.loc 1 324 5
 324:src/Kernel.cpp **** }
 787              		.loc 1 324 39 is_stmt 0
 788 0344 03350500 		ld	a0,0(a0)
 789              	.LVL74:
 790 0348 97000000 		call	_ZN10KSemaphore4waitEv@plt
 790      E7800000 
 791              	.LVL75:
 325:src/Kernel.cpp **** 
 792              		.loc 1 325 1
 793 0350 83308100 		ld	ra,8(sp)
 794              		.cfi_restore 1
 795 0354 03340100 		ld	s0,0(sp)
 796              		.cfi_restore 8
 797              		.cfi_def_cfa 2, 16
 798 0358 13010101 		addi	sp,sp,16
 799              		.cfi_def_cfa_offset 0
 800 035c 67800000 		jr	ra
 801              		.cfi_endproc
 802              	.LFE107:
 804              		.align	2
 805              		.globl	_ZN6Kernel18sysSemaphoreSignalEPNS_21ArgumentsOfSystemCallE
 807              	_ZN6Kernel18sysSemaphoreSignalEPNS_21ArgumentsOfSystemCallE:
 808              	.LFB108:
 328:src/Kernel.cpp ****     KSemaphore* tempSemaphore = (KSemaphore*)(arg->a0);
 809              		.loc 1 328 1 is_stmt 1
 810              		.cfi_startproc
 811              	.LVL76:
 812 0360 130101FF 		addi	sp,sp,-16
 813              		.cfi_def_cfa_offset 16
 814 0364 23341100 		sd	ra,8(sp)
 815 0368 23308100 		sd	s0,0(sp)
 816              		.cfi_offset 1, -8
 817              		.cfi_offset 8, -16
 818 036c 13040101 		addi	s0,sp,16
 819              		.cfi_def_cfa 8, 0
 329:src/Kernel.cpp ****     return (uint64)tempSemaphore->signal();
 820              		.loc 1 329 5
 821              	.LVL77:
 330:src/Kernel.cpp **** }
 822              		.loc 1 330 5
 330:src/Kernel.cpp **** }
 823              		.loc 1 330 41 is_stmt 0
 824 0370 03350500 		ld	a0,0(a0)
 825              	.LVL78:
 826 0374 97000000 		call	_ZN10KSemaphore6signalEv@plt
 826      E7800000 
 827              	.LVL79:
GAS LISTING /tmp/ccOjCBq0.s 			page 26


 331:src/Kernel.cpp **** 
 828              		.loc 1 331 1
 829 037c 83308100 		ld	ra,8(sp)
 830              		.cfi_restore 1
 831 0380 03340100 		ld	s0,0(sp)
 832              		.cfi_restore 8
 833              		.cfi_def_cfa 2, 16
 834 0384 13010101 		addi	sp,sp,16
 835              		.cfi_def_cfa_offset 0
 836 0388 67800000 		jr	ra
 837              		.cfi_endproc
 838              	.LFE108:
 840              		.align	2
 841              		.globl	_ZN6Kernel19initializeArgumentsEPNS_21ArgumentsOfSystemCallEm
 843              	_ZN6Kernel19initializeArgumentsEPNS_21ArgumentsOfSystemCallEm:
 844              	.LFB91:
  87:src/Kernel.cpp ****     __asm__ volatile("ld %[rd], 11*8(%[rs])":[rd]"=r"(arg->a0):[rs]"r"(basePointer));
 845              		.loc 1 87 1 is_stmt 1
 846              		.cfi_startproc
 847              	.LVL80:
 848 038c 130101FF 		addi	sp,sp,-16
 849              		.cfi_def_cfa_offset 16
 850 0390 23348100 		sd	s0,8(sp)
 851              		.cfi_offset 8, -8
 852 0394 13040101 		addi	s0,sp,16
 853              		.cfi_def_cfa 8, 0
  88:src/Kernel.cpp ****     __asm__ volatile("ld %[rd], 12*8(%[rs])":[rd]"=r"(arg->a1):[rs]"r"(basePointer));
 854              		.loc 1 88 5
  88:src/Kernel.cpp ****     __asm__ volatile("ld %[rd], 12*8(%[rs])":[rd]"=r"(arg->a1):[rs]"r"(basePointer));
 855              		.loc 1 88 85 is_stmt 0
 856              	#APP
 857              	# 88 "src/Kernel.cpp" 1
 858              		ld a5, 11*8(a1)
 859              	# 0 "" 2
 860              	#NO_APP
 861 039c 2330F500 		sd	a5,0(a0)
  89:src/Kernel.cpp ****     __asm__ volatile("ld %[rd], 13*8(%[rs])":[rd]"=r"(arg->a2):[rs]"r"(basePointer));
 862              		.loc 1 89 5 is_stmt 1
  89:src/Kernel.cpp ****     __asm__ volatile("ld %[rd], 13*8(%[rs])":[rd]"=r"(arg->a2):[rs]"r"(basePointer));
 863              		.loc 1 89 85 is_stmt 0
 864              	#APP
 865              	# 89 "src/Kernel.cpp" 1
 866              		ld a5, 12*8(a1)
 867              	# 0 "" 2
 868              	#NO_APP
 869 03a4 2334F500 		sd	a5,8(a0)
  90:src/Kernel.cpp ****     __asm__ volatile("ld %[rd], 14*8(%[rs])":[rd]"=r"(arg->a3):[rs]"r"(basePointer));
 870              		.loc 1 90 5 is_stmt 1
  90:src/Kernel.cpp ****     __asm__ volatile("ld %[rd], 14*8(%[rs])":[rd]"=r"(arg->a3):[rs]"r"(basePointer));
 871              		.loc 1 90 85 is_stmt 0
 872              	#APP
 873              	# 90 "src/Kernel.cpp" 1
 874              		ld a5, 13*8(a1)
 875              	# 0 "" 2
 876              	#NO_APP
 877 03ac 2338F500 		sd	a5,16(a0)
  91:src/Kernel.cpp ****     __asm__ volatile("ld %[rd], 15*8(%[rs])":[rd]"=r"(arg->a4):[rs]"r"(basePointer));
GAS LISTING /tmp/ccOjCBq0.s 			page 27


 878              		.loc 1 91 5 is_stmt 1
  91:src/Kernel.cpp ****     __asm__ volatile("ld %[rd], 15*8(%[rs])":[rd]"=r"(arg->a4):[rs]"r"(basePointer));
 879              		.loc 1 91 85 is_stmt 0
 880              	#APP
 881              	# 91 "src/Kernel.cpp" 1
 882              		ld a5, 14*8(a1)
 883              	# 0 "" 2
 884              	#NO_APP
 885 03b4 233CF500 		sd	a5,24(a0)
  92:src/Kernel.cpp ****     __asm__ volatile("ld %[rd], 16*8(%[rs])":[rd]"=r"(arg->a5):[rs]"r"(basePointer));
 886              		.loc 1 92 5 is_stmt 1
  92:src/Kernel.cpp ****     __asm__ volatile("ld %[rd], 16*8(%[rs])":[rd]"=r"(arg->a5):[rs]"r"(basePointer));
 887              		.loc 1 92 85 is_stmt 0
 888              	#APP
 889              	# 92 "src/Kernel.cpp" 1
 890              		ld a5, 15*8(a1)
 891              	# 0 "" 2
 892              	#NO_APP
 893 03bc 2330F502 		sd	a5,32(a0)
  93:src/Kernel.cpp ****     __asm__ volatile("ld %[rd], 17*8(%[rs])":[rd]"=r"(arg->a6):[rs]"r"(basePointer));
 894              		.loc 1 93 5 is_stmt 1
  93:src/Kernel.cpp ****     __asm__ volatile("ld %[rd], 17*8(%[rs])":[rd]"=r"(arg->a6):[rs]"r"(basePointer));
 895              		.loc 1 93 85 is_stmt 0
 896              	#APP
 897              	# 93 "src/Kernel.cpp" 1
 898              		ld a5, 16*8(a1)
 899              	# 0 "" 2
 900              	#NO_APP
 901 03c4 2334F502 		sd	a5,40(a0)
  94:src/Kernel.cpp **** }
 902              		.loc 1 94 5 is_stmt 1
  94:src/Kernel.cpp **** }
 903              		.loc 1 94 85 is_stmt 0
 904              	#APP
 905              	# 94 "src/Kernel.cpp" 1
 906              		ld a1, 17*8(a1)
 907              	# 0 "" 2
 908              	.LVL81:
 909              	#NO_APP
 910 03cc 2338B502 		sd	a1,48(a0)
  95:src/Kernel.cpp **** 
 911              		.loc 1 95 1
 912 03d0 03348100 		ld	s0,8(sp)
 913              		.cfi_restore 8
 914              		.cfi_def_cfa 2, 16
 915 03d4 13010101 		addi	sp,sp,16
 916              		.cfi_def_cfa_offset 0
 917 03d8 67800000 		jr	ra
 918              		.cfi_endproc
 919              	.LFE91:
 921              		.align	2
 922              		.globl	_ZN6Kernel17mallocSystemStackEm
 924              	_ZN6Kernel17mallocSystemStackEm:
 925              	.LFB92:
  99:src/Kernel.cpp ****     size_t numOfBlocks = numOfBytes / MEM_BLOCK_SIZE;
 926              		.loc 1 99 1 is_stmt 1
 927              		.cfi_startproc
GAS LISTING /tmp/ccOjCBq0.s 			page 28


 928              	.LVL82:
 929 03dc 130101FF 		addi	sp,sp,-16
 930              		.cfi_def_cfa_offset 16
 931 03e0 23341100 		sd	ra,8(sp)
 932 03e4 23308100 		sd	s0,0(sp)
 933              		.cfi_offset 1, -8
 934              		.cfi_offset 8, -16
 935 03e8 13040101 		addi	s0,sp,16
 936              		.cfi_def_cfa 8, 0
 100:src/Kernel.cpp ****     numOfBlocks += numOfBytes % MEM_BLOCK_SIZE ? 1 : 0;
 937              		.loc 1 100 5
 100:src/Kernel.cpp ****     numOfBlocks += numOfBytes % MEM_BLOCK_SIZE ? 1 : 0;
 938              		.loc 1 100 12 is_stmt 0
 939 03ec 93576500 		srli	a5,a0,6
 940              	.LVL83:
 101:src/Kernel.cpp ****     uint8* systemStack = (uint8*)MemoryAllocator::allocateMemory(numOfBlocks);
 941              		.loc 1 101 5 is_stmt 1
 101:src/Kernel.cpp ****     uint8* systemStack = (uint8*)MemoryAllocator::allocateMemory(numOfBlocks);
 942              		.loc 1 101 31 is_stmt 0
 943 03f0 1375F503 		andi	a0,a0,63
 944              	.LVL84:
 101:src/Kernel.cpp ****     uint8* systemStack = (uint8*)MemoryAllocator::allocateMemory(numOfBlocks);
 945              		.loc 1 101 48
 946 03f4 63040500 		beqz	a0,.L49
 947 03f8 13051000 		li	a0,1
 948              	.L49:
 949              	.LVL85:
 102:src/Kernel.cpp ****     return (void*)(&systemStack[KernelConfig::DEFAULT_SYSTEM_STACK_SIZE]);
 950              		.loc 1 102 5 is_stmt 1 discriminator 4
 102:src/Kernel.cpp ****     return (void*)(&systemStack[KernelConfig::DEFAULT_SYSTEM_STACK_SIZE]);
 951              		.loc 1 102 65 is_stmt 0 discriminator 4
 952 03fc 3305F500 		add	a0,a0,a5
 953              	.LVL86:
 954 0400 97000000 		call	_ZN15MemoryAllocator14allocateMemoryEm@plt
 954      E7800000 
 955              	.LVL87:
 103:src/Kernel.cpp **** }
 956              		.loc 1 103 5 is_stmt 1 discriminator 4
 104:src/Kernel.cpp **** 
 957              		.loc 1 104 1 is_stmt 0 discriminator 4
 958 0408 13050540 		addi	a0,a0,1024
 959              	.LVL88:
 960 040c 83308100 		ld	ra,8(sp)
 961              		.cfi_restore 1
 962 0410 03340100 		ld	s0,0(sp)
 963              		.cfi_restore 8
 964              		.cfi_def_cfa 2, 16
 965 0414 13010101 		addi	sp,sp,16
 966              		.cfi_def_cfa_offset 0
 967 0418 67800000 		jr	ra
 968              		.cfi_endproc
 969              	.LFE92:
 971              		.align	2
 972              		.globl	_ZN6Kernel13wakeUpThreadsEv
 974              	_ZN6Kernel13wakeUpThreadsEv:
 975              	.LFB93:
 107:src/Kernel.cpp ****     queueOfAsleepThreads->top()->decrementTimeToSleep();
GAS LISTING /tmp/ccOjCBq0.s 			page 29


 976              		.loc 1 107 1 is_stmt 1
 977              		.cfi_startproc
 978 041c 130101FE 		addi	sp,sp,-32
 979              		.cfi_def_cfa_offset 32
 980 0420 233C1100 		sd	ra,24(sp)
 981 0424 23388100 		sd	s0,16(sp)
 982 0428 23349100 		sd	s1,8(sp)
 983              		.cfi_offset 1, -8
 984              		.cfi_offset 8, -16
 985              		.cfi_offset 9, -24
 986 042c 13040102 		addi	s0,sp,32
 987              		.cfi_def_cfa 8, 0
 108:src/Kernel.cpp **** 
 988              		.loc 1 108 5
 108:src/Kernel.cpp **** 
 989              		.loc 1 108 54 is_stmt 0
 990 0430 17050000 		ld	a0,.LANCHOR0
 990      03350500 
 991 0438 97000000 		call	_ZN13PriorityQueueI3TCBUlPS0_S1_E_E3topEv
 991      E7800000 
 992              	.LVL89:
 993              	.LBB315:
 994              	.LBB316:
  38:src/../h/TCB.hpp ****     void addThreadToState(TCB* newThread) { state = newThread; }
 995              		.loc 3 38 35 is_stmt 1
 996 0440 83378505 		ld	a5,88(a0)
  38:src/../h/TCB.hpp ****     void addThreadToState(TCB* newThread) { state = newThread; }
 997              		.loc 3 38 46 is_stmt 0
 998 0444 9387F7FF 		addi	a5,a5,-1
 999 0448 233CF504 		sd	a5,88(a0)
 1000              	.LVL90:
 1001              	.L53:
 1002              	.LBE316:
 1003              	.LBE315:
 110:src/Kernel.cpp ****     {
 1004              		.loc 1 110 5 is_stmt 1
 110:src/Kernel.cpp ****     {
 1005              		.loc 1 110 11
 110:src/Kernel.cpp ****     {
 1006              		.loc 1 110 55 is_stmt 0
 1007 044c 97040000 		ld	s1,.LANCHOR0
 1007      83B40400 
 1008 0454 13850400 		mv	a0,s1
 1009 0458 97000000 		call	_ZN13PriorityQueueI3TCBUlPS0_S1_E_E3topEv
 1009      E7800000 
 1010              	.LVL91:
 1011              	.LBB317:
 1012              	.LBB318:
  34:src/../h/TCB.hpp **** 
 1013              		.loc 3 34 37 is_stmt 1
  34:src/../h/TCB.hpp **** 
 1014              		.loc 3 34 44 is_stmt 0
 1015 0460 83378505 		ld	a5,88(a0)
 1016              	.LVL92:
 1017              	.LBE318:
 1018              	.LBE317:
 110:src/Kernel.cpp ****     {
GAS LISTING /tmp/ccOjCBq0.s 			page 30


 1019              		.loc 1 110 11
 1020 0464 63900702 		bnez	a5,.L51
 1021              	.LBB319:
 112:src/Kernel.cpp ****         curr->resetState();
 1022              		.loc 1 112 9 is_stmt 1
 112:src/Kernel.cpp ****         curr->resetState();
 1023              		.loc 1 112 47 is_stmt 0
 1024 0468 13850400 		mv	a0,s1
 1025 046c 97000000 		call	_ZN13PriorityQueueI3TCBUlPS0_S1_E_E4takeEv
 1025      E7800000 
 1026              	.LVL93:
 113:src/Kernel.cpp ****         Scheduler::put(curr);
 1027              		.loc 1 113 9 is_stmt 1
 1028              	.LBB320:
 1029              	.LBB321:
  41:src/../h/TCB.hpp ****     Context* getContext() { return &context; }
 1030              		.loc 3 41 24
  41:src/../h/TCB.hpp ****     Context* getContext() { return &context; }
 1031              		.loc 3 41 30 is_stmt 0
 1032 0474 23340504 		sd	zero,72(a0)
 1033              	.LVL94:
 1034              	.LBE321:
 1035              	.LBE320:
 114:src/Kernel.cpp ****     }
 1036              		.loc 1 114 9 is_stmt 1
 114:src/Kernel.cpp ****     }
 1037              		.loc 1 114 23 is_stmt 0
 1038 0478 97000000 		call	_ZN9Scheduler3putEP3TCB@plt
 1038      E7800000 
 1039              	.LVL95:
 1040              	.LBE319:
 110:src/Kernel.cpp ****     {
 1041              		.loc 1 110 5
 1042 0480 6FF0DFFC 		j	.L53
 1043              	.L51:
 116:src/Kernel.cpp **** void Kernel::interruptHandler()
 1044              		.loc 1 116 1
 1045 0484 83308101 		ld	ra,24(sp)
 1046              		.cfi_restore 1
 1047 0488 03340101 		ld	s0,16(sp)
 1048              		.cfi_restore 8
 1049              		.cfi_def_cfa 2, 32
 1050 048c 83348100 		ld	s1,8(sp)
 1051              		.cfi_restore 9
 1052 0490 13010102 		addi	sp,sp,32
 1053              		.cfi_def_cfa_offset 0
 1054 0494 67800000 		jr	ra
 1055              		.cfi_endproc
 1056              	.LFE93:
 1058              		.align	2
 1059              		.globl	_ZN6Kernel21initializeSystemCallsEv
 1061              	_ZN6Kernel21initializeSystemCallsEv:
 1062              	.LFB112:
 343:src/Kernel.cpp **** uint64 Kernel::sysGetc(ArgumentsOfSystemCall *arg)
 344:src/Kernel.cpp **** {
 345:src/Kernel.cpp ****     if(KConsole::isInputBufferEmpty())
 346:src/Kernel.cpp ****     {
GAS LISTING /tmp/ccOjCBq0.s 			page 31


 347:src/Kernel.cpp ****         TCB* oldThread = TCB::getRunningThread();
 348:src/Kernel.cpp ****         TCB::setRunningThread(Scheduler::get());
 349:src/Kernel.cpp ****         oldThread->resetState();
 350:src/Kernel.cpp ****         KConsole::addThreadToInputWaitQueue(oldThread);
 351:src/Kernel.cpp ****         context_switch(oldThread->getContext(), TCB::getRunningThread()->getContext());
 352:src/Kernel.cpp ****     }
 353:src/Kernel.cpp ****     return (uint64)KConsole::getCharFromInputBuffer();
 354:src/Kernel.cpp **** }
 355:src/Kernel.cpp **** uint64 Kernel::sysPutc(ArgumentsOfSystemCall *arg)
 356:src/Kernel.cpp **** {
 357:src/Kernel.cpp ****     if(KConsole::isOutputBufferFull())
 358:src/Kernel.cpp ****     {
 359:src/Kernel.cpp ****         TCB* oldThread = TCB::getRunningThread();
 360:src/Kernel.cpp ****         TCB::setRunningThread(Scheduler::get());
 361:src/Kernel.cpp ****         oldThread->resetState();
 362:src/Kernel.cpp ****         KConsole::addThreadToOutputWaitQueue(oldThread);
 363:src/Kernel.cpp ****         context_switch(oldThread->getContext(), TCB::getRunningThread()->getContext());
 364:src/Kernel.cpp ****     }
 365:src/Kernel.cpp ****     KConsole::addCharToOutputBuffer(arg->a0);
 366:src/Kernel.cpp ****     return 0;
 367:src/Kernel.cpp **** }
 368:src/Kernel.cpp **** 
 369:src/Kernel.cpp **** void Kernel::initializeSystemCalls(void)
 370:src/Kernel.cpp **** {
 1063              		.loc 1 370 1 is_stmt 1
 1064              		.cfi_startproc
 1065 0498 130101FF 		addi	sp,sp,-16
 1066              		.cfi_def_cfa_offset 16
 1067 049c 23348100 		sd	s0,8(sp)
 1068              		.cfi_offset 8, -8
 1069 04a0 13040101 		addi	s0,sp,16
 1070              		.cfi_def_cfa 8, 0
 371:src/Kernel.cpp ****     systemCallsTable[KernelConfig::MEM_ALLOC] = &sysMalloc;
 1071              		.loc 1 371 5
 1072              		.loc 1 371 47 is_stmt 0
 1073 04a4 97070000 		lla	a5,.LANCHOR0
 1073      93870700 
 1074 04ac 17070000 		lla	a4,_ZN6Kernel9sysMallocEPNS_21ArgumentsOfSystemCallE
 1074      13070700 
 1075 04b4 23B8E700 		sd	a4,16(a5)
 372:src/Kernel.cpp ****     systemCallsTable[KernelConfig::MEM_FREE] = &sysFree;
 1076              		.loc 1 372 5 is_stmt 1
 1077              		.loc 1 372 46 is_stmt 0
 1078 04b8 17070000 		lla	a4,_ZN6Kernel7sysFreeEPNS_21ArgumentsOfSystemCallE
 1078      13070700 
 1079 04c0 23BCE700 		sd	a4,24(a5)
 373:src/Kernel.cpp ****     systemCallsTable[KernelConfig::MEM_FREE_SPACE] = &sysGetFreeSpace;
 1080              		.loc 1 373 5 is_stmt 1
 1081              		.loc 1 373 52 is_stmt 0
 1082 04c4 17070000 		lla	a4,_ZN6Kernel15sysGetFreeSpaceEPNS_21ArgumentsOfSystemCallE
 1082      13070700 
 1083 04cc 23B0E702 		sd	a4,32(a5)
 374:src/Kernel.cpp ****     systemCallsTable[KernelConfig::LARGEST_FREE_BLOCK] = &sysLargestFreeBlock;
 1084              		.loc 1 374 5 is_stmt 1
 1085              		.loc 1 374 56 is_stmt 0
 1086 04d0 17070000 		lla	a4,_ZN6Kernel19sysLargestFreeBlockEPNS_21ArgumentsOfSystemCallE
 1086      13070700 
GAS LISTING /tmp/ccOjCBq0.s 			page 32


 1087 04d8 23B4E702 		sd	a4,40(a5)
 375:src/Kernel.cpp ****     systemCallsTable[KernelConfig::THREAD_CREATE] = &sysThreadCreate;
 1088              		.loc 1 375 5 is_stmt 1
 1089              		.loc 1 375 51 is_stmt 0
 1090 04dc 17070000 		lla	a4,_ZN6Kernel15sysThreadCreateEPNS_21ArgumentsOfSystemCallE
 1090      13070700 
 1091 04e4 23B8E708 		sd	a4,144(a5)
 376:src/Kernel.cpp ****     systemCallsTable[KernelConfig::THREAD_DISPATCH] = &sysThreadDispatch;
 1092              		.loc 1 376 5 is_stmt 1
 1093              		.loc 1 376 53 is_stmt 0
 1094 04e8 17070000 		lla	a4,_ZN6Kernel17sysThreadDispatchEPNS_21ArgumentsOfSystemCallE
 1094      13070700 
 1095 04f0 23B0E70A 		sd	a4,160(a5)
 377:src/Kernel.cpp ****     systemCallsTable[KernelConfig::THREAD_EXIT] = &sysThreadExit;
 1096              		.loc 1 377 5 is_stmt 1
 1097              		.loc 1 377 49 is_stmt 0
 1098 04f4 17070000 		lla	a4,_ZN6Kernel13sysThreadExitEPNS_21ArgumentsOfSystemCallE
 1098      13070700 
 1099 04fc 23BCE708 		sd	a4,152(a5)
 378:src/Kernel.cpp ****     systemCallsTable[KernelConfig::THREAD_START] = &sysThreadStart;
 1100              		.loc 1 378 5 is_stmt 1
 1101              		.loc 1 378 50 is_stmt 0
 1102 0500 17070000 		lla	a4,_ZN6Kernel14sysThreadStartEPNS_21ArgumentsOfSystemCallE
 1102      13070700 
 1103 0508 23B4E70A 		sd	a4,168(a5)
 379:src/Kernel.cpp ****     systemCallsTable[KernelConfig::THREAD_JOIN] = &sysThreadJoin;
 1104              		.loc 1 379 5 is_stmt 1
 1105              		.loc 1 379 49 is_stmt 0
 1106 050c 17070000 		lla	a4,_ZN6Kernel13sysThreadJoinEPNS_21ArgumentsOfSystemCallE
 1106      13070700 
 1107 0514 23B8E70A 		sd	a4,176(a5)
 380:src/Kernel.cpp ****     systemCallsTable[KernelConfig::SEMAPHORE_OPEN] = &sysSemaphoreOpen;
 1108              		.loc 1 380 5 is_stmt 1
 1109              		.loc 1 380 52 is_stmt 0
 1110 0518 17070000 		lla	a4,_ZN6Kernel16sysSemaphoreOpenEPNS_21ArgumentsOfSystemCallE
 1110      13070700 
 1111 0520 23B8E710 		sd	a4,272(a5)
 381:src/Kernel.cpp ****     systemCallsTable[KernelConfig::SEMAPHORE_CLOSE] = &sysSemaphoreClose;
 1112              		.loc 1 381 5 is_stmt 1
 1113              		.loc 1 381 53 is_stmt 0
 1114 0524 17070000 		lla	a4,_ZN6Kernel17sysSemaphoreCloseEPNS_21ArgumentsOfSystemCallE
 1114      13070700 
 1115 052c 23BCE710 		sd	a4,280(a5)
 382:src/Kernel.cpp ****     systemCallsTable[KernelConfig::SEMAPHORE_SIGNAL] = &sysSemaphoreSignal;
 1116              		.loc 1 382 5 is_stmt 1
 1117              		.loc 1 382 54 is_stmt 0
 1118 0530 17070000 		lla	a4,_ZN6Kernel18sysSemaphoreSignalEPNS_21ArgumentsOfSystemCallE
 1118      13070700 
 1119 0538 23B4E712 		sd	a4,296(a5)
 383:src/Kernel.cpp ****     systemCallsTable[KernelConfig::SEMAPHORE_WAIT] = &sysSemaphoreWait;
 1120              		.loc 1 383 5 is_stmt 1
 1121              		.loc 1 383 52 is_stmt 0
 1122 053c 17070000 		lla	a4,_ZN6Kernel16sysSemaphoreWaitEPNS_21ArgumentsOfSystemCallE
 1122      13070700 
 1123 0544 23B0E712 		sd	a4,288(a5)
 384:src/Kernel.cpp ****     systemCallsTable[KernelConfig::TIME_SLEEP] = &sysTimeSleep;
 1124              		.loc 1 384 5 is_stmt 1
GAS LISTING /tmp/ccOjCBq0.s 			page 33


 1125              		.loc 1 384 48 is_stmt 0
 1126 0548 17070000 		lla	a4,_ZN6Kernel12sysTimeSleepEPNS_21ArgumentsOfSystemCallE
 1126      13070700 
 1127 0550 23B8E718 		sd	a4,400(a5)
 385:src/Kernel.cpp ****     systemCallsTable[KernelConfig::GETC] = &sysGetc;
 1128              		.loc 1 385 5 is_stmt 1
 1129              		.loc 1 385 42 is_stmt 0
 1130 0554 17070000 		lla	a4,_ZN6Kernel7sysGetcEPNS_21ArgumentsOfSystemCallE
 1130      13070700 
 1131 055c 23B8E720 		sd	a4,528(a5)
 386:src/Kernel.cpp ****     systemCallsTable[KernelConfig::PUTC] = &sysPutc;
 1132              		.loc 1 386 5 is_stmt 1
 1133              		.loc 1 386 42 is_stmt 0
 1134 0560 17070000 		lla	a4,_ZN6Kernel7sysPutcEPNS_21ArgumentsOfSystemCallE
 1134      13070700 
 1135 0568 23BCE720 		sd	a4,536(a5)
 387:src/Kernel.cpp **** }...
 1136              		.loc 1 387 1
 1137 056c 03348100 		ld	s0,8(sp)
 1138              		.cfi_restore 8
 1139              		.cfi_def_cfa 2, 16
 1140 0570 13010101 		addi	sp,sp,16
 1141              		.cfi_def_cfa_offset 0
 1142 0574 67800000 		jr	ra
 1143              		.cfi_endproc
 1144              	.LFE112:
 1146              		.section	.text._ZNK6BufferIcLm100EE13isBufferEmptyEv,"axG",@progbits,_ZNK6BufferIcLm100EE13isBuffe
 1147              		.align	2
 1148              		.weak	_ZNK6BufferIcLm100EE13isBufferEmptyEv
 1150              	_ZNK6BufferIcLm100EE13isBufferEmptyEv:
 1151              	.LFB113:
 1152              		.file 5 "src/../h/Buffer.hpp"
   1:src/../h/Buffer.hpp **** //
   2:src/../h/Buffer.hpp **** // Created by os on 12/15/25.
   3:src/../h/Buffer.hpp **** //
   4:src/../h/Buffer.hpp **** 
   5:src/../h/Buffer.hpp **** #ifndef PROJECT_BASE_V1_1_BUFFER_H
   6:src/../h/Buffer.hpp **** #define PROJECT_BASE_V1_1_BUFFER_H
   7:src/../h/Buffer.hpp **** #include "../lib/hw.h"
   8:src/../h/Buffer.hpp **** #include "../h/MemoryAllocator.hpp"
   9:src/../h/Buffer.hpp **** 
  10:src/../h/Buffer.hpp **** template<typename T, size_t numOfElements>
  11:src/../h/Buffer.hpp **** class Buffer
  12:src/../h/Buffer.hpp **** {
  13:src/../h/Buffer.hpp **** public:
  14:src/../h/Buffer.hpp ****     Buffer();
  15:src/../h/Buffer.hpp ****     bool isBufferEmpty() const;
  16:src/../h/Buffer.hpp ****     bool isBufferFull() const;
  17:src/../h/Buffer.hpp ****     int append(T* element);
  18:src/../h/Buffer.hpp ****     T* take();
  19:src/../h/Buffer.hpp **** 
  20:src/../h/Buffer.hpp ****     static void* operator new(size_t size);
  21:src/../h/Buffer.hpp ****     static void operator delete(void* obj);
  22:src/../h/Buffer.hpp **** private:
  23:src/../h/Buffer.hpp ****     T* array[numOfElements];
  24:src/../h/Buffer.hpp ****     size_t head = 0, tail = 0, count = 0;
  25:src/../h/Buffer.hpp **** };
GAS LISTING /tmp/ccOjCBq0.s 			page 34


  26:src/../h/Buffer.hpp **** template<typename T, size_t numOfElements>
  27:src/../h/Buffer.hpp **** Buffer<T, numOfElements>::Buffer()
  28:src/../h/Buffer.hpp **** {
  29:src/../h/Buffer.hpp ****     for(size_t i = 0; i < numOfElements; i++)
  30:src/../h/Buffer.hpp ****     {
  31:src/../h/Buffer.hpp ****         array[i] = nullptr;
  32:src/../h/Buffer.hpp ****     }
  33:src/../h/Buffer.hpp **** }
  34:src/../h/Buffer.hpp **** template<typename T, size_t numOfElements>
  35:src/../h/Buffer.hpp **** void* Buffer<T, numOfElements>::operator new(size_t size)
  36:src/../h/Buffer.hpp **** {
  37:src/../h/Buffer.hpp ****     size_t numOfBlocks = size / MEM_BLOCK_SIZE;
  38:src/../h/Buffer.hpp ****     numOfBlocks += size % MEM_BLOCK_SIZE ? 1 : 0;
  39:src/../h/Buffer.hpp ****     return MemoryAllocator::allocateMemory(numOfBlocks);
  40:src/../h/Buffer.hpp **** }
  41:src/../h/Buffer.hpp **** template<typename T, size_t numOfElements>
  42:src/../h/Buffer.hpp **** void Buffer<T, numOfElements>::operator delete(void* obj)
  43:src/../h/Buffer.hpp **** {
  44:src/../h/Buffer.hpp ****     MemoryAllocator::freeMemory(obj);
  45:src/../h/Buffer.hpp **** }
  46:src/../h/Buffer.hpp **** 
  47:src/../h/Buffer.hpp **** template<typename T, size_t numOfElements>
  48:src/../h/Buffer.hpp **** int Buffer<T, numOfElements>::append(T *element)
  49:src/../h/Buffer.hpp **** {
  50:src/../h/Buffer.hpp ****     if(count == numOfElements)
  51:src/../h/Buffer.hpp ****     {
  52:src/../h/Buffer.hpp ****         return -1;
  53:src/../h/Buffer.hpp ****     }
  54:src/../h/Buffer.hpp ****     count++;
  55:src/../h/Buffer.hpp ****     array[tail] = element;
  56:src/../h/Buffer.hpp ****     tail = (tail + 1) % numOfElements;
  57:src/../h/Buffer.hpp **** 
  58:src/../h/Buffer.hpp ****     return 0;
  59:src/../h/Buffer.hpp **** }
  60:src/../h/Buffer.hpp **** template<typename T, size_t numOfElements>
  61:src/../h/Buffer.hpp **** T* Buffer<T, numOfElements>::take()
  62:src/../h/Buffer.hpp **** {
  63:src/../h/Buffer.hpp ****     if(count == 0)
  64:src/../h/Buffer.hpp ****     {
  65:src/../h/Buffer.hpp ****         return nullptr;
  66:src/../h/Buffer.hpp ****     }
  67:src/../h/Buffer.hpp **** 
  68:src/../h/Buffer.hpp ****     count--;
  69:src/../h/Buffer.hpp ****     T* tempElem = array[head];
  70:src/../h/Buffer.hpp ****     head = (head + 1) % numOfElements;
  71:src/../h/Buffer.hpp ****     return tempElem;
  72:src/../h/Buffer.hpp **** 
  73:src/../h/Buffer.hpp **** }
  74:src/../h/Buffer.hpp **** 
  75:src/../h/Buffer.hpp **** template<typename T, size_t numOfElements>
  76:src/../h/Buffer.hpp **** bool Buffer<T, numOfElements>::isBufferEmpty() const
 1153              		.loc 5 76 6 is_stmt 1
 1154              		.cfi_startproc
 1155              	.LVL96:
 1156 0000 130101FF 		addi	sp,sp,-16
 1157              		.cfi_def_cfa_offset 16
 1158 0004 23348100 		sd	s0,8(sp)
GAS LISTING /tmp/ccOjCBq0.s 			page 35


 1159              		.cfi_offset 8, -8
 1160 0008 13040101 		addi	s0,sp,16
 1161              		.cfi_def_cfa 8, 0
  77:src/../h/Buffer.hpp **** {
  78:src/../h/Buffer.hpp ****     return count == 0;
 1162              		.loc 5 78 12 is_stmt 0
 1163 000c 03350533 		ld	a0,816(a0)
 1164              	.LVL97:
  79:src/../h/Buffer.hpp **** }
 1165              		.loc 5 79 1
 1166 0010 13351500 		seqz	a0,a0
 1167 0014 03348100 		ld	s0,8(sp)
 1168              		.cfi_restore 8
 1169              		.cfi_def_cfa 2, 16
 1170 0018 13010101 		addi	sp,sp,16
 1171              		.cfi_def_cfa_offset 0
 1172 001c 67800000 		jr	ra
 1173              		.cfi_endproc
 1174              	.LFE113:
 1176              		.text
 1177              		.align	2
 1178              		.globl	_ZN6Kernel7sysGetcEPNS_21ArgumentsOfSystemCallE
 1180              	_ZN6Kernel7sysGetcEPNS_21ArgumentsOfSystemCallE:
 1181              	.LFB110:
 344:src/Kernel.cpp **** {
 1182              		.loc 1 344 1 is_stmt 1
 1183              		.cfi_startproc
 1184              	.LVL98:
 1185 0578 130101FE 		addi	sp,sp,-32
 1186              		.cfi_def_cfa_offset 32
 1187 057c 233C1100 		sd	ra,24(sp)
 1188 0580 23388100 		sd	s0,16(sp)
 1189 0584 23349100 		sd	s1,8(sp)
 1190 0588 23302101 		sd	s2,0(sp)
 1191              		.cfi_offset 1, -8
 1192              		.cfi_offset 8, -16
 1193              		.cfi_offset 9, -24
 1194              		.cfi_offset 18, -32
 1195 058c 13040102 		addi	s0,sp,32
 1196              		.cfi_def_cfa 8, 0
 345:src/Kernel.cpp ****     if(KConsole::isInputBufferEmpty())
 1197              		.loc 1 345 5
 1198              	.LBB322:
 1199              	.LBB323:
 1200              	.LBB324:
 1201              		.file 6 "src/../h/KConsole.hpp"
   1:src/../h/KConsole.hpp **** //
   2:src/../h/KConsole.hpp **** // Created by os on 12/14/25.
   3:src/../h/KConsole.hpp **** //
   4:src/../h/KConsole.hpp **** 
   5:src/../h/KConsole.hpp **** #ifndef PROJECT_BASE_V1_1_KCONSOLE_H
   6:src/../h/KConsole.hpp **** #define PROJECT_BASE_V1_1_KCONSOLE_H
   7:src/../h/KConsole.hpp **** #include "Buffer.hpp"
   8:src/../h/KConsole.hpp **** #include "Config.hpp"
   9:src/../h/KConsole.hpp **** #include "Queue.hpp"
  10:src/../h/KConsole.hpp **** 
  11:src/../h/KConsole.hpp **** class TCB;
GAS LISTING /tmp/ccOjCBq0.s 			page 36


  12:src/../h/KConsole.hpp **** 
  13:src/../h/KConsole.hpp **** class KConsole
  14:src/../h/KConsole.hpp **** {
  15:src/../h/KConsole.hpp **** public:
  16:src/../h/KConsole.hpp ****     KConsole() = delete;
  17:src/../h/KConsole.hpp ****     KConsole(const KConsole& console) = delete;
  18:src/../h/KConsole.hpp ****     KConsole& operator= (const KConsole& console) = delete;
  19:src/../h/KConsole.hpp ****     static void destroy();
  20:src/../h/KConsole.hpp ****     static void consumeOutputBuffer(void*);
  21:src/../h/KConsole.hpp ****     static void produceInputBuffer(void*);
  22:src/../h/KConsole.hpp **** 
  23:src/../h/KConsole.hpp ****     static TCB* getConsumerThread() { return consumerThread; }
  24:src/../h/KConsole.hpp ****     static void setConsumerThread(TCB* thread) { consumerThread = thread; }
  25:src/../h/KConsole.hpp **** 
  26:src/../h/KConsole.hpp ****     static TCB* getProducerThread() { return producerThread; }
  27:src/../h/KConsole.hpp ****     static void setProducerThread(TCB* thread) { producerThread = thread; }
  28:src/../h/KConsole.hpp **** 
  29:src/../h/KConsole.hpp ****     static bool isInputBufferEmpty() { return inputBuffer->isBufferEmpty(); }
 1202              		.loc 6 29 40
 1203              		.loc 6 29 73 is_stmt 0
 1204 0590 97070000 		la	a5,_ZN8KConsole11inputBufferE
 1204      83B70700 
 1205 0598 03B50700 		ld	a0,0(a5)
 1206              	.LVL99:
 1207 059c 97000000 		call	_ZNK6BufferIcLm100EE13isBufferEmptyEv
 1207      E7800000 
 1208              	.LVL100:
 1209              	.LBE324:
 1210              	.LBE323:
 345:src/Kernel.cpp ****     if(KConsole::isInputBufferEmpty())
 1211              		.loc 1 345 5
 1212 05a4 63120502 		bnez	a0,.L62
 1213              	.L60:
 1214              	.LBE322:
 353:src/Kernel.cpp ****     return (uint64)KConsole::getCharFromInputBuffer();
 1215              		.loc 1 353 5 is_stmt 1
 353:src/Kernel.cpp ****     return (uint64)KConsole::getCharFromInputBuffer();
 1216              		.loc 1 353 52 is_stmt 0
 1217 05a8 97000000 		call	_ZN8KConsole22getCharFromInputBufferEv@plt
 1217      E7800000 
 1218              	.LVL101:
 354:src/Kernel.cpp **** }
 1219              		.loc 1 354 1
 1220 05b0 83308101 		ld	ra,24(sp)
 1221              		.cfi_remember_state
 1222              		.cfi_restore 1
 1223 05b4 03340101 		ld	s0,16(sp)
 1224              		.cfi_restore 8
 1225              		.cfi_def_cfa 2, 32
 1226 05b8 83348100 		ld	s1,8(sp)
 1227              		.cfi_restore 9
 1228 05bc 03390100 		ld	s2,0(sp)
 1229              		.cfi_restore 18
 1230 05c0 13010102 		addi	sp,sp,32
 1231              		.cfi_def_cfa_offset 0
 1232 05c4 67800000 		jr	ra
 1233              	.L62:
GAS LISTING /tmp/ccOjCBq0.s 			page 37


 1234              		.cfi_restore_state
 1235              	.LBB338:
 1236              	.LBB325:
 347:src/Kernel.cpp ****         TCB* oldThread = TCB::getRunningThread();
 1237              		.loc 1 347 9 is_stmt 1
 1238              	.LBB326:
 1239              	.LBB327:
  59:src/../h/TCB.hpp ****     static void setRunningThread(TCB* newRunningThread) { running = newRunningThread; }
 1240              		.loc 3 59 38
  59:src/../h/TCB.hpp ****     static void setRunningThread(TCB* newRunningThread) { running = newRunningThread; }
 1241              		.loc 3 59 45 is_stmt 0
 1242 05c8 17090000 		la	s2,_ZN3TCB7runningE
 1242      03390900 
 1243 05d0 83340900 		ld	s1,0(s2)
 1244              	.LVL102:
 1245              	.LBE327:
 1246              	.LBE326:
 348:src/Kernel.cpp ****         TCB::setRunningThread(Scheduler::get());
 1247              		.loc 1 348 9 is_stmt 1
 348:src/Kernel.cpp ****         TCB::setRunningThread(Scheduler::get());
 1248              		.loc 1 348 30 is_stmt 0
 1249 05d4 97000000 		call	_ZN9Scheduler3getEv@plt
 1249      E7800000 
 1250              	.LVL103:
 1251              	.LBB328:
 1252              	.LBB329:
 1253              		.loc 3 60 59 is_stmt 1
 1254              		.loc 3 60 67 is_stmt 0
 1255 05dc 2330A900 		sd	a0,0(s2)
 1256              	.LVL104:
 1257              	.LBE329:
 1258              	.LBE328:
 349:src/Kernel.cpp ****         oldThread->resetState();
 1259              		.loc 1 349 9 is_stmt 1
 1260              	.LBB330:
 1261              	.LBB331:
  41:src/../h/TCB.hpp ****     Context* getContext() { return &context; }
 1262              		.loc 3 41 24
  41:src/../h/TCB.hpp ****     Context* getContext() { return &context; }
 1263              		.loc 3 41 30 is_stmt 0
 1264 05e0 23B40404 		sd	zero,72(s1)
 1265              	.LVL105:
 1266              	.LBE331:
 1267              	.LBE330:
 350:src/Kernel.cpp ****         KConsole::addThreadToInputWaitQueue(oldThread);
 1268              		.loc 1 350 9 is_stmt 1
 350:src/Kernel.cpp ****         KConsole::addThreadToInputWaitQueue(oldThread);
 1269              		.loc 1 350 44 is_stmt 0
 1270 05e4 13850400 		mv	a0,s1
 1271 05e8 97000000 		call	_ZN8KConsole25addThreadToInputWaitQueueEP3TCB@plt
 1271      E7800000 
 1272              	.LVL106:
 351:src/Kernel.cpp ****         context_switch(oldThread->getContext(), TCB::getRunningThread()->getContext());
 1273              		.loc 1 351 9 is_stmt 1
 1274              	.LBB332:
 1275              	.LBB333:
  42:src/../h/TCB.hpp ****     void* getUserStack() const { return userStack; }
GAS LISTING /tmp/ccOjCBq0.s 			page 38


 1276              		.loc 3 42 29
 1277              	.LBE333:
 1278              	.LBE332:
 1279              	.LBB334:
 1280              	.LBB335:
  59:src/../h/TCB.hpp ****     static void setRunningThread(TCB* newRunningThread) { running = newRunningThread; }
 1281              		.loc 3 59 38
  59:src/../h/TCB.hpp ****     static void setRunningThread(TCB* newRunningThread) { running = newRunningThread; }
 1282              		.loc 3 59 45 is_stmt 0
 1283 05f0 83350900 		ld	a1,0(s2)
 1284              	.LVL107:
 1285              	.LBE335:
 1286              	.LBE334:
 1287              	.LBB336:
 1288              	.LBB337:
  42:src/../h/TCB.hpp ****     void* getUserStack() const { return userStack; }
 1289              		.loc 3 42 29 is_stmt 1
 1290              	.LBE337:
 1291              	.LBE336:
 351:src/Kernel.cpp ****         context_switch(oldThread->getContext(), TCB::getRunningThread()->getContext());
 1292              		.loc 1 351 23 is_stmt 0
 1293 05f4 93858500 		addi	a1,a1,8
 1294 05f8 13858400 		addi	a0,s1,8
 1295 05fc 97000000 		call	context_switch@plt
 1295      E7800000 
 1296              	.LVL108:
 1297              	.LBE325:
 1298 0604 6FF05FFA 		j	.L60
 1299              	.LBE338:
 1300              		.cfi_endproc
 1301              	.LFE110:
 1303              		.section	.text._ZNK6BufferIcLm100EE12isBufferFullEv,"axG",@progbits,_ZNK6BufferIcLm100EE12isBuffer
 1304              		.align	2
 1305              		.weak	_ZNK6BufferIcLm100EE12isBufferFullEv
 1307              	_ZNK6BufferIcLm100EE12isBufferFullEv:
 1308              	.LFB114:
  80:src/../h/Buffer.hpp **** template<typename T, size_t numOfElements>
  81:src/../h/Buffer.hpp **** bool Buffer<T, numOfElements>::isBufferFull() const
 1309              		.loc 5 81 6 is_stmt 1
 1310              		.cfi_startproc
 1311              	.LVL109:
 1312 0000 130101FF 		addi	sp,sp,-16
 1313              		.cfi_def_cfa_offset 16
 1314 0004 23348100 		sd	s0,8(sp)
 1315              		.cfi_offset 8, -8
 1316 0008 13040101 		addi	s0,sp,16
 1317              		.cfi_def_cfa 8, 0
  82:src/../h/Buffer.hpp **** {
  83:src/../h/Buffer.hpp ****     return count == numOfElements;
 1318              		.loc 5 83 12 is_stmt 0
 1319 000c 03350533 		ld	a0,816(a0)
 1320              	.LVL110:
 1321              		.loc 5 83 21
 1322 0010 1305C5F9 		addi	a0,a0,-100
  84:src/../h/Buffer.hpp **** }
 1323              		.loc 5 84 1
 1324 0014 13351500 		seqz	a0,a0
GAS LISTING /tmp/ccOjCBq0.s 			page 39


 1325 0018 03348100 		ld	s0,8(sp)
 1326              		.cfi_restore 8
 1327              		.cfi_def_cfa 2, 16
 1328 001c 13010101 		addi	sp,sp,16
 1329              		.cfi_def_cfa_offset 0
 1330 0020 67800000 		jr	ra
 1331              		.cfi_endproc
 1332              	.LFE114:
 1334              		.text
 1335              		.align	2
 1336              		.globl	_ZN6Kernel16interruptHandlerEv
 1338              	_ZN6Kernel16interruptHandlerEv:
 1339              	.LFB94:
 118:src/Kernel.cpp **** {
 1340              		.loc 1 118 1 is_stmt 1
 1341              		.cfi_startproc
 1342 0608 130101F9 		addi	sp,sp,-112
 1343              		.cfi_def_cfa_offset 112
 1344 060c 23341106 		sd	ra,104(sp)
 1345 0610 23308106 		sd	s0,96(sp)
 1346 0614 233C9104 		sd	s1,88(sp)
 1347 0618 23382105 		sd	s2,80(sp)
 1348 061c 23343105 		sd	s3,72(sp)
 1349 0620 23304105 		sd	s4,64(sp)
 1350              		.cfi_offset 1, -8
 1351              		.cfi_offset 8, -16
 1352              		.cfi_offset 9, -24
 1353              		.cfi_offset 18, -32
 1354              		.cfi_offset 19, -40
 1355              		.cfi_offset 20, -48
 1356 0624 13040107 		addi	s0,sp,112
 1357              		.cfi_def_cfa 8, 0
 119:src/Kernel.cpp ****     volatile uint64 basePointer;
 1358              		.loc 1 119 5
 120:src/Kernel.cpp ****     __asm__ volatile ("addi %[reg], s0, 0x0": [reg]"=r"(basePointer)); // Problem: da li mozemo bit
 1359              		.loc 1 120 5
 120:src/Kernel.cpp ****     __asm__ volatile ("addi %[reg], s0, 0x0": [reg]"=r"(basePointer)); // Problem: da li mozemo bit
 1360              		.loc 1 120 70 is_stmt 0
 1361              	#APP
 1362              	# 120 "src/Kernel.cpp" 1
 1363              		addi a5, s0, 0x0
 1364              	# 0 "" 2
 1365              	#NO_APP
 1366 062c 2334F4FC 		sd	a5,-56(s0)
 121:src/Kernel.cpp ****     uint64 scause = Machine::readScause();
 1367              		.loc 1 121 5 is_stmt 1
 1368              	.LBB339:
 1369              	.LBB340:
 1370              		.file 7 "src/../h/Machine.hpp"
   1:src/../h/Machine.hpp **** //
   2:src/../h/Machine.hpp **** // Created by os on 12/1/25.
   3:src/../h/Machine.hpp **** //
   4:src/../h/Machine.hpp **** 
   5:src/../h/Machine.hpp **** #ifndef PROJECT_BASE_V1_1_MACHINE_H
   6:src/../h/Machine.hpp **** #define PROJECT_BASE_V1_1_MACHINE_H
   7:src/../h/Machine.hpp **** #include "../lib/hw.h"
   8:src/../h/Machine.hpp **** 
GAS LISTING /tmp/ccOjCBq0.s 			page 40


   9:src/../h/Machine.hpp **** class Kernel; //forward declaration
  10:src/../h/Machine.hpp **** class TCB;
  11:src/../h/Machine.hpp **** 
  12:src/../h/Machine.hpp **** class Machine
  13:src/../h/Machine.hpp **** {
  14:src/../h/Machine.hpp **** public:
  15:src/../h/Machine.hpp ****     Machine() = delete;
  16:src/../h/Machine.hpp ****     Machine(const Machine& riscv) = delete;
  17:src/../h/Machine.hpp ****     Machine& operator=(const Machine& riscv) = delete;
  18:src/../h/Machine.hpp **** 
  19:src/../h/Machine.hpp ****     enum BitsMaskSip
  20:src/../h/Machine.hpp ****     {
  21:src/../h/Machine.hpp ****         SSIP = 1 << 1, // software interrupt
  22:src/../h/Machine.hpp ****         SEIP = 1 << 9 // (external) hardware interrupt
  23:src/../h/Machine.hpp ****     };
  24:src/../h/Machine.hpp **** private:
  25:src/../h/Machine.hpp ****     static void writeStvec(uint64 interruptAddress);
  26:src/../h/Machine.hpp ****     static uint64 readScause(void);
  27:src/../h/Machine.hpp ****     //static void incrementSepc(void);
  28:src/../h/Machine.hpp ****     static void writeSepc(uint64 address);
  29:src/../h/Machine.hpp ****     static uint64 readSepc();
  30:src/../h/Machine.hpp ****     static void writeSstatus(uint64 oldStatus);
  31:src/../h/Machine.hpp ****     static uint64 readSstatus();
  32:src/../h/Machine.hpp ****     static void writeSscratch(uint64 systemSP);
  33:src/../h/Machine.hpp ****     static uint64 readSscratch();
  34:src/../h/Machine.hpp ****     static void bc_sip(uint64 mask);
  35:src/../h/Machine.hpp ****     friend class Kernel;
  36:src/../h/Machine.hpp ****     friend class TCB;
  37:src/../h/Machine.hpp **** 
  38:src/../h/Machine.hpp **** };
  39:src/../h/Machine.hpp **** 
  40:src/../h/Machine.hpp **** inline void Machine::writeStvec(uint64 interruptAddress)
  41:src/../h/Machine.hpp **** {
  42:src/../h/Machine.hpp ****     __asm__ volatile ("csrw stvec, %[address]": : [address] "r"(interruptAddress));
  43:src/../h/Machine.hpp **** }
  44:src/../h/Machine.hpp **** 
  45:src/../h/Machine.hpp **** inline uint64 Machine::readScause(void)
  46:src/../h/Machine.hpp **** {
  47:src/../h/Machine.hpp ****     uint64 scause;
 1371              		.loc 7 47 5
  48:src/../h/Machine.hpp ****     __asm__ volatile ("csrr %[cause], scause": [cause] "=r"(scause));
 1372              		.loc 7 48 5
 1373              		.loc 7 48 69 is_stmt 0
 1374              	#APP
 1375              	# 48 "src/../h/Machine.hpp" 1
  49              	    return scause;
 1376              		csrr a5, scause
 1377              	# 0 "" 2
 1378              	.LVL111:
 1379              		.loc 7 49 5 is_stmt 1
 1380              	#NO_APP
 1381              	.LBE340:
 1382              	.LBE339:
 122:src/Kernel.cpp ****     switch (scause)
 1383              		.loc 1 122 5
 1384              	.LBB341:
 1385 0634 1307F0FF 		li	a4,-1
GAS LISTING /tmp/ccOjCBq0.s 			page 41


 1386 0638 1317F703 		slli	a4,a4,63
 1387 063c 13071700 		addi	a4,a4,1
 1388 0640 6384E712 		beq	a5,a4,.L66
 1389 0644 1307F0FF 		li	a4,-1
 1390 0648 1317F703 		slli	a4,a4,63
 1391 064c 13071700 		addi	a4,a4,1
 1392 0650 636AF708 		bgtu	a5,a4,.L67
 1393 0654 938787FF 		addi	a5,a5,-8
 1394              	.LVL112:
 1395 0658 13071000 		li	a4,1
 1396 065c 6364F706 		bgtu	a5,a4,.L65
 1397              	.LBE341:
 124:src/Kernel.cpp ****         case 0x0000000000000008UL:
 1398              		.loc 1 124 9
 125:src/Kernel.cpp ****         case 0x0000000000000009UL:
 1399              		.loc 1 125 9
 126:src/Kernel.cpp ****         {
 1400              		.loc 1 126 9
 1401              	.LBB396:
 1402              	.LBB342:
 131:src/Kernel.cpp ****             Machine::bc_sip(Machine::SSIP);
 1403              		.loc 1 131 13
 1404              	.LVL113:
 1405              	.LBB343:
 1406              	.LBB344:
  50:src/../h/Machine.hpp **** }
  51:src/../h/Machine.hpp **** 
  52:src/../h/Machine.hpp **** inline void Machine::writeSscratch(uint64 systemSP)
  53:src/../h/Machine.hpp **** {
  54:src/../h/Machine.hpp ****     __asm__ volatile ("csrw sscratch, %[sp]":: [sp] "r"(systemSP));
  55:src/../h/Machine.hpp **** }
  56:src/../h/Machine.hpp **** 
  57:src/../h/Machine.hpp **** inline void Machine::bc_sip(uint64 mask)
  58:src/../h/Machine.hpp **** {
  59:src/../h/Machine.hpp ****     __asm__ volatile ("csrc sip, %[reg]":: [reg] "r"(mask));
 1407              		.loc 7 59 5
 1408              		.loc 7 59 60 is_stmt 0
 1409 0660 93072000 		li	a5,2
 1410              	.LVL114:
 1411              	#APP
 1412              	# 59 "src/../h/Machine.hpp" 1
  60              	}
 1413              		csrc sip, a5
 1414              	# 0 "" 2
 1415              	.LVL115:
 1416              	#NO_APP
 1417              	.LBE344:
 1418              	.LBE343:
 133:src/Kernel.cpp ****             uint64 sepc = Machine::readSepc() + 4;
 1419              		.loc 1 133 13 is_stmt 1
 1420              	.LBB345:
 1421              	.LBB346:
  61:src/../h/Machine.hpp **** inline uint64 Machine::readSscratch()
  62:src/../h/Machine.hpp **** {
  63:src/../h/Machine.hpp ****     uint64 returnValue;
  64:src/../h/Machine.hpp ****     __asm__ volatile ("csrr %[reg], sscratch": [reg] "=r"(returnValue));
  65:src/../h/Machine.hpp ****     return returnValue;
GAS LISTING /tmp/ccOjCBq0.s 			page 42


  66:src/../h/Machine.hpp **** }
  67:src/../h/Machine.hpp **** inline void Machine::writeSepc(uint64 address)
  68:src/../h/Machine.hpp **** {
  69:src/../h/Machine.hpp ****     __asm__ volatile("csrw sepc, %[reg]":: [reg] "r"(address));
  70:src/../h/Machine.hpp **** }
  71:src/../h/Machine.hpp **** inline uint64 Machine::readSepc()
  72:src/../h/Machine.hpp **** {
  73:src/../h/Machine.hpp ****     uint64 returnAddress;
 1422              		.loc 7 73 5
  74:src/../h/Machine.hpp ****     __asm__ volatile ("csrr %[reg], sepc": [reg] "=r"(returnAddress));
 1423              		.loc 7 74 5
 1424              		.loc 7 74 70 is_stmt 0
 1425              	#APP
 1426              	# 74 "src/../h/Machine.hpp" 1
  75              	    return returnAddress;
 1427              		csrr s3, sepc
 1428              	# 0 "" 2
 1429              	.LVL116:
 1430              		.loc 7 75 5 is_stmt 1
 1431              	#NO_APP
 1432              	.LBE346:
 1433              	.LBE345:
 133:src/Kernel.cpp ****             uint64 sepc = Machine::readSepc() + 4;
 1434              		.loc 1 133 49 is_stmt 0
 1435 066c 93894900 		addi	s3,s3,4
 1436              	.LVL117:
 134:src/Kernel.cpp ****             uint64 sstatus = Machine::readSstatus();
 1437              		.loc 1 134 13 is_stmt 1
 1438              	.LBB347:
 1439              	.LBB348:
  76:src/../h/Machine.hpp **** }
  77:src/../h/Machine.hpp **** inline void Machine::writeSstatus(uint64 oldStatus)
  78:src/../h/Machine.hpp **** {
  79:src/../h/Machine.hpp ****     __asm__ volatile("csrw sstatus, %[reg]":: [reg] "r"(oldStatus));
  80:src/../h/Machine.hpp **** }
  81:src/../h/Machine.hpp **** inline uint64 Machine::readSstatus()
  82:src/../h/Machine.hpp **** {
  83:src/../h/Machine.hpp ****     uint64 returnStatus;
 1440              		.loc 7 83 5
  84:src/../h/Machine.hpp ****     __asm__ volatile ("csrr %[reg], sstatus": [reg] "=r"(returnStatus));
 1441              		.loc 7 84 5
 1442              		.loc 7 84 72 is_stmt 0
 1443              	#APP
 1444              	# 84 "src/../h/Machine.hpp" 1
  85              	    return returnStatus;
 1445              		csrr s4, sstatus
 1446              	# 0 "" 2
 1447              	.LVL118:
 1448              		.loc 7 85 5 is_stmt 1
 1449              	#NO_APP
 1450              	.LBE348:
 1451              	.LBE347:
 136:src/Kernel.cpp ****             uint64 numberOfEntry;
 1452              		.loc 1 136 13
 137:src/Kernel.cpp ****             __asm__ volatile ("ld %[rd], -176(%[rs])": [rd]"=r"(numberOfEntry):[rs]"r"(basePointer)
 1453              		.loc 1 137 13
 137:src/Kernel.cpp ****             __asm__ volatile ("ld %[rd], -176(%[rs])": [rd]"=r"(numberOfEntry):[rs]"r"(basePointer)
GAS LISTING /tmp/ccOjCBq0.s 			page 43


 1454              		.loc 1 137 88 is_stmt 0
 1455 0674 833484FC 		ld	s1,-56(s0)
 137:src/Kernel.cpp ****             __asm__ volatile ("ld %[rd], -176(%[rs])": [rd]"=r"(numberOfEntry):[rs]"r"(basePointer)
 1456              		.loc 1 137 101
 1457              	#APP
 1458              	# 137 "src/Kernel.cpp" 1
 1459              		ld s1, -176(s1)
 1460              	# 0 "" 2
 1461              	.LVL119:
 139:src/Kernel.cpp ****             ArgumentsOfSystemCall arg;
 1462              		.loc 1 139 13 is_stmt 1
 140:src/Kernel.cpp ****             initializeArguments(&arg, basePointer);
 1463              		.loc 1 140 13
 140:src/Kernel.cpp ****             initializeArguments(&arg, basePointer);
 1464              		.loc 1 140 32 is_stmt 0
 1465              	#NO_APP
 1466 067c 833584FC 		ld	a1,-56(s0)
 1467 0680 130904F9 		addi	s2,s0,-112
 1468 0684 13050900 		mv	a0,s2
 1469 0688 97000000 		call	_ZN6Kernel19initializeArgumentsEPNS_21ArgumentsOfSystemCallEm
 1469      E7800000 
 1470              	.LVL120:
 141:src/Kernel.cpp ****             systemCallsTable[numberOfEntry](&arg);
 1471              		.loc 1 141 13 is_stmt 1
 141:src/Kernel.cpp ****             systemCallsTable[numberOfEntry](&arg);
 1472              		.loc 1 141 43 is_stmt 0
 1473 0690 93943400 		slli	s1,s1,3
 1474              	.LVL121:
 1475 0694 97070000 		lla	a5,.LANCHOR0
 1475      93870700 
 1476 069c B3849700 		add	s1,a5,s1
 1477 06a0 83B78400 		ld	a5,8(s1)
 141:src/Kernel.cpp ****             systemCallsTable[numberOfEntry](&arg);
 1478              		.loc 1 141 44
 1479 06a4 13050900 		mv	a0,s2
 1480 06a8 E7800700 		jalr	a5
 1481              	.LVL122:
 143:src/Kernel.cpp ****             __asm__ volatile("sd a0, -176(%[rs])"::[rs]"r"(basePointer));
 1482              		.loc 1 143 13 is_stmt 1
 143:src/Kernel.cpp ****             __asm__ volatile("sd a0, -176(%[rs])"::[rs]"r"(basePointer));
 1483              		.loc 1 143 60 is_stmt 0
 1484 06ac 833784FC 		ld	a5,-56(s0)
 143:src/Kernel.cpp ****             __asm__ volatile("sd a0, -176(%[rs])"::[rs]"r"(basePointer));
 1485              		.loc 1 143 73
 1486              	#APP
 1487              	# 143 "src/Kernel.cpp" 1
 145:src/Kernel.cpp ****             TCB::dispatch();
 1488              		sd a0, -176(a5)
 1489              	# 0 "" 2
 1490              		.loc 1 145 13 is_stmt 1
 145:src/Kernel.cpp ****             TCB::dispatch();
 1491              		.loc 1 145 26 is_stmt 0
 1492              	#NO_APP
 1493 06b4 97000000 		call	_ZN3TCB8dispatchEv@plt
 1493      E7800000 
 1494              	.LVL123:
 147:src/Kernel.cpp ****             Machine::writeSepc(sepc);
GAS LISTING /tmp/ccOjCBq0.s 			page 44


 1495              		.loc 1 147 13 is_stmt 1
 1496              	.LBB349:
 1497              	.LBB350:
  69:src/../h/Machine.hpp **** }
 1498              		.loc 7 69 5
  69:src/../h/Machine.hpp **** }
 1499              		.loc 7 69 63 is_stmt 0
 1500              	#APP
 1501              	# 69 "src/../h/Machine.hpp" 1
 1502              		csrw sepc, s3
 1503              	# 0 "" 2
 1504              	.LVL124:
 1505              	#NO_APP
 1506              	.LBE350:
 1507              	.LBE349:
 148:src/Kernel.cpp ****             Machine::writeSstatus(sstatus);
 1508              		.loc 1 148 13 is_stmt 1
 1509              	.LBB351:
 1510              	.LBB352:
  79:src/../h/Machine.hpp **** }
 1511              		.loc 7 79 5
  79:src/../h/Machine.hpp **** }
 1512              		.loc 7 79 68 is_stmt 0
 1513              	#APP
 1514              	# 79 "src/../h/Machine.hpp" 1
 1515              		csrw sstatus, s4
 1516              	# 0 "" 2
 1517              	.LVL125:
 1518              	#NO_APP
 1519              	.LBE352:
 1520              	.LBE351:
 149:src/Kernel.cpp ****             break;
 1521              		.loc 1 149 13 is_stmt 1
 1522              	.L65:
 1523              	.LBE342:
 1524              	.LBE396:
 206:src/Kernel.cpp **** }
 1525              		.loc 1 206 1 is_stmt 0
 1526 06c4 83308106 		ld	ra,104(sp)
 1527              		.cfi_remember_state
 1528              		.cfi_restore 1
 1529 06c8 03340106 		ld	s0,96(sp)
 1530              		.cfi_restore 8
 1531              		.cfi_def_cfa 2, 112
 1532 06cc 83348105 		ld	s1,88(sp)
 1533              		.cfi_restore 9
 1534 06d0 03390105 		ld	s2,80(sp)
 1535              		.cfi_restore 18
 1536 06d4 83398104 		ld	s3,72(sp)
 1537              		.cfi_restore 19
 1538 06d8 033A0104 		ld	s4,64(sp)
 1539              		.cfi_restore 20
 1540 06dc 13010107 		addi	sp,sp,112
 1541              		.cfi_def_cfa_offset 0
 1542 06e0 67800000 		jr	ra
 1543              	.LVL126:
 1544              	.L67:
GAS LISTING /tmp/ccOjCBq0.s 			page 45


 1545              		.cfi_restore_state
 1546              	.LBB397:
 122:src/Kernel.cpp ****     switch (scause)
 1547              		.loc 1 122 5
 1548 06e4 1307F0FF 		li	a4,-1
 1549 06e8 1317F703 		slli	a4,a4,63
 1550 06ec 13079700 		addi	a4,a4,9
 1551 06f0 E39AE7FC 		bne	a5,a4,.L65
 1552              	.LBE397:
 171:src/Kernel.cpp ****         case 0x8000000000000009UL:
 1553              		.loc 1 171 9 is_stmt 1
 172:src/Kernel.cpp ****         {
 1554              		.loc 1 172 9
 1555              	.LBB398:
 1556              	.LBB353:
 174:src/Kernel.cpp ****             Machine::bc_sip(Machine::SEIP);
 1557              		.loc 1 174 13
 1558              	.LVL127:
 1559              	.LBB354:
 1560              	.LBB355:
  59:src/../h/Machine.hpp **** }
 1561              		.loc 7 59 5
  59:src/../h/Machine.hpp **** }
 1562              		.loc 7 59 60 is_stmt 0
 1563 06f4 93070020 		li	a5,512
 1564              	.LVL128:
 1565              	#APP
 1566              	# 59 "src/../h/Machine.hpp" 1
 1567              		csrc sip, a5
 1568              	# 0 "" 2
 1569              	.LVL129:
 1570              	#NO_APP
 1571              	.LBE355:
 1572              	.LBE354:
 176:src/Kernel.cpp ****             uint64 sepc = Machine::readSepc() + 4;
 1573              		.loc 1 176 13 is_stmt 1
 1574              	.LBB356:
 1575              	.LBB357:
  73:src/../h/Machine.hpp ****     __asm__ volatile ("csrr %[reg], sepc": [reg] "=r"(returnAddress));
 1576              		.loc 7 73 5
  74:src/../h/Machine.hpp ****     return returnAddress;
 1577              		.loc 7 74 5
  74:src/../h/Machine.hpp ****     return returnAddress;
 1578              		.loc 7 74 70 is_stmt 0
 1579              	#APP
 1580              	# 74 "src/../h/Machine.hpp" 1
 1581              		csrr s1, sepc
 1582              	# 0 "" 2
 1583              	.LVL130:
  75:src/../h/Machine.hpp **** }
 1584              		.loc 7 75 5 is_stmt 1
 1585              	#NO_APP
 1586              	.LBE357:
 1587              	.LBE356:
 176:src/Kernel.cpp ****             uint64 sepc = Machine::readSepc() + 4;
 1588              		.loc 1 176 49 is_stmt 0
 1589 0700 93844400 		addi	s1,s1,4
GAS LISTING /tmp/ccOjCBq0.s 			page 46


 1590              	.LVL131:
 177:src/Kernel.cpp ****             uint64 sstatus = Machine::readSstatus();
 1591              		.loc 1 177 13 is_stmt 1
 1592              	.LBB358:
 1593              	.LBB359:
  83:src/../h/Machine.hpp ****     __asm__ volatile ("csrr %[reg], sstatus": [reg] "=r"(returnStatus));
 1594              		.loc 7 83 5
  84:src/../h/Machine.hpp ****     return returnStatus;
 1595              		.loc 7 84 5
  84:src/../h/Machine.hpp ****     return returnStatus;
 1596              		.loc 7 84 72 is_stmt 0
 1597              	#APP
 1598              	# 84 "src/../h/Machine.hpp" 1
 1599              		csrr s3, sstatus
 1600              	# 0 "" 2
 1601              	.LVL132:
 1602              		.loc 7 85 5 is_stmt 1
 1603              	#NO_APP
 1604              	.LBE359:
 1605              	.LBE358:
 179:src/Kernel.cpp ****             int numOfDevice = plic_claim();
 1606              		.loc 1 179 13
 179:src/Kernel.cpp ****             int numOfDevice = plic_claim();
 1607              		.loc 1 179 41 is_stmt 0
 1608 0708 97000000 		call	plic_claim@plt
 1608      E7800000 
 1609              	.LVL133:
 1610 0710 13090500 		mv	s2,a0
 1611              	.LVL134:
 180:src/Kernel.cpp ****             uint8 statusReg;
 1612              		.loc 1 180 13 is_stmt 1
 181:src/Kernel.cpp ****             __asm__ volatile("lb %[status], 0(%[address])": [status] "=r"(statusReg): [address] "r"
 1613              		.loc 1 181 13
 181:src/Kernel.cpp ****             __asm__ volatile("lb %[status], 0(%[address])": [status] "=r"(statusReg): [address] "r"
 1614              		.loc 1 181 101 is_stmt 0
 1615 0714 97070000 		la	a5,CONSOLE_STATUS
 1615      83B70700 
 1616 071c 83B70700 		ld	a5,0(a5)
 181:src/Kernel.cpp ****             __asm__ volatile("lb %[status], 0(%[address])": [status] "=r"(statusReg): [address] "r"
 1617              		.loc 1 181 117
 1618              	#APP
 1619              	# 181 "src/Kernel.cpp" 1
 1620              		lb a5, 0(a5)
 1621              	# 0 "" 2
 1622              	#NO_APP
 1623 0724 93F7F70F 		andi	a5,a5,0xff
 1624              	.LVL135:
 183:src/Kernel.cpp ****             if (statusReg & CONSOLE_TX_STATUS_BIT) {
 1625              		.loc 1 183 13 is_stmt 1
 1626 0728 93F70702 		andi	a5,a5,32
 1627              	.LVL136:
 1628 072c 6380070C 		beqz	a5,.L72
 184:src/Kernel.cpp ****                 if (KConsole::isOutputBufferEmpty()) {
 1629              		.loc 1 184 17
 1630              	.LBB360:
 1631              	.LBB361:
  30:src/../h/KConsole.hpp ****     static bool isInputBufferFull() { return inputBuffer->isBufferFull(); }
GAS LISTING /tmp/ccOjCBq0.s 			page 47


  31:src/../h/KConsole.hpp **** 
  32:src/../h/KConsole.hpp ****     static bool isOutputBufferFull() { return outputBuffer->isBufferFull(); }
  33:src/../h/KConsole.hpp ****     static bool isOutputBufferEmpty() { return outputBuffer->isBufferEmpty(); }
 1632              		.loc 6 33 41
 1633              		.loc 6 33 75 is_stmt 0
 1634 0730 97070000 		la	a5,_ZN8KConsole12outputBufferE
 1634      83B70700 
 1635 0738 03B50700 		ld	a0,0(a5)
 1636 073c 97000000 		call	_ZNK6BufferIcLm100EE13isBufferEmptyEv
 1636      E7800000 
 1637              	.LVL137:
 1638              	.LBE361:
 1639              	.LBE360:
 184:src/Kernel.cpp ****                 if (KConsole::isOutputBufferEmpty()) {
 1640              		.loc 1 184 17
 1641 0744 63080508 		beqz	a0,.L73
 185:src/Kernel.cpp ****                     plic_complete(numOfDevice);
 1642              		.loc 1 185 21 is_stmt 1
 185:src/Kernel.cpp ****                     plic_complete(numOfDevice);
 1643              		.loc 1 185 34 is_stmt 0
 1644 0748 13050900 		mv	a0,s2
 1645 074c 97000000 		call	plic_complete@plt
 1645      E7800000 
 1646              	.LVL138:
 1647              	.L74:
 197:src/Kernel.cpp ****             TCB::dispatch();
 1648              		.loc 1 197 13 is_stmt 1
 197:src/Kernel.cpp ****             TCB::dispatch();
 1649              		.loc 1 197 26 is_stmt 0
 1650 0754 97000000 		call	_ZN3TCB8dispatchEv@plt
 1650      E7800000 
 1651              	.LVL139:
 199:src/Kernel.cpp ****             Machine::writeSepc(sepc);
 1652              		.loc 1 199 13 is_stmt 1
 1653              	.LBB362:
 1654              	.LBB363:
  69:src/../h/Machine.hpp **** }
 1655              		.loc 7 69 5
  69:src/../h/Machine.hpp **** }
 1656              		.loc 7 69 63 is_stmt 0
 1657              	#APP
 1658              	# 69 "src/../h/Machine.hpp" 1
 1659              		csrw sepc, s1
 1660              	# 0 "" 2
 1661              	.LVL140:
 1662              	#NO_APP
 1663              	.LBE363:
 1664              	.LBE362:
 200:src/Kernel.cpp ****             Machine::writeSstatus(sstatus);
 1665              		.loc 1 200 13 is_stmt 1
 1666              	.LBB364:
 1667              	.LBB365:
  79:src/../h/Machine.hpp **** }
 1668              		.loc 7 79 5
  79:src/../h/Machine.hpp **** }
 1669              		.loc 7 79 68 is_stmt 0
 1670              	#APP
GAS LISTING /tmp/ccOjCBq0.s 			page 48


 1671              	# 79 "src/../h/Machine.hpp" 1
 1672              		csrw sstatus, s3
 1673              	# 0 "" 2
 1674              	.LVL141:
 1675              	#NO_APP
 1676              	.LBE365:
 1677              	.LBE364:
 1678              	.LBE353:
 1679              	.LBE398:
 206:src/Kernel.cpp **** }
 1680              		.loc 1 206 1
 1681 0764 6FF01FF6 		j	.L65
 1682              	.LVL142:
 1683              	.L66:
 151:src/Kernel.cpp ****         case 0x8000000000000001UL:
 1684              		.loc 1 151 9 is_stmt 1
 152:src/Kernel.cpp ****         {
 1685              		.loc 1 152 9
 1686              	.LBB399:
 1687              	.LBB372:
 155:src/Kernel.cpp ****             Machine::bc_sip(Machine::SSIP);
 1688              		.loc 1 155 13
 1689              	.LBB373:
 1690              	.LBB374:
  59:src/../h/Machine.hpp **** }
 1691              		.loc 7 59 5
  59:src/../h/Machine.hpp **** }
 1692              		.loc 7 59 60 is_stmt 0
 1693 0768 93072000 		li	a5,2
 1694              	.LVL143:
 1695              	#APP
 1696              	# 59 "src/../h/Machine.hpp" 1
 1697              		csrc sip, a5
 1698              	# 0 "" 2
 1699              	.LVL144:
 1700              	#NO_APP
 1701              	.LBE374:
 1702              	.LBE373:
 156:src/Kernel.cpp ****             TCB::incrementNumOfTicks();
 1703              		.loc 1 156 13 is_stmt 1
 1704              	.LBB375:
 1705              	.LBB376:
  61:src/../h/TCB.hpp **** 
  62:src/../h/TCB.hpp ****     static size_t getNumOfTicks() { return numOfTicks; }
  63:src/../h/TCB.hpp ****     static void resetNumOfTicks() { numOfTicks = DEFAULT_TIME_SLICE; }
  64:src/../h/TCB.hpp ****     static void incrementNumOfTicks() { numOfTicks++; }
 1706              		.loc 3 64 41
 1707              		.loc 3 64 51 is_stmt 0
 1708 0770 17070000 		la	a4,_ZN3TCB10numOfTicksE
 1708      03370700 
 1709 0778 83370700 		ld	a5,0(a4)
 1710 077c 93871700 		addi	a5,a5,1
 1711 0780 2330F700 		sd	a5,0(a4)
 1712              	.LBE376:
 1713              	.LBE375:
 157:src/Kernel.cpp ****             if (TCB::getNumOfTicks() >= TCB::getRunningThread()->getTimeSlice()) {
 1714              		.loc 1 157 13 is_stmt 1
GAS LISTING /tmp/ccOjCBq0.s 			page 49


 1715              	.LBE372:
 1716              	.LBE399:
  62:src/../h/TCB.hpp ****     static void resetNumOfTicks() { numOfTicks = DEFAULT_TIME_SLICE; }
 1717              		.loc 3 62 37
 1718              	.LBB400:
 1719              	.LBB394:
 1720              	.LBB377:
 1721              	.LBB378:
 1722              	.LBB379:
  59:src/../h/TCB.hpp ****     static void setRunningThread(TCB* newRunningThread) { running = newRunningThread; }
 1723              		.loc 3 59 38
  59:src/../h/TCB.hpp ****     static void setRunningThread(TCB* newRunningThread) { running = newRunningThread; }
 1724              		.loc 3 59 45 is_stmt 0
 1725 0784 17070000 		la	a4,_ZN3TCB7runningE
 1725      03370700 
 1726 078c 03370700 		ld	a4,0(a4)
 1727              	.LVL145:
 1728              	.LBE379:
 1729              	.LBE378:
 1730              	.LBB380:
 1731              	.LBB381:
  30:src/../h/TCB.hpp ****     bool isFinished() const { return finished; }
 1732              		.loc 3 30 35 is_stmt 1
  30:src/../h/TCB.hpp ****     bool isFinished() const { return finished; }
 1733              		.loc 3 30 42 is_stmt 0
 1734 0790 03370703 		ld	a4,48(a4)
 1735              	.LVL146:
 1736              	.LBE381:
 1737              	.LBE380:
 157:src/Kernel.cpp ****             if (TCB::getNumOfTicks() >= TCB::getRunningThread()->getTimeSlice()) {
 1738              		.loc 1 157 13
 1739 0794 63F8E700 		bleu	a4,a5,.L78
 1740              	.L71:
 1741              	.LBE377:
 168:src/Kernel.cpp ****             wakeUpThreads();
 1742              		.loc 1 168 13 is_stmt 1
 168:src/Kernel.cpp ****             wakeUpThreads();
 1743              		.loc 1 168 26 is_stmt 0
 1744 0798 97000000 		call	_ZN6Kernel13wakeUpThreadsEv
 1744      E7800000 
 1745              	.LVL147:
 169:src/Kernel.cpp ****             break;
 1746              		.loc 1 169 13 is_stmt 1
 1747 07a0 6FF05FF2 		j	.L65
 1748              	.L78:
 1749              	.LBB393:
 1750              	.LBB382:
 158:src/Kernel.cpp ****                 TCB::resetNumOfTicks();
 1751              		.loc 1 158 17
 1752              	.LBB383:
 1753              	.LBB384:
  63:src/../h/TCB.hpp ****     static void incrementNumOfTicks() { numOfTicks++; }
 1754              		.loc 3 63 37
  63:src/../h/TCB.hpp ****     static void incrementNumOfTicks() { numOfTicks++; }
 1755              		.loc 3 63 48 is_stmt 0
 1756 07a4 97070000 		la	a5,_ZN3TCB10numOfTicksE
 1756      83B70700 
GAS LISTING /tmp/ccOjCBq0.s 			page 50


 1757 07ac 13072000 		li	a4,2
 1758 07b0 23B0E700 		sd	a4,0(a5)
 1759              	.LBE384:
 1760              	.LBE383:
 159:src/Kernel.cpp ****                 uint64 sepc = Machine::readSepc() + 4;
 1761              		.loc 1 159 17 is_stmt 1
 1762              	.LBB385:
 1763              	.LBB386:
  73:src/../h/Machine.hpp ****     __asm__ volatile ("csrr %[reg], sepc": [reg] "=r"(returnAddress));
 1764              		.loc 7 73 5
  74:src/../h/Machine.hpp ****     return returnAddress;
 1765              		.loc 7 74 5
  74:src/../h/Machine.hpp ****     return returnAddress;
 1766              		.loc 7 74 70 is_stmt 0
 1767              	#APP
 1768              	# 74 "src/../h/Machine.hpp" 1
 1769              		csrr s1, sepc
 1770              	# 0 "" 2
 1771              	.LVL148:
  75:src/../h/Machine.hpp **** }
 1772              		.loc 7 75 5 is_stmt 1
 1773              	#NO_APP
 1774              	.LBE386:
 1775              	.LBE385:
 159:src/Kernel.cpp ****                 uint64 sepc = Machine::readSepc() + 4;
 1776              		.loc 1 159 53 is_stmt 0
 1777 07b8 93844400 		addi	s1,s1,4
 1778              	.LVL149:
 160:src/Kernel.cpp ****                 uint64 sstatus = Machine::readSstatus();
 1779              		.loc 1 160 17 is_stmt 1
 1780              	.LBB387:
 1781              	.LBB388:
  83:src/../h/Machine.hpp ****     __asm__ volatile ("csrr %[reg], sstatus": [reg] "=r"(returnStatus));
 1782              		.loc 7 83 5
  84:src/../h/Machine.hpp ****     return returnStatus;
 1783              		.loc 7 84 5
  84:src/../h/Machine.hpp ****     return returnStatus;
 1784              		.loc 7 84 72 is_stmt 0
 1785              	#APP
 1786              	# 84 "src/../h/Machine.hpp" 1
 1787              		csrr s2, sstatus
 1788              	# 0 "" 2
 1789              	.LVL150:
 1790              		.loc 7 85 5 is_stmt 1
 1791              	#NO_APP
 1792              	.LBE388:
 1793              	.LBE387:
 162:src/Kernel.cpp ****                 TCB::dispatch();
 1794              		.loc 1 162 17
 162:src/Kernel.cpp ****                 TCB::dispatch();
 1795              		.loc 1 162 30 is_stmt 0
 1796 07c0 97000000 		call	_ZN3TCB8dispatchEv@plt
 1796      E7800000 
 1797              	.LVL151:
 164:src/Kernel.cpp ****                 Machine::writeSepc(sepc);
 1798              		.loc 1 164 17 is_stmt 1
 1799              	.LBB389:
GAS LISTING /tmp/ccOjCBq0.s 			page 51


 1800              	.LBB390:
  69:src/../h/Machine.hpp **** }
 1801              		.loc 7 69 5
  69:src/../h/Machine.hpp **** }
 1802              		.loc 7 69 63 is_stmt 0
 1803              	#APP
 1804              	# 69 "src/../h/Machine.hpp" 1
 1805              		csrw sepc, s1
 1806              	# 0 "" 2
 1807              	.LVL152:
 1808              	#NO_APP
 1809              	.LBE390:
 1810              	.LBE389:
 165:src/Kernel.cpp ****                 Machine::writeSstatus(sstatus);
 1811              		.loc 1 165 17 is_stmt 1
 1812              	.LBB391:
 1813              	.LBB392:
  79:src/../h/Machine.hpp **** }
 1814              		.loc 7 79 5
  79:src/../h/Machine.hpp **** }
 1815              		.loc 7 79 68 is_stmt 0
 1816              	#APP
 1817              	# 79 "src/../h/Machine.hpp" 1
  80:src/../h/Machine.hpp **** inline uint64 Machine::readSstatus()
 1818              		csrw sstatus, s2
 1819              	# 0 "" 2
 1820              		.loc 7 80 1
 1821              	#NO_APP
 1822 07d0 6FF09FFC 		j	.L71
 1823              	.LVL153:
 1824              	.L73:
 1825              	.LBE392:
 1826              	.LBE391:
 1827              	.LBE382:
 1828              	.LBE393:
 1829              	.LBE394:
 1830              	.LBB395:
 187:src/Kernel.cpp ****                     Scheduler::put(KConsole::getConsumerThread());
 1831              		.loc 1 187 21 is_stmt 1
 1832              	.LBB366:
 1833              	.LBB367:
  23:src/../h/KConsole.hpp ****     static void setConsumerThread(TCB* thread) { consumerThread = thread; }
 1834              		.loc 6 23 39
 1835              	.LBE367:
 1836              	.LBE366:
 187:src/Kernel.cpp ****                     Scheduler::put(KConsole::getConsumerThread());
 1837              		.loc 1 187 35 is_stmt 0
 1838 07d4 97070000 		la	a5,_ZN8KConsole14consumerThreadE
 1838      83B70700 
 1839 07dc 03B50700 		ld	a0,0(a5)
 1840 07e0 97000000 		call	_ZN9Scheduler3putEP3TCB@plt
 1840      E7800000 
 1841              	.LVL154:
 1842 07e8 6FF0DFF6 		j	.L74
 1843              	.L72:
 190:src/Kernel.cpp ****                 if (KConsole::isInputBufferFull()) {
 1844              		.loc 1 190 17 is_stmt 1
GAS LISTING /tmp/ccOjCBq0.s 			page 52


 1845              	.LBB368:
 1846              	.LBB369:
  30:src/../h/KConsole.hpp **** 
 1847              		.loc 6 30 39
  30:src/../h/KConsole.hpp **** 
 1848              		.loc 6 30 71 is_stmt 0
 1849 07ec 97070000 		la	a5,_ZN8KConsole11inputBufferE
 1849      83B70700 
 1850 07f4 03B50700 		ld	a0,0(a5)
 1851 07f8 97000000 		call	_ZNK6BufferIcLm100EE12isBufferFullEv
 1851      E7800000 
 1852              	.LVL155:
 1853              	.LBE369:
 1854              	.LBE368:
 190:src/Kernel.cpp ****                 if (KConsole::isInputBufferFull()) {
 1855              		.loc 1 190 17
 1856 0800 630A0500 		beqz	a0,.L75
 191:src/Kernel.cpp ****                     plic_complete(numOfDevice);
 1857              		.loc 1 191 21 is_stmt 1
 191:src/Kernel.cpp ****                     plic_complete(numOfDevice);
 1858              		.loc 1 191 34 is_stmt 0
 1859 0804 13050900 		mv	a0,s2
 1860 0808 97000000 		call	plic_complete@plt
 1860      E7800000 
 1861              	.LVL156:
 1862 0810 6FF05FF4 		j	.L74
 1863              	.L75:
 193:src/Kernel.cpp ****                     Scheduler::put(KConsole::getProducerThread());
 1864              		.loc 1 193 21 is_stmt 1
 1865              	.LBB370:
 1866              	.LBB371:
  26:src/../h/KConsole.hpp ****     static void setProducerThread(TCB* thread) { producerThread = thread; }
 1867              		.loc 6 26 39
 1868              	.LBE371:
 1869              	.LBE370:
 193:src/Kernel.cpp ****                     Scheduler::put(KConsole::getProducerThread());
 1870              		.loc 1 193 35 is_stmt 0
 1871 0814 97070000 		la	a5,_ZN8KConsole14producerThreadE
 1871      83B70700 
 1872 081c 03B50700 		ld	a0,0(a5)
 1873 0820 97000000 		call	_ZN9Scheduler3putEP3TCB@plt
 1873      E7800000 
 1874              	.LVL157:
 1875 0828 6FF0DFF2 		j	.L74
 1876              	.LBE395:
 1877              	.LBE400:
 1878              		.cfi_endproc
 1879              	.LFE94:
 1881              		.align	2
 1882              		.globl	_ZN6Kernel7sysPutcEPNS_21ArgumentsOfSystemCallE
 1884              	_ZN6Kernel7sysPutcEPNS_21ArgumentsOfSystemCallE:
 1885              	.LFB111:
 356:src/Kernel.cpp **** {
 1886              		.loc 1 356 1 is_stmt 1
 1887              		.cfi_startproc
 1888              	.LVL158:
 1889 082c 130101FD 		addi	sp,sp,-48
GAS LISTING /tmp/ccOjCBq0.s 			page 53


 1890              		.cfi_def_cfa_offset 48
 1891 0830 23341102 		sd	ra,40(sp)
 1892 0834 23308102 		sd	s0,32(sp)
 1893 0838 233C9100 		sd	s1,24(sp)
 1894 083c 23382101 		sd	s2,16(sp)
 1895 0840 23343101 		sd	s3,8(sp)
 1896              		.cfi_offset 1, -8
 1897              		.cfi_offset 8, -16
 1898              		.cfi_offset 9, -24
 1899              		.cfi_offset 18, -32
 1900              		.cfi_offset 19, -40
 1901 0844 13040103 		addi	s0,sp,48
 1902              		.cfi_def_cfa 8, 0
 1903 0848 93040500 		mv	s1,a0
 357:src/Kernel.cpp ****     if(KConsole::isOutputBufferFull())
 1904              		.loc 1 357 5
 1905              	.LBB401:
 1906              	.LBB402:
 1907              	.LBB403:
  32:src/../h/KConsole.hpp ****     static bool isOutputBufferEmpty() { return outputBuffer->isBufferEmpty(); }
 1908              		.loc 6 32 40
  32:src/../h/KConsole.hpp ****     static bool isOutputBufferEmpty() { return outputBuffer->isBufferEmpty(); }
 1909              		.loc 6 32 73 is_stmt 0
 1910 084c 97070000 		la	a5,_ZN8KConsole12outputBufferE
 1910      83B70700 
 1911 0854 03B50700 		ld	a0,0(a5)
 1912              	.LVL159:
 1913 0858 97000000 		call	_ZNK6BufferIcLm100EE12isBufferFullEv
 1913      E7800000 
 1914              	.LVL160:
 1915              	.LBE403:
 1916              	.LBE402:
 357:src/Kernel.cpp ****     if(KConsole::isOutputBufferFull())
 1917              		.loc 1 357 5
 1918 0860 63180502 		bnez	a0,.L82
 1919              	.L80:
 1920              	.LBE401:
 365:src/Kernel.cpp ****     KConsole::addCharToOutputBuffer(arg->a0);
 1921              		.loc 1 365 5 is_stmt 1
 365:src/Kernel.cpp ****     KConsole::addCharToOutputBuffer(arg->a0);
 1922              		.loc 1 365 36 is_stmt 0
 1923 0864 03C50400 		lbu	a0,0(s1)
 1924 0868 97000000 		call	_ZN8KConsole21addCharToOutputBufferEc@plt
 1924      E7800000 
 1925              	.LVL161:
 366:src/Kernel.cpp ****     return 0;
 1926              		.loc 1 366 5 is_stmt 1
 367:src/Kernel.cpp **** }
 1927              		.loc 1 367 1 is_stmt 0
 1928 0870 13050000 		li	a0,0
 1929 0874 83308102 		ld	ra,40(sp)
 1930              		.cfi_remember_state
 1931              		.cfi_restore 1
 1932 0878 03340102 		ld	s0,32(sp)
 1933              		.cfi_restore 8
 1934              		.cfi_def_cfa 2, 48
 1935 087c 83348101 		ld	s1,24(sp)
GAS LISTING /tmp/ccOjCBq0.s 			page 54


 1936              		.cfi_restore 9
 1937              	.LVL162:
 1938 0880 03390101 		ld	s2,16(sp)
 1939              		.cfi_restore 18
 1940 0884 83398100 		ld	s3,8(sp)
 1941              		.cfi_restore 19
 1942 0888 13010103 		addi	sp,sp,48
 1943              		.cfi_def_cfa_offset 0
 1944 088c 67800000 		jr	ra
 1945              	.LVL163:
 1946              	.L82:
 1947              		.cfi_restore_state
 1948              	.LBB417:
 1949              	.LBB404:
 359:src/Kernel.cpp ****         TCB* oldThread = TCB::getRunningThread();
 1950              		.loc 1 359 9 is_stmt 1
 1951              	.LBB405:
 1952              	.LBB406:
  59:src/../h/TCB.hpp ****     static void setRunningThread(TCB* newRunningThread) { running = newRunningThread; }
 1953              		.loc 3 59 38
  59:src/../h/TCB.hpp ****     static void setRunningThread(TCB* newRunningThread) { running = newRunningThread; }
 1954              		.loc 3 59 45 is_stmt 0
 1955 0890 97090000 		la	s3,_ZN3TCB7runningE
 1955      83B90900 
 1956 0898 03B90900 		ld	s2,0(s3)
 1957              	.LVL164:
 1958              	.LBE406:
 1959              	.LBE405:
 360:src/Kernel.cpp ****         TCB::setRunningThread(Scheduler::get());
 1960              		.loc 1 360 9 is_stmt 1
 360:src/Kernel.cpp ****         TCB::setRunningThread(Scheduler::get());
 1961              		.loc 1 360 30 is_stmt 0
 1962 089c 97000000 		call	_ZN9Scheduler3getEv@plt
 1962      E7800000 
 1963              	.LVL165:
 1964              	.LBB407:
 1965              	.LBB408:
  60:src/../h/TCB.hpp **** 
 1966              		.loc 3 60 59 is_stmt 1
  60:src/../h/TCB.hpp **** 
 1967              		.loc 3 60 67 is_stmt 0
 1968 08a4 23B0A900 		sd	a0,0(s3)
 1969              	.LVL166:
 1970              	.LBE408:
 1971              	.LBE407:
 361:src/Kernel.cpp ****         oldThread->resetState();
 1972              		.loc 1 361 9 is_stmt 1
 1973              	.LBB409:
 1974              	.LBB410:
  41:src/../h/TCB.hpp ****     Context* getContext() { return &context; }
 1975              		.loc 3 41 24
  41:src/../h/TCB.hpp ****     Context* getContext() { return &context; }
 1976              		.loc 3 41 30 is_stmt 0
 1977 08a8 23340904 		sd	zero,72(s2)
 1978              	.LVL167:
 1979              	.LBE410:
 1980              	.LBE409:
GAS LISTING /tmp/ccOjCBq0.s 			page 55


 362:src/Kernel.cpp ****         KConsole::addThreadToOutputWaitQueue(oldThread);
 1981              		.loc 1 362 9 is_stmt 1
 362:src/Kernel.cpp ****         KConsole::addThreadToOutputWaitQueue(oldThread);
 1982              		.loc 1 362 45 is_stmt 0
 1983 08ac 13050900 		mv	a0,s2
 1984 08b0 97000000 		call	_ZN8KConsole26addThreadToOutputWaitQueueEP3TCB@plt
 1984      E7800000 
 1985              	.LVL168:
 363:src/Kernel.cpp ****         context_switch(oldThread->getContext(), TCB::getRunningThread()->getContext());
 1986              		.loc 1 363 9 is_stmt 1
 1987              	.LBB411:
 1988              	.LBB412:
  42:src/../h/TCB.hpp ****     void* getUserStack() const { return userStack; }
 1989              		.loc 3 42 29
 1990              	.LBE412:
 1991              	.LBE411:
 1992              	.LBB413:
 1993              	.LBB414:
  59:src/../h/TCB.hpp ****     static void setRunningThread(TCB* newRunningThread) { running = newRunningThread; }
 1994              		.loc 3 59 38
  59:src/../h/TCB.hpp ****     static void setRunningThread(TCB* newRunningThread) { running = newRunningThread; }
 1995              		.loc 3 59 45 is_stmt 0
 1996 08b8 83B50900 		ld	a1,0(s3)
 1997              	.LVL169:
 1998              	.LBE414:
 1999              	.LBE413:
 2000              	.LBB415:
 2001              	.LBB416:
  42:src/../h/TCB.hpp ****     void* getUserStack() const { return userStack; }
 2002              		.loc 3 42 29 is_stmt 1
 2003              	.LBE416:
 2004              	.LBE415:
 363:src/Kernel.cpp ****         context_switch(oldThread->getContext(), TCB::getRunningThread()->getContext());
 2005              		.loc 1 363 23 is_stmt 0
 2006 08bc 93858500 		addi	a1,a1,8
 2007 08c0 13058900 		addi	a0,s2,8
 2008 08c4 97000000 		call	context_switch@plt
 2008      E7800000 
 2009              	.LVL170:
 2010              	.LBE404:
 2011 08cc 6FF09FF9 		j	.L80
 2012              	.LBE417:
 2013              		.cfi_endproc
 2014              	.LFE111:
 2016              		.section	.text._ZN10ObjectPoolI3TCBLm20EEnwEm,"axG",@progbits,_ZN10ObjectPoolI3TCBLm20EEnwEm,comda
 2017              		.align	2
 2018              		.weak	_ZN10ObjectPoolI3TCBLm20EEnwEm
 2020              	_ZN10ObjectPoolI3TCBLm20EEnwEm:
 2021              	.LFB115:
 2022              		.file 8 "src/../h/ObjectPool.hpp"
   1:src/../h/ObjectPool.hpp **** //
   2:src/../h/ObjectPool.hpp **** // Created by os on 12/5/25.
   3:src/../h/ObjectPool.hpp **** //
   4:src/../h/ObjectPool.hpp **** 
   5:src/../h/ObjectPool.hpp **** #ifndef PROJECT_BASE_V1_1_OBJECTPOOL_H
   6:src/../h/ObjectPool.hpp **** #define PROJECT_BASE_V1_1_OBJECTPOOL_H
   7:src/../h/ObjectPool.hpp **** #include "../lib/hw.h"
GAS LISTING /tmp/ccOjCBq0.s 			page 56


   8:src/../h/ObjectPool.hpp **** #include "MemoryAllocator.hpp"
   9:src/../h/ObjectPool.hpp **** 
  10:src/../h/ObjectPool.hpp **** 
  11:src/../h/ObjectPool.hpp **** template <typename T, size_t numOfObjects>
  12:src/../h/ObjectPool.hpp **** class ObjectPool
  13:src/../h/ObjectPool.hpp **** {
  14:src/../h/ObjectPool.hpp **** public:
  15:src/../h/ObjectPool.hpp ****     ObjectPool(): headFreeObject(pool), nextObjectPool(nullptr), prevObjectPool(nullptr)
  16:src/../h/ObjectPool.hpp ****     {
  17:src/../h/ObjectPool.hpp **** 
  18:src/../h/ObjectPool.hpp ****         for(size_t i = 0; i < numOfObjects - 1; i++)
  19:src/../h/ObjectPool.hpp ****         {
  20:src/../h/ObjectPool.hpp ****             pool[i].nextFree = &(pool[i+1]);
  21:src/../h/ObjectPool.hpp ****         }
  22:src/../h/ObjectPool.hpp ****         pool[numOfObjects - 1].nextFree = nullptr;
  23:src/../h/ObjectPool.hpp ****     }
  24:src/../h/ObjectPool.hpp **** 
  25:src/../h/ObjectPool.hpp ****     static void* operator new(size_t size);
  26:src/../h/ObjectPool.hpp ****     static void operator delete(void* obj);
  27:src/../h/ObjectPool.hpp ****     T* mallocObject(ObjectPool<T, numOfObjects>** pool);
  28:src/../h/ObjectPool.hpp ****     int freeObject(T* obj);
  29:src/../h/ObjectPool.hpp **** 
  30:src/../h/ObjectPool.hpp **** 
  31:src/../h/ObjectPool.hpp **** private:
  32:src/../h/ObjectPool.hpp **** 
  33:src/../h/ObjectPool.hpp ****     typedef struct PoolObject
  34:src/../h/ObjectPool.hpp ****     {
  35:src/../h/ObjectPool.hpp ****         T object;
  36:src/../h/ObjectPool.hpp ****         PoolObject* nextFree;
  37:src/../h/ObjectPool.hpp **** 
  38:src/../h/ObjectPool.hpp ****     } PoolObject;
  39:src/../h/ObjectPool.hpp **** 
  40:src/../h/ObjectPool.hpp ****     PoolObject* getHeadFreeList(void) const
  41:src/../h/ObjectPool.hpp ****     {
  42:src/../h/ObjectPool.hpp ****         return headFreeObject;
  43:src/../h/ObjectPool.hpp ****     }
  44:src/../h/ObjectPool.hpp ****     ObjectPool<T, numOfObjects>* findFreePool(void);
  45:src/../h/ObjectPool.hpp ****     //static size_t countOfPools;
  46:src/../h/ObjectPool.hpp ****     PoolObject pool[numOfObjects];
  47:src/../h/ObjectPool.hpp ****     PoolObject* headFreeObject;
  48:src/../h/ObjectPool.hpp ****     ObjectPool<T, numOfObjects>* nextObjectPool;
  49:src/../h/ObjectPool.hpp ****     ObjectPool<T, numOfObjects>* prevObjectPool;
  50:src/../h/ObjectPool.hpp ****     //size_t id;
  51:src/../h/ObjectPool.hpp **** 
  52:src/../h/ObjectPool.hpp **** };
  53:src/../h/ObjectPool.hpp **** 
  54:src/../h/ObjectPool.hpp **** 
  55:src/../h/ObjectPool.hpp **** template<typename T, size_t numOfObjects>
  56:src/../h/ObjectPool.hpp **** void* ObjectPool<T, numOfObjects>::operator new(size_t size)
 2023              		.loc 8 56 7 is_stmt 1
 2024              		.cfi_startproc
 2025              	.LVL171:
 2026 0000 130101FF 		addi	sp,sp,-16
 2027              		.cfi_def_cfa_offset 16
 2028 0004 23341100 		sd	ra,8(sp)
 2029 0008 23308100 		sd	s0,0(sp)
 2030              		.cfi_offset 1, -8
GAS LISTING /tmp/ccOjCBq0.s 			page 57


 2031              		.cfi_offset 8, -16
 2032 000c 13040101 		addi	s0,sp,16
 2033              		.cfi_def_cfa 8, 0
  57:src/../h/ObjectPool.hpp **** {
  58:src/../h/ObjectPool.hpp ****     size_t numOfBlocks = size / MEM_BLOCK_SIZE;
 2034              		.loc 8 58 12 is_stmt 0
 2035 0010 93576500 		srli	a5,a0,6
 2036              	.LVL172:
  59:src/../h/ObjectPool.hpp ****     numOfBlocks += size % MEM_BLOCK_SIZE ? 1 : 0;
 2037              		.loc 8 59 25
 2038 0014 1375F503 		andi	a0,a0,63
 2039              	.LVL173:
 2040              		.loc 8 59 17
 2041 0018 63040500 		beqz	a0,.L84
 2042 001c 13051000 		li	a0,1
 2043              	.L84:
 2044              	.LVL174:
  60:src/../h/ObjectPool.hpp ****     return MemoryAllocator::allocateMemory(numOfBlocks);
 2045              		.loc 8 60 43 discriminator 4
 2046 0020 3305F500 		add	a0,a0,a5
 2047              	.LVL175:
 2048 0024 97000000 		call	_ZN15MemoryAllocator14allocateMemoryEm@plt
 2048      E7800000 
 2049              	.LVL176:
  61:src/../h/ObjectPool.hpp **** }
 2050              		.loc 8 61 1 discriminator 4
 2051 002c 83308100 		ld	ra,8(sp)
 2052              		.cfi_restore 1
 2053 0030 03340100 		ld	s0,0(sp)
 2054              		.cfi_restore 8
 2055              		.cfi_def_cfa 2, 16
 2056 0034 13010101 		addi	sp,sp,16
 2057              		.cfi_def_cfa_offset 0
 2058 0038 67800000 		jr	ra
 2059              		.cfi_endproc
 2060              	.LFE115:
 2062              		.section	.text._ZN10ObjectPoolI3TCBLm20EEdlEPv,"axG",@progbits,_ZN10ObjectPoolI3TCBLm20EEdlEPv,com
 2063              		.align	2
 2064              		.weak	_ZN10ObjectPoolI3TCBLm20EEdlEPv
 2066              	_ZN10ObjectPoolI3TCBLm20EEdlEPv:
 2067              	.LFB119:
  62:src/../h/ObjectPool.hpp **** template<typename T, size_t numOfObjects>
  63:src/../h/ObjectPool.hpp **** void ObjectPool<T, numOfObjects>::operator delete(void *obj)
 2068              		.loc 8 63 6 is_stmt 1
 2069              		.cfi_startproc
 2070              	.LVL177:
 2071 0000 130101FF 		addi	sp,sp,-16
 2072              		.cfi_def_cfa_offset 16
 2073 0004 23341100 		sd	ra,8(sp)
 2074 0008 23308100 		sd	s0,0(sp)
 2075              		.cfi_offset 1, -8
 2076              		.cfi_offset 8, -16
 2077 000c 13040101 		addi	s0,sp,16
 2078              		.cfi_def_cfa 8, 0
  64:src/../h/ObjectPool.hpp **** {
  65:src/../h/ObjectPool.hpp ****     MemoryAllocator::freeMemory(obj);
 2079              		.loc 8 65 32 is_stmt 0
GAS LISTING /tmp/ccOjCBq0.s 			page 58


 2080 0010 97000000 		call	_ZN15MemoryAllocator10freeMemoryEPv@plt
 2080      E7800000 
 2081              	.LVL178:
  66:src/../h/ObjectPool.hpp **** }
 2082              		.loc 8 66 1
 2083 0018 83308100 		ld	ra,8(sp)
 2084              		.cfi_restore 1
 2085 001c 03340100 		ld	s0,0(sp)
 2086              		.cfi_restore 8
 2087              		.cfi_def_cfa 2, 16
 2088 0020 13010101 		addi	sp,sp,16
 2089              		.cfi_def_cfa_offset 0
 2090 0024 67800000 		jr	ra
 2091              		.cfi_endproc
 2092              	.LFE119:
 2094              		.section	.text._ZN10ObjectPoolI10KSemaphoreLm10EEnwEm,"axG",@progbits,_ZN10ObjectPoolI10KSemaphore
 2095              		.align	2
 2096              		.weak	_ZN10ObjectPoolI10KSemaphoreLm10EEnwEm
 2098              	_ZN10ObjectPoolI10KSemaphoreLm10EEnwEm:
 2099              	.LFB120:
  56:src/../h/ObjectPool.hpp **** {
 2100              		.loc 8 56 7 is_stmt 1
 2101              		.cfi_startproc
 2102              	.LVL179:
 2103 0000 130101FF 		addi	sp,sp,-16
 2104              		.cfi_def_cfa_offset 16
 2105 0004 23341100 		sd	ra,8(sp)
 2106 0008 23308100 		sd	s0,0(sp)
 2107              		.cfi_offset 1, -8
 2108              		.cfi_offset 8, -16
 2109 000c 13040101 		addi	s0,sp,16
 2110              		.cfi_def_cfa 8, 0
  58:src/../h/ObjectPool.hpp ****     numOfBlocks += size % MEM_BLOCK_SIZE ? 1 : 0;
 2111              		.loc 8 58 12 is_stmt 0
 2112 0010 93576500 		srli	a5,a0,6
 2113              	.LVL180:
  59:src/../h/ObjectPool.hpp ****     return MemoryAllocator::allocateMemory(numOfBlocks);
 2114              		.loc 8 59 25
 2115 0014 1375F503 		andi	a0,a0,63
 2116              	.LVL181:
  59:src/../h/ObjectPool.hpp ****     return MemoryAllocator::allocateMemory(numOfBlocks);
 2117              		.loc 8 59 17
 2118 0018 63040500 		beqz	a0,.L89
 2119 001c 13051000 		li	a0,1
 2120              	.L89:
 2121              	.LVL182:
  60:src/../h/ObjectPool.hpp **** }
 2122              		.loc 8 60 43 discriminator 4
 2123 0020 3305F500 		add	a0,a0,a5
 2124              	.LVL183:
 2125 0024 97000000 		call	_ZN15MemoryAllocator14allocateMemoryEm@plt
 2125      E7800000 
 2126              	.LVL184:
  61:src/../h/ObjectPool.hpp **** template<typename T, size_t numOfObjects>
 2127              		.loc 8 61 1 discriminator 4
 2128 002c 83308100 		ld	ra,8(sp)
 2129              		.cfi_restore 1
GAS LISTING /tmp/ccOjCBq0.s 			page 59


 2130 0030 03340100 		ld	s0,0(sp)
 2131              		.cfi_restore 8
 2132              		.cfi_def_cfa 2, 16
 2133 0034 13010101 		addi	sp,sp,16
 2134              		.cfi_def_cfa_offset 0
 2135 0038 67800000 		jr	ra
 2136              		.cfi_endproc
 2137              	.LFE120:
 2139              		.text
 2140              		.align	2
 2142              	_Z41__static_initialization_and_destruction_0ii:
 2143              	.LFB139:
 2144              		.loc 1 387 1 is_stmt 1
 2145              		.cfi_startproc
 2146              	.LVL185:
 2147 08d0 93071000 		li	a5,1
 2148 08d4 6304F500 		beq	a0,a5,.L101
 2149              	.L98:
 2150 08d8 67800000 		ret
 2151              	.L101:
 2152              		.loc 1 387 1 is_stmt 0 discriminator 1
 2153 08dc B7070100 		li	a5,65536
 2154 08e0 9387F7FF 		addi	a5,a5,-1
 2155 08e4 E39AF5FE 		bne	a1,a5,.L98
 2156              		.loc 1 387 1
 2157 08e8 130101FE 		addi	sp,sp,-32
 2158              		.cfi_def_cfa_offset 32
 2159 08ec 233C1100 		sd	ra,24(sp)
 2160 08f0 23388100 		sd	s0,16(sp)
 2161 08f4 23349100 		sd	s1,8(sp)
 2162              		.cfi_offset 1, -8
 2163              		.cfi_offset 8, -16
 2164              		.cfi_offset 9, -24
 2165 08f8 13040102 		addi	s0,sp,32
 2166              		.cfi_def_cfa 8, 0
  15:src/Kernel.cpp **** ObjectPool<TCB, KernelConfig::NUM_OF_THREADS_IN_POOL>* Kernel::poolOfThreads = new ObjectPool<TCB, 
 2167              		.loc 1 15 138
 2168 08fc B7140000 		li	s1,4096
 2169 0900 13858497 		addi	a0,s1,-1672
 2170              	.LVL186:
 2171 0904 97000000 		call	_ZN10ObjectPoolI3TCBLm20EEnwEm
 2171      E7800000 
 2172              	.LVL187:
 2173              	.LBB418:
 2174              	.LBB419:
  15:src/../h/ObjectPool.hpp ****     {
 2175              		.loc 8 15 88
 2176 090c B3079500 		add	a5,a0,s1
 2177 0910 23B0A796 		sd	a0,-1696(a5)
 2178 0914 23B40796 		sd	zero,-1688(a5)
 2179 0918 23B80796 		sd	zero,-1680(a5)
 2180              	.LVL188:
 2181              	.LBB420:
 2182              	.LBB421:
  18:src/../h/ObjectPool.hpp ****         {
 2183              		.loc 8 18 20
 2184 091c 93060000 		li	a3,0
GAS LISTING /tmp/ccOjCBq0.s 			page 60


 2185              	.LVL189:
 2186              	.L94:
  18:src/../h/ObjectPool.hpp ****         {
 2187              		.loc 8 18 29 is_stmt 1
 2188 0920 93072001 		li	a5,18
 2189 0924 63EAD702 		bgtu	a3,a5,.L93
  20:src/../h/ObjectPool.hpp ****         }
 2190              		.loc 8 20 40 is_stmt 0
 2191 0928 13861600 		addi	a2,a3,1
  20:src/../h/ObjectPool.hpp ****         }
 2192              		.loc 8 20 38
 2193 092c 13174600 		slli	a4,a2,4
 2194 0930 3307C740 		sub	a4,a4,a2
 2195 0934 13173700 		slli	a4,a4,3
 2196 0938 3307E500 		add	a4,a0,a4
  20:src/../h/ObjectPool.hpp ****         }
 2197              		.loc 8 20 13
 2198 093c 93974600 		slli	a5,a3,4
 2199 0940 B387D740 		sub	a5,a5,a3
 2200 0944 93973700 		slli	a5,a5,3
 2201 0948 B307F500 		add	a5,a0,a5
 2202 094c 23B8E706 		sd	a4,112(a5)
  18:src/../h/ObjectPool.hpp ****         {
 2203              		.loc 8 18 9 is_stmt 1
 2204              	.LVL190:
 2205 0950 93060600 		mv	a3,a2
 2206 0954 6FF0DFFC 		j	.L94
 2207              	.LVL191:
 2208              	.L93:
 2209              	.LBE421:
  22:src/../h/ObjectPool.hpp ****     }
 2210              		.loc 8 22 9 is_stmt 0
 2211 0958 B7170000 		li	a5,4096
 2212 095c B307F500 		add	a5,a0,a5
 2213 0960 23BC0794 		sd	zero,-1704(a5)
 2214              	.LVL192:
 2215              	.LBE420:
 2216              	.LBE419:
 2217              	.LBE418:
  15:src/Kernel.cpp **** ObjectPool<TCB, KernelConfig::NUM_OF_THREADS_IN_POOL>* Kernel::poolOfThreads = new ObjectPool<TCB, 
 2218              		.loc 1 15 56
 2219 0964 97070000 		sd	a0,.LANCHOR0+544,a5
 2219      23B0A700 
  16:src/Kernel.cpp **** ObjectPool<KSemaphore, KernelConfig::NUM_OF_SEMAPHORES_IN_POOL>* Kernel::poolOfSemaphores = new Obj
 2220              		.loc 1 16 161
 2221 096c 13058015 		li	a0,344
 2222 0970 97000000 		call	_ZN10ObjectPoolI10KSemaphoreLm10EEnwEm
 2222      E7800000 
 2223              	.LVL193:
 2224              	.LBB422:
 2225              	.LBB423:
  15:src/../h/ObjectPool.hpp ****     {
 2226              		.loc 8 15 88
 2227 0978 2330A514 		sd	a0,320(a0)
 2228 097c 23340514 		sd	zero,328(a0)
 2229 0980 23380514 		sd	zero,336(a0)
 2230              	.LVL194:
GAS LISTING /tmp/ccOjCBq0.s 			page 61


 2231              	.LBB424:
 2232              	.LBB425:
  18:src/../h/ObjectPool.hpp ****         {
 2233              		.loc 8 18 20
 2234 0984 93070000 		li	a5,0
 2235              	.LVL195:
 2236              	.L96:
  18:src/../h/ObjectPool.hpp ****         {
 2237              		.loc 8 18 29 is_stmt 1
 2238 0988 13078000 		li	a4,8
 2239 098c 6362F702 		bgtu	a5,a4,.L95
  20:src/../h/ObjectPool.hpp ****         }
 2240              		.loc 8 20 40 is_stmt 0
 2241 0990 93861700 		addi	a3,a5,1
  20:src/../h/ObjectPool.hpp ****         }
 2242              		.loc 8 20 38
 2243 0994 13975600 		slli	a4,a3,5
 2244 0998 3307E500 		add	a4,a0,a4
  20:src/../h/ObjectPool.hpp ****         }
 2245              		.loc 8 20 13
 2246 099c 93975700 		slli	a5,a5,5
 2247              	.LVL196:
 2248 09a0 B307F500 		add	a5,a0,a5
 2249 09a4 23BCE700 		sd	a4,24(a5)
  18:src/../h/ObjectPool.hpp ****         {
 2250              		.loc 8 18 9 is_stmt 1
 2251              	.LVL197:
 2252 09a8 93870600 		mv	a5,a3
 2253 09ac 6FF0DFFD 		j	.L96
 2254              	.LVL198:
 2255              	.L95:
 2256              	.LBE425:
  22:src/../h/ObjectPool.hpp ****     }
 2257              		.loc 8 22 9 is_stmt 0
 2258 09b0 233C0512 		sd	zero,312(a0)
 2259              	.LVL199:
 2260              	.LBE424:
 2261              	.LBE423:
 2262              	.LBE422:
  16:src/Kernel.cpp **** ObjectPool<KSemaphore, KernelConfig::NUM_OF_SEMAPHORES_IN_POOL>* Kernel::poolOfSemaphores = new Obj
 2263              		.loc 1 16 66
 2264 09b4 97040000 		lla	s1,.LANCHOR0
 2264      93840400 
 2265 09bc 23B4A422 		sd	a0,552(s1)
  17:src/Kernel.cpp **** PriorityQueue<TCB, decltype(cmp)>* Kernel::queueOfAsleepThreads = new PriorityQueue<TCB, decltype(c
 2266              		.loc 1 17 108
 2267 09c0 13058001 		li	a0,24
 2268 09c4 97000000 		call	_ZN13PriorityQueueI3TCBUlPS0_S1_E_EnwEm
 2268      E7800000 
 2269              	.LVL200:
 2270              	.LBB426:
 2271              	.LBB427:
  14:src/../h/PriorityQueue.hpp **** 
 2272              		.loc 2 14 46
 2273 09cc 23300500 		sd	zero,0(a0)
 2274 09d0 23340500 		sd	zero,8(a0)
 2275              	.LVL201:
GAS LISTING /tmp/ccOjCBq0.s 			page 62


 2276              	.LBE427:
 2277              	.LBE426:
  17:src/Kernel.cpp **** PriorityQueue<TCB, decltype(cmp)>* Kernel::queueOfAsleepThreads = new PriorityQueue<TCB, decltype(c
 2278              		.loc 1 17 36
 2279 09d4 23B0A400 		sd	a0,0(s1)
 2280              		.loc 1 387 1
 2281 09d8 83308101 		ld	ra,24(sp)
 2282              		.cfi_restore 1
 2283 09dc 03340101 		ld	s0,16(sp)
 2284              		.cfi_restore 8
 2285              		.cfi_def_cfa 2, 32
 2286 09e0 83348100 		ld	s1,8(sp)
 2287              		.cfi_restore 9
 2288 09e4 13010102 		addi	sp,sp,32
 2289              		.cfi_def_cfa_offset 0
 2290 09e8 67800000 		jr	ra
 2291              		.cfi_endproc
 2292              	.LFE139:
 2294              		.section	.text._ZN10ObjectPoolI10KSemaphoreLm10EEdlEPv,"axG",@progbits,_ZN10ObjectPoolI10KSemaphor
 2295              		.align	2
 2296              		.weak	_ZN10ObjectPoolI10KSemaphoreLm10EEdlEPv
 2298              	_ZN10ObjectPoolI10KSemaphoreLm10EEdlEPv:
 2299              	.LFB124:
  63:src/../h/ObjectPool.hpp **** {
 2300              		.loc 8 63 6 is_stmt 1
 2301              		.cfi_startproc
 2302              	.LVL202:
 2303 0000 130101FF 		addi	sp,sp,-16
 2304              		.cfi_def_cfa_offset 16
 2305 0004 23341100 		sd	ra,8(sp)
 2306 0008 23308100 		sd	s0,0(sp)
 2307              		.cfi_offset 1, -8
 2308              		.cfi_offset 8, -16
 2309 000c 13040101 		addi	s0,sp,16
 2310              		.cfi_def_cfa 8, 0
  65:src/../h/ObjectPool.hpp **** }
 2311              		.loc 8 65 32 is_stmt 0
 2312 0010 97000000 		call	_ZN15MemoryAllocator10freeMemoryEPv@plt
 2312      E7800000 
 2313              	.LVL203:
 2314              		.loc 8 66 1
 2315 0018 83308100 		ld	ra,8(sp)
 2316              		.cfi_restore 1
 2317 001c 03340100 		ld	s0,0(sp)
 2318              		.cfi_restore 8
 2319              		.cfi_def_cfa 2, 16
 2320 0020 13010101 		addi	sp,sp,16
 2321              		.cfi_def_cfa_offset 0
 2322 0024 67800000 		jr	ra
 2323              		.cfi_endproc
 2324              	.LFE124:
 2326              		.text
 2327              		.align	2
 2328              		.globl	_ZN6Kernel7destroyEv
 2330              	_ZN6Kernel7destroyEv:
 2331              	.LFB78:
  80:src/Kernel.cpp **** {
GAS LISTING /tmp/ccOjCBq0.s 			page 63


 2332              		.loc 1 80 1 is_stmt 1
 2333              		.cfi_startproc
 2334 09ec 130101FD 		addi	sp,sp,-48
 2335              		.cfi_def_cfa_offset 48
 2336 09f0 23341102 		sd	ra,40(sp)
 2337 09f4 23308102 		sd	s0,32(sp)
 2338 09f8 233C9100 		sd	s1,24(sp)
 2339 09fc 23382101 		sd	s2,16(sp)
 2340 0a00 23343101 		sd	s3,8(sp)
 2341              		.cfi_offset 1, -8
 2342              		.cfi_offset 8, -16
 2343              		.cfi_offset 9, -24
 2344              		.cfi_offset 18, -32
 2345              		.cfi_offset 19, -40
 2346 0a04 13040103 		addi	s0,sp,48
 2347              		.cfi_def_cfa 8, 0
  81:src/Kernel.cpp ****     delete poolOfThreads;
 2348              		.loc 1 81 5
  81:src/Kernel.cpp ****     delete poolOfThreads;
 2349              		.loc 1 81 12 is_stmt 0
 2350 0a08 97090000 		ld	s3,.LANCHOR0+544
 2350      83B90900 
  81:src/Kernel.cpp ****     delete poolOfThreads;
 2351              		.loc 1 81 25
 2352 0a10 638E0902 		beqz	s3,.L105
 2353              	.LVL204:
 2354              	.LBB428:
 2355              	.LBB429:
  12:src/../h/ObjectPool.hpp **** {
 2356              		.loc 8 12 7
 2357 0a14 13890900 		mv	s2,s3
 2358 0a18 63840902 		beqz	s3,.L106
 2359 0a1c B7140000 		li	s1,4096
 2360 0a20 93840496 		addi	s1,s1,-1696
 2361 0a24 B3849900 		add	s1,s3,s1
 2362 0a28 6F004001 		j	.L107
 2363              	.LVL205:
 2364              	.L113:
 2365 0a2c 938484F8 		addi	s1,s1,-120
 2366              	.LVL206:
 2367              	.LBB430:
 2368              	.LBB431:
 2369              	.LBB432:
  33:src/../h/ObjectPool.hpp ****     {
 2370              		.loc 8 33 20
 2371 0a30 13850400 		mv	a0,s1
 2372 0a34 97000000 		call	_ZN3TCBD1Ev@plt
 2372      E7800000 
 2373              	.LVL207:
 2374              	.L107:
 2375              	.LBE432:
 2376              	.LBE431:
 2377              	.LBE430:
  12:src/../h/ObjectPool.hpp **** {
 2378              		.loc 8 12 7
 2379 0a3c E31899FE 		bne	s2,s1,.L113
 2380              	.L106:
GAS LISTING /tmp/ccOjCBq0.s 			page 64


 2381              	.LVL208:
 2382              	.LBE429:
 2383              	.LBE428:
  81:src/Kernel.cpp ****     delete poolOfThreads;
 2384              		.loc 1 81 12
 2385 0a40 13850900 		mv	a0,s3
 2386 0a44 97000000 		call	_ZN10ObjectPoolI3TCBLm20EEdlEPv
 2386      E7800000 
 2387              	.LVL209:
 2388              	.L105:
  82:src/Kernel.cpp ****     delete poolOfSemaphores;
 2389              		.loc 1 82 5 is_stmt 1
  82:src/Kernel.cpp ****     delete poolOfSemaphores;
 2390              		.loc 1 82 12 is_stmt 0
 2391 0a4c 97090000 		ld	s3,.LANCHOR0+552
 2391      83B90900 
  82:src/Kernel.cpp ****     delete poolOfSemaphores;
 2392              		.loc 1 82 28
 2393 0a54 638A0902 		beqz	s3,.L108
 2394              	.LVL210:
 2395              	.LBB433:
 2396              	.LBB434:
  12:src/../h/ObjectPool.hpp **** {
 2397              		.loc 8 12 7
 2398 0a58 13890900 		mv	s2,s3
 2399 0a5c 63800902 		beqz	s3,.L109
 2400 0a60 93840914 		addi	s1,s3,320
 2401              	.LVL211:
 2402              	.L110:
 2403 0a64 630C9900 		beq	s2,s1,.L109
 2404 0a68 938404FE 		addi	s1,s1,-32
 2405              	.LVL212:
 2406              	.LBB435:
 2407              	.LBB436:
 2408              	.LBB437:
  33:src/../h/ObjectPool.hpp ****     {
 2409              		.loc 8 33 20
 2410 0a6c 13850400 		mv	a0,s1
 2411 0a70 97000000 		call	_ZN10KSemaphoreD1Ev@plt
 2411      E7800000 
 2412              	.LVL213:
 2413              	.LBE437:
 2414 0a78 6FF0DFFE 		j	.L110
 2415              	.LVL214:
 2416              	.L109:
 2417              	.LBE436:
 2418              	.LBE435:
 2419              	.LBE434:
 2420              	.LBE433:
  82:src/Kernel.cpp ****     delete poolOfSemaphores;
 2421              		.loc 1 82 12
 2422 0a7c 13850900 		mv	a0,s3
 2423 0a80 97000000 		call	_ZN10ObjectPoolI10KSemaphoreLm10EEdlEPv
 2423      E7800000 
 2424              	.LVL215:
 2425              	.L108:
  83:src/Kernel.cpp ****     delete queueOfAsleepThreads;
GAS LISTING /tmp/ccOjCBq0.s 			page 65


 2426              		.loc 1 83 5 is_stmt 1
  83:src/Kernel.cpp ****     delete queueOfAsleepThreads;
 2427              		.loc 1 83 12 is_stmt 0
 2428 0a88 17050000 		ld	a0,.LANCHOR0
 2428      03350500 
  83:src/Kernel.cpp ****     delete queueOfAsleepThreads;
 2429              		.loc 1 83 32
 2430 0a90 63060500 		beqz	a0,.L104
  83:src/Kernel.cpp ****     delete queueOfAsleepThreads;
 2431              		.loc 1 83 12 discriminator 1
 2432 0a94 97000000 		call	_ZN13PriorityQueueI3TCBUlPS0_S1_E_EdlEPv
 2432      E7800000 
 2433              	.LVL216:
 2434              	.L104:
  84:src/Kernel.cpp **** }
 2435              		.loc 1 84 1
 2436 0a9c 83308102 		ld	ra,40(sp)
 2437              		.cfi_restore 1
 2438 0aa0 03340102 		ld	s0,32(sp)
 2439              		.cfi_restore 8
 2440              		.cfi_def_cfa 2, 48
 2441 0aa4 83348101 		ld	s1,24(sp)
 2442              		.cfi_restore 9
 2443 0aa8 03390101 		ld	s2,16(sp)
 2444              		.cfi_restore 18
 2445 0aac 83398100 		ld	s3,8(sp)
 2446              		.cfi_restore 19
 2447 0ab0 13010103 		addi	sp,sp,48
 2448              		.cfi_def_cfa_offset 0
 2449 0ab4 67800000 		jr	ra
 2450              		.cfi_endproc
 2451              	.LFE78:
 2453              		.section	.text._ZN10ObjectPoolI3TCBLm20EE10freeObjectEPS0_,"axG",@progbits,_ZN10ObjectPoolI3TCBLm2
 2454              		.align	2
 2455              		.weak	_ZN10ObjectPoolI3TCBLm20EE10freeObjectEPS0_
 2457              	_ZN10ObjectPoolI3TCBLm20EE10freeObjectEPS0_:
 2458              	.LFB133:
  67:src/../h/ObjectPool.hpp **** 
  68:src/../h/ObjectPool.hpp **** template<typename T, size_t numOfObjects>
  69:src/../h/ObjectPool.hpp **** ObjectPool<T, numOfObjects>* ObjectPool<T, numOfObjects>::findFreePool(void)
  70:src/../h/ObjectPool.hpp **** {
  71:src/../h/ObjectPool.hpp ****     ObjectPool<T, numOfObjects>* curr = this;
  72:src/../h/ObjectPool.hpp ****     for(; !curr->nextObjectPool && !curr->headFreeObject; curr = curr->nextObjectPool);
  73:src/../h/ObjectPool.hpp ****     return curr;
  74:src/../h/ObjectPool.hpp **** }
  75:src/../h/ObjectPool.hpp **** 
  76:src/../h/ObjectPool.hpp **** template<typename T, size_t numOfObjects>
  77:src/../h/ObjectPool.hpp **** T* ObjectPool<T, numOfObjects>::mallocObject(ObjectPool<T, numOfObjects>** addressOfPool)
  78:src/../h/ObjectPool.hpp **** {
  79:src/../h/ObjectPool.hpp ****     ObjectPool<T,numOfObjects>* currentPool = findFreePool();
  80:src/../h/ObjectPool.hpp ****     if (currentPool->headFreeObject)
  81:src/../h/ObjectPool.hpp ****     {
  82:src/../h/ObjectPool.hpp ****         PoolObject* temp = currentPool->headFreeObject;
  83:src/../h/ObjectPool.hpp ****         currentPool->headFreeObject = currentPool->headFreeObject->nextFree;
  84:src/../h/ObjectPool.hpp ****         *addressOfPool = currentPool;
  85:src/../h/ObjectPool.hpp ****         return &(temp->object);
  86:src/../h/ObjectPool.hpp ****     }
GAS LISTING /tmp/ccOjCBq0.s 			page 66


  87:src/../h/ObjectPool.hpp ****     else
  88:src/../h/ObjectPool.hpp ****     {
  89:src/../h/ObjectPool.hpp ****         ObjectPool<T, numOfObjects>* newPool = new ObjectPool();
  90:src/../h/ObjectPool.hpp ****         if(!newPool)
  91:src/../h/ObjectPool.hpp ****         {
  92:src/../h/ObjectPool.hpp ****             return nullptr;
  93:src/../h/ObjectPool.hpp ****         }
  94:src/../h/ObjectPool.hpp ****         newPool->prevObjectPool = currentPool;
  95:src/../h/ObjectPool.hpp ****         currentPool->nextObjectPool = newPool;
  96:src/../h/ObjectPool.hpp **** 
  97:src/../h/ObjectPool.hpp ****         PoolObject* temp = newPool->headFreeObject;
  98:src/../h/ObjectPool.hpp ****         newPool->headFreeObject = newPool->headFreeObject->nextFree;
  99:src/../h/ObjectPool.hpp ****         *addressOfPool = newPool;
 100:src/../h/ObjectPool.hpp ****         return &(temp->object);
 101:src/../h/ObjectPool.hpp ****     }
 102:src/../h/ObjectPool.hpp **** }
 103:src/../h/ObjectPool.hpp **** 
 104:src/../h/ObjectPool.hpp **** template<typename T, size_t numOfObjects>
 105:src/../h/ObjectPool.hpp **** int ObjectPool<T, numOfObjects>::freeObject(T *obj) {
 2459              		.loc 8 105 5 is_stmt 1
 2460              		.cfi_startproc
 2461              	.LVL217:
 2462 0000 130101FF 		addi	sp,sp,-16
 2463              		.cfi_def_cfa_offset 16
 2464 0004 23348100 		sd	s0,8(sp)
 2465              		.cfi_offset 8, -8
 2466 0008 13040101 		addi	s0,sp,16
 2467              		.cfi_def_cfa 8, 0
 2468              	.LVL218:
 2469              	.LBB438:
 2470              	.LBB439:
  45:src/../h/TCB.hpp **** 
 2471              		.loc 3 45 78
  45:src/../h/TCB.hpp **** 
 2472              		.loc 3 45 85 is_stmt 0
 2473 000c 83B78506 		ld	a5,104(a1)
 2474              	.LVL219:
 2475              	.LBE439:
 2476              	.LBE438:
 106:src/../h/ObjectPool.hpp **** 
 107:src/../h/ObjectPool.hpp ****     ObjectPool<T, numOfObjects>* curr = obj->getSourcePool();
 108:src/../h/ObjectPool.hpp **** //    for(; curr->nextObjectPool; curr = curr->nextObjectPool)
 109:src/../h/ObjectPool.hpp **** ////    {
 110:src/../h/ObjectPool.hpp **** ////        if(((uint64)curr->pool <= (uint64)obj) && ((uint64)obj <= (uint64)&(curr->pool[numOfObj
 111:src/../h/ObjectPool.hpp **** ////        {
 112:src/../h/ObjectPool.hpp **** ////            break;
 113:src/../h/ObjectPool.hpp **** ////        }
 114:src/../h/ObjectPool.hpp **** ////    }
 115:src/../h/ObjectPool.hpp ****     PoolObject* tempObj = (PoolObject*)obj;
 116:src/../h/ObjectPool.hpp ****     tempObj->nextFree = curr->headFreeObject;
 2477              		.loc 8 116 31
 2478 0010 37170000 		li	a4,4096
 2479 0014 B387E700 		add	a5,a5,a4
 2480              	.LVL220:
 2481 0018 03B70796 		ld	a4,-1696(a5)
 2482              		.loc 8 116 5
 2483 001c 23B8E506 		sd	a4,112(a1)
GAS LISTING /tmp/ccOjCBq0.s 			page 67


 117:src/../h/ObjectPool.hpp ****     curr->headFreeObject = tempObj;
 2484              		.loc 8 117 5
 2485 0020 23B0B796 		sd	a1,-1696(a5)
 2486              	.LVL221:
 118:src/../h/ObjectPool.hpp **** 
 119:src/../h/ObjectPool.hpp ****     return 0;
 120:src/../h/ObjectPool.hpp **** }
 2487              		.loc 8 120 1
 2488 0024 13050000 		li	a0,0
 2489              	.LVL222:
 2490 0028 03348100 		ld	s0,8(sp)
 2491              		.cfi_restore 8
 2492              		.cfi_def_cfa 2, 16
 2493 002c 13010101 		addi	sp,sp,16
 2494              		.cfi_def_cfa_offset 0
 2495 0030 67800000 		jr	ra
 2496              		.cfi_endproc
 2497              	.LFE133:
 2499              		.text
 2500              		.align	2
 2501              		.globl	_ZN6Kernel13sysThreadJoinEPNS_21ArgumentsOfSystemCallE
 2503              	_ZN6Kernel13sysThreadJoinEPNS_21ArgumentsOfSystemCallE:
 2504              	.LFB104:
 282:src/Kernel.cpp **** {
 2505              		.loc 1 282 1 is_stmt 1
 2506              		.cfi_startproc
 2507              	.LVL223:
 2508 0ab8 130101FD 		addi	sp,sp,-48
 2509              		.cfi_def_cfa_offset 48
 2510 0abc 23341102 		sd	ra,40(sp)
 2511 0ac0 23308102 		sd	s0,32(sp)
 2512 0ac4 233C9100 		sd	s1,24(sp)
 2513 0ac8 23382101 		sd	s2,16(sp)
 2514 0acc 23343101 		sd	s3,8(sp)
 2515              		.cfi_offset 1, -8
 2516              		.cfi_offset 8, -16
 2517              		.cfi_offset 9, -24
 2518              		.cfi_offset 18, -32
 2519              		.cfi_offset 19, -40
 2520 0ad0 13040103 		addi	s0,sp,48
 2521              		.cfi_def_cfa 8, 0
 283:src/Kernel.cpp ****     TCB* temp = (TCB*)(arg->a0);
 2522              		.loc 1 283 5
 283:src/Kernel.cpp ****     TCB* temp = (TCB*)(arg->a0);
 2523              		.loc 1 283 29 is_stmt 0
 2524 0ad4 83340500 		ld	s1,0(a0)
 2525              	.LVL224:
 284:src/Kernel.cpp ****     if(!temp->isFinished())
 2526              		.loc 1 284 5 is_stmt 1
 2527              	.LBB440:
 2528              	.LBB441:
 2529              	.LBB442:
  31:src/../h/TCB.hpp ****     void setIsFinished() { finished = true; }
 2530              		.loc 3 31 31
  31:src/../h/TCB.hpp ****     void setIsFinished() { finished = true; }
 2531              		.loc 3 31 38 is_stmt 0
 2532 0ad8 83C70405 		lbu	a5,80(s1)
GAS LISTING /tmp/ccOjCBq0.s 			page 68


 2533              	.LVL225:
 2534              	.LBE442:
 2535              	.LBE441:
 284:src/Kernel.cpp ****     if(!temp->isFinished())
 2536              		.loc 1 284 5
 2537 0adc 638E0702 		beqz	a5,.L120
 2538              	.LVL226:
 2539              	.L117:
 2540              	.LBE440:
 294:src/Kernel.cpp ****     delete temp;
 2541              		.loc 1 294 5 is_stmt 1
 294:src/Kernel.cpp ****     delete temp;
 2542              		.loc 1 294 16 is_stmt 0
 2543 0ae0 639C0406 		bnez	s1,.L121
 2544              	.L118:
 295:src/Kernel.cpp ****     poolOfThreads->freeObject(temp);
 2545              		.loc 1 295 5 is_stmt 1
 295:src/Kernel.cpp ****     poolOfThreads->freeObject(temp);
 2546              		.loc 1 295 30 is_stmt 0
 2547 0ae4 93850400 		mv	a1,s1
 2548 0ae8 17050000 		ld	a0,.LANCHOR0+544
 2548      03350500 
 2549 0af0 97000000 		call	_ZN10ObjectPoolI3TCBLm20EE10freeObjectEPS0_
 2549      E7800000 
 2550              	.LVL227:
 296:src/Kernel.cpp ****     return 0;
 2551              		.loc 1 296 5 is_stmt 1
 297:src/Kernel.cpp **** }
 2552              		.loc 1 297 1 is_stmt 0
 2553 0af8 13050000 		li	a0,0
 2554 0afc 83308102 		ld	ra,40(sp)
 2555              		.cfi_remember_state
 2556              		.cfi_restore 1
 2557 0b00 03340102 		ld	s0,32(sp)
 2558              		.cfi_restore 8
 2559              		.cfi_def_cfa 2, 48
 2560 0b04 83348101 		ld	s1,24(sp)
 2561              		.cfi_restore 9
 2562              	.LVL228:
 2563 0b08 03390101 		ld	s2,16(sp)
 2564              		.cfi_restore 18
 2565 0b0c 83398100 		ld	s3,8(sp)
 2566              		.cfi_restore 19
 2567 0b10 13010103 		addi	sp,sp,48
 2568              		.cfi_def_cfa_offset 0
 2569 0b14 67800000 		jr	ra
 2570              	.LVL229:
 2571              	.L120:
 2572              		.cfi_restore_state
 2573              	.LBB455:
 2574              	.LBB443:
 286:src/Kernel.cpp ****         TCB* oldThread = TCB::getRunningThread();
 2575              		.loc 1 286 9 is_stmt 1
 2576              	.LBB444:
 2577              	.LBB445:
  59:src/../h/TCB.hpp ****     static void setRunningThread(TCB* newRunningThread) { running = newRunningThread; }
 2578              		.loc 3 59 38
GAS LISTING /tmp/ccOjCBq0.s 			page 69


  59:src/../h/TCB.hpp ****     static void setRunningThread(TCB* newRunningThread) { running = newRunningThread; }
 2579              		.loc 3 59 45 is_stmt 0
 2580 0b18 97090000 		la	s3,_ZN3TCB7runningE
 2580      83B90900 
 2581 0b20 03B90900 		ld	s2,0(s3)
 2582              	.LVL230:
 2583              	.LBE445:
 2584              	.LBE444:
 287:src/Kernel.cpp ****         oldThread->resetState();
 2585              		.loc 1 287 9 is_stmt 1
 2586              	.LBB446:
 2587              	.LBB447:
  41:src/../h/TCB.hpp ****     Context* getContext() { return &context; }
 2588              		.loc 3 41 24
  41:src/../h/TCB.hpp ****     Context* getContext() { return &context; }
 2589              		.loc 3 41 30 is_stmt 0
 2590 0b24 23340904 		sd	zero,72(s2)
 2591              	.LVL231:
 2592              	.LBE447:
 2593              	.LBE446:
 288:src/Kernel.cpp ****         temp->addThreadToWaitQueue(oldThread);
 2594              		.loc 1 288 9 is_stmt 1
 288:src/Kernel.cpp ****         temp->addThreadToWaitQueue(oldThread);
 2595              		.loc 1 288 35 is_stmt 0
 2596 0b28 93050900 		mv	a1,s2
 2597 0b2c 13850400 		mv	a0,s1
 2598              	.LVL232:
 2599 0b30 97000000 		call	_ZN3TCB20addThreadToWaitQueueEPS_@plt
 2599      E7800000 
 2600              	.LVL233:
 289:src/Kernel.cpp ****         TCB::TCB::setRunningThread(Scheduler::get());
 2601              		.loc 1 289 9 is_stmt 1
 289:src/Kernel.cpp ****         TCB::TCB::setRunningThread(Scheduler::get());
 2602              		.loc 1 289 35 is_stmt 0
 2603 0b38 97000000 		call	_ZN9Scheduler3getEv@plt
 2603      E7800000 
 2604              	.LVL234:
 2605              	.LBB448:
 2606              	.LBB449:
  60:src/../h/TCB.hpp **** 
 2607              		.loc 3 60 59 is_stmt 1
  60:src/../h/TCB.hpp **** 
 2608              		.loc 3 60 67 is_stmt 0
 2609 0b40 23B0A900 		sd	a0,0(s3)
 2610              	.LVL235:
 2611              	.LBE449:
 2612              	.LBE448:
 290:src/Kernel.cpp ****         context_switch(oldThread->getContext(), TCB::getRunningThread()->getContext());
 2613              		.loc 1 290 9 is_stmt 1
 2614              	.LBB450:
 2615              	.LBB451:
  42:src/../h/TCB.hpp ****     void* getUserStack() const { return userStack; }
 2616              		.loc 3 42 29
 2617              	.LBE451:
 2618              	.LBE450:
 2619              	.LBE443:
 2620              	.LBE455:
GAS LISTING /tmp/ccOjCBq0.s 			page 70


  59:src/../h/TCB.hpp ****     static void setRunningThread(TCB* newRunningThread) { running = newRunningThread; }
 2621              		.loc 3 59 38
 2622              	.LBB456:
 2623              	.LBB454:
 2624              	.LBB452:
 2625              	.LBB453:
  42:src/../h/TCB.hpp ****     void* getUserStack() const { return userStack; }
 2626              		.loc 3 42 29
 2627              	.LBE453:
 2628              	.LBE452:
 290:src/Kernel.cpp ****         context_switch(oldThread->getContext(), TCB::getRunningThread()->getContext());
 2629              		.loc 1 290 23 is_stmt 0
 2630 0b44 93058500 		addi	a1,a0,8
 2631 0b48 13058900 		addi	a0,s2,8
 2632 0b4c 97000000 		call	context_switch@plt
 2632      E7800000 
 2633              	.LVL236:
 2634              	.LBE454:
 2635 0b54 6FF0DFF8 		j	.L117
 2636              	.LVL237:
 2637              	.L121:
 2638              	.LBE456:
 294:src/Kernel.cpp ****     delete temp;
 2639              		.loc 1 294 12 discriminator 1
 2640 0b58 13850400 		mv	a0,s1
 2641 0b5c 97000000 		call	_ZN3TCBD1Ev@plt
 2641      E7800000 
 2642              	.LVL238:
 2643 0b64 13850400 		mv	a0,s1
 2644 0b68 97000000 		call	_ZdlPv@plt
 2644      E7800000 
 2645              	.LVL239:
 2646 0b70 6FF05FF7 		j	.L118
 2647              		.cfi_endproc
 2648              	.LFE104:
 2650              		.section	.text._ZN10ObjectPoolI10KSemaphoreLm10EE10freeObjectEPS0_,"axG",@progbits,_ZN10ObjectPool
 2651              		.align	2
 2652              		.weak	_ZN10ObjectPoolI10KSemaphoreLm10EE10freeObjectEPS0_
 2654              	_ZN10ObjectPoolI10KSemaphoreLm10EE10freeObjectEPS0_:
 2655              	.LFB135:
 105:src/../h/ObjectPool.hpp **** 
 2656              		.loc 8 105 5 is_stmt 1
 2657              		.cfi_startproc
 2658              	.LVL240:
 2659 0000 130101FF 		addi	sp,sp,-16
 2660              		.cfi_def_cfa_offset 16
 2661 0004 23348100 		sd	s0,8(sp)
 2662              		.cfi_offset 8, -8
 2663 0008 13040101 		addi	s0,sp,16
 2664              		.cfi_def_cfa 8, 0
 2665              	.LVL241:
 2666              	.LBB457:
 2667              	.LBB458:
 2668              		.file 9 "src/../h/KSemaphore.hpp"
   1:src/../h/KSemaphore.hpp **** //
   2:src/../h/KSemaphore.hpp **** // Created by os on 12/13/25.
   3:src/../h/KSemaphore.hpp **** //
GAS LISTING /tmp/ccOjCBq0.s 			page 71


   4:src/../h/KSemaphore.hpp **** 
   5:src/../h/KSemaphore.hpp **** #ifndef PROJECT_BASE_V1_1_KSEMAPHORE_H
   6:src/../h/KSemaphore.hpp **** #define PROJECT_BASE_V1_1_KSEMAPHORE_H
   7:src/../h/KSemaphore.hpp **** #include "Config.hpp"
   8:src/../h/KSemaphore.hpp **** #include "ObjectPool.hpp"
   9:src/../h/KSemaphore.hpp **** #include "Queue.hpp"
  10:src/../h/KSemaphore.hpp **** 
  11:src/../h/KSemaphore.hpp **** class TCB;
  12:src/../h/KSemaphore.hpp **** class KSemaphore
  13:src/../h/KSemaphore.hpp **** {
  14:src/../h/KSemaphore.hpp **** public:
  15:src/../h/KSemaphore.hpp ****     KSemaphore() = default;
  16:src/../h/KSemaphore.hpp ****     ~KSemaphore();
  17:src/../h/KSemaphore.hpp ****     void initializeSemaphore(unsigned value, ObjectPool<KSemaphore, KernelConfig::NUM_OF_SEMAPHORES
  18:src/../h/KSemaphore.hpp ****     void removeThreadFromBlockedQueue(TCB* thread);
  19:src/../h/KSemaphore.hpp ****     ObjectPool<KSemaphore, KernelConfig::NUM_OF_SEMAPHORES_IN_POOL>* getSourcePool() { return sourc
 2669              		.loc 9 19 88
 2670              		.loc 9 19 95 is_stmt 0
 2671 000c 83B70501 		ld	a5,16(a1)
 2672              	.LVL242:
 2673              	.LBE458:
 2674              	.LBE457:
 116:src/../h/ObjectPool.hpp ****     curr->headFreeObject = tempObj;
 2675              		.loc 8 116 31
 2676 0010 03B70714 		ld	a4,320(a5)
 116:src/../h/ObjectPool.hpp ****     curr->headFreeObject = tempObj;
 2677              		.loc 8 116 5
 2678 0014 23BCE500 		sd	a4,24(a1)
 117:src/../h/ObjectPool.hpp **** 
 2679              		.loc 8 117 5
 2680 0018 23B0B714 		sd	a1,320(a5)
 2681              		.loc 8 120 1
 2682 001c 13050000 		li	a0,0
 2683              	.LVL243:
 2684 0020 03348100 		ld	s0,8(sp)
 2685              		.cfi_restore 8
 2686              		.cfi_def_cfa 2, 16
 2687 0024 13010101 		addi	sp,sp,16
 2688              		.cfi_def_cfa_offset 0
 2689 0028 67800000 		jr	ra
 2690              		.cfi_endproc
 2691              	.LFE135:
 2693              		.text
 2694              		.align	2
 2695              		.globl	_ZN6Kernel17sysSemaphoreCloseEPNS_21ArgumentsOfSystemCallE
 2697              	_ZN6Kernel17sysSemaphoreCloseEPNS_21ArgumentsOfSystemCallE:
 2698              	.LFB106:
 312:src/Kernel.cpp **** {
 2699              		.loc 1 312 1 is_stmt 1
 2700              		.cfi_startproc
 2701              	.LVL244:
 2702 0b74 130101FE 		addi	sp,sp,-32
 2703              		.cfi_def_cfa_offset 32
 2704 0b78 233C1100 		sd	ra,24(sp)
 2705 0b7c 23388100 		sd	s0,16(sp)
 2706 0b80 23349100 		sd	s1,8(sp)
 2707 0b84 23302101 		sd	s2,0(sp)
GAS LISTING /tmp/ccOjCBq0.s 			page 72


 2708              		.cfi_offset 1, -8
 2709              		.cfi_offset 8, -16
 2710              		.cfi_offset 9, -24
 2711              		.cfi_offset 18, -32
 2712 0b88 13040102 		addi	s0,sp,32
 2713              		.cfi_def_cfa 8, 0
 313:src/Kernel.cpp ****     uint64 returnValue;
 2714              		.loc 1 313 5
 314:src/Kernel.cpp ****     KSemaphore* tempSemaphore = (KSemaphore*)(arg->a0);
 2715              		.loc 1 314 5
 314:src/Kernel.cpp ****     KSemaphore* tempSemaphore = (KSemaphore*)(arg->a0);
 2716              		.loc 1 314 52 is_stmt 0
 2717 0b8c 83340500 		ld	s1,0(a0)
 2718              	.LVL245:
 315:src/Kernel.cpp ****     returnValue = (uint64)tempSemaphore->close();
 2719              		.loc 1 315 5 is_stmt 1
 315:src/Kernel.cpp ****     returnValue = (uint64)tempSemaphore->close();
 2720              		.loc 1 315 47 is_stmt 0
 2721 0b90 13850400 		mv	a0,s1
 2722              	.LVL246:
 2723 0b94 97000000 		call	_ZN10KSemaphore5closeEv@plt
 2723      E7800000 
 2724              	.LVL247:
 2725 0b9c 13090500 		mv	s2,a0
 2726              	.LVL248:
 316:src/Kernel.cpp ****     Kernel::poolOfSemaphores->freeObject(tempSemaphore);
 2727              		.loc 1 316 5 is_stmt 1
 316:src/Kernel.cpp ****     Kernel::poolOfSemaphores->freeObject(tempSemaphore);
 2728              		.loc 1 316 41 is_stmt 0
 2729 0ba0 93850400 		mv	a1,s1
 2730 0ba4 17050000 		ld	a0,.LANCHOR0+552
 2730      03350500 
 2731              	.LVL249:
 2732 0bac 97000000 		call	_ZN10ObjectPoolI10KSemaphoreLm10EE10freeObjectEPS0_
 2732      E7800000 
 2733              	.LVL250:
 317:src/Kernel.cpp ****     delete tempSemaphore;
 2734              		.loc 1 317 5 is_stmt 1
 317:src/Kernel.cpp ****     delete tempSemaphore;
 2735              		.loc 1 317 25 is_stmt 0
 2736 0bb4 63900402 		bnez	s1,.L127
 2737              	.L124:
 319:src/Kernel.cpp **** }
 2738              		.loc 1 319 1
 2739 0bb8 13050900 		mv	a0,s2
 2740 0bbc 83308101 		ld	ra,24(sp)
 2741              		.cfi_remember_state
 2742              		.cfi_restore 1
 2743 0bc0 03340101 		ld	s0,16(sp)
 2744              		.cfi_restore 8
 2745              		.cfi_def_cfa 2, 32
 2746 0bc4 83348100 		ld	s1,8(sp)
 2747              		.cfi_restore 9
 2748              	.LVL251:
 2749 0bc8 03390100 		ld	s2,0(sp)
 2750              		.cfi_restore 18
 2751              	.LVL252:
GAS LISTING /tmp/ccOjCBq0.s 			page 73


 2752 0bcc 13010102 		addi	sp,sp,32
 2753              		.cfi_def_cfa_offset 0
 2754 0bd0 67800000 		jr	ra
 2755              	.LVL253:
 2756              	.L127:
 2757              		.cfi_restore_state
 317:src/Kernel.cpp ****     delete tempSemaphore;
 2758              		.loc 1 317 12 discriminator 1
 2759 0bd4 13850400 		mv	a0,s1
 2760 0bd8 97000000 		call	_ZN10KSemaphoreD1Ev@plt
 2760      E7800000 
 2761              	.LVL254:
 2762 0be0 13850400 		mv	a0,s1
 2763 0be4 97000000 		call	_ZdlPv@plt
 2763      E7800000 
 2764              	.LVL255:
 318:src/Kernel.cpp ****     return returnValue;
 2765              		.loc 1 318 5 is_stmt 1 discriminator 1
 318:src/Kernel.cpp ****     return returnValue;
 2766              		.loc 1 318 12 is_stmt 0 discriminator 1
 2767 0bec 6FF0DFFC 		j	.L124
 2768              		.cfi_endproc
 2769              	.LFE106:
 2771              		.section	.text._ZN10ObjectPoolI3TCBLm20EE12findFreePoolEv,"axG",@progbits,_ZN10ObjectPoolI3TCBLm20
 2772              		.align	2
 2773              		.weak	_ZN10ObjectPoolI3TCBLm20EE12findFreePoolEv
 2775              	_ZN10ObjectPoolI3TCBLm20EE12findFreePoolEv:
 2776              	.LFB137:
  69:src/../h/ObjectPool.hpp **** {
 2777              		.loc 8 69 30 is_stmt 1
 2778              		.cfi_startproc
 2779              	.LVL256:
 2780 0000 130101FF 		addi	sp,sp,-16
 2781              		.cfi_def_cfa_offset 16
 2782 0004 23348100 		sd	s0,8(sp)
 2783              		.cfi_offset 8, -8
 2784 0008 13040101 		addi	s0,sp,16
 2785              		.cfi_def_cfa 8, 0
 2786 000c 93070500 		mv	a5,a0
 2787              	.LVL257:
 2788              	.L130:
  72:src/../h/ObjectPool.hpp ****     return curr;
 2789              		.loc 8 72 33 discriminator 3
 2790 0010 13850700 		mv	a0,a5
  72:src/../h/ObjectPool.hpp ****     return curr;
 2791              		.loc 8 72 18 is_stmt 0 discriminator 3
 2792 0014 37170000 		li	a4,4096
 2793 0018 B387E700 		add	a5,a5,a4
 2794              	.LVL258:
 2795 001c 83B78796 		ld	a5,-1688(a5)
  72:src/../h/ObjectPool.hpp ****     return curr;
 2796              		.loc 8 72 33 discriminator 3
 2797 0020 63980700 		bnez	a5,.L128
  72:src/../h/ObjectPool.hpp ****     return curr;
 2798              		.loc 8 72 43 discriminator 1
 2799 0024 3307E500 		add	a4,a0,a4
 2800 0028 03370796 		ld	a4,-1696(a4)
GAS LISTING /tmp/ccOjCBq0.s 			page 74


  72:src/../h/ObjectPool.hpp ****     return curr;
 2801              		.loc 8 72 33 discriminator 1
 2802 002c E30207FE 		beqz	a4,.L130
 2803              	.L128:
  74:src/../h/ObjectPool.hpp **** 
 2804              		.loc 8 74 1
 2805 0030 03348100 		ld	s0,8(sp)
 2806              		.cfi_restore 8
 2807              		.cfi_def_cfa 2, 16
 2808 0034 13010101 		addi	sp,sp,16
 2809              		.cfi_def_cfa_offset 0
 2810 0038 67800000 		jr	ra
 2811              		.cfi_endproc
 2812              	.LFE137:
 2814              		.section	.text._ZN10ObjectPoolI3TCBLm20EE12mallocObjectEPPS1_,"axG",@progbits,_ZN10ObjectPoolI3TCB
 2815              		.align	2
 2816              		.weak	_ZN10ObjectPoolI3TCBLm20EE12mallocObjectEPPS1_
 2818              	_ZN10ObjectPoolI3TCBLm20EE12mallocObjectEPPS1_:
 2819              	.LFB130:
  77:src/../h/ObjectPool.hpp **** {
 2820              		.loc 8 77 4 is_stmt 1
 2821              		.cfi_startproc
 2822              	.LVL259:
 2823 0000 130101FD 		addi	sp,sp,-48
 2824              		.cfi_def_cfa_offset 48
 2825 0004 23341102 		sd	ra,40(sp)
 2826 0008 23308102 		sd	s0,32(sp)
 2827 000c 233C9100 		sd	s1,24(sp)
 2828 0010 23382101 		sd	s2,16(sp)
 2829 0014 23343101 		sd	s3,8(sp)
 2830              		.cfi_offset 1, -8
 2831              		.cfi_offset 8, -16
 2832              		.cfi_offset 9, -24
 2833              		.cfi_offset 18, -32
 2834              		.cfi_offset 19, -40
 2835 0018 13040103 		addi	s0,sp,48
 2836              		.cfi_def_cfa 8, 0
 2837 001c 13890500 		mv	s2,a1
  79:src/../h/ObjectPool.hpp ****     if (currentPool->headFreeObject)
 2838              		.loc 8 79 33 is_stmt 0
 2839 0020 97000000 		call	_ZN10ObjectPoolI3TCBLm20EE12findFreePoolEv
 2839      E7800000 
 2840              	.LVL260:
 2841 0028 93040500 		mv	s1,a0
 2842              	.LVL261:
 2843              	.LBB459:
  80:src/../h/ObjectPool.hpp ****     {
 2844              		.loc 8 80 22
 2845 002c B7170000 		li	a5,4096
 2846 0030 B307F500 		add	a5,a0,a5
 2847 0034 03B50796 		ld	a0,-1696(a5)
  80:src/../h/ObjectPool.hpp ****     {
 2848              		.loc 8 80 5
 2849 0038 630A0502 		beqz	a0,.L133
 2850              	.LVL262:
 2851              	.LBB460:
  83:src/../h/ObjectPool.hpp ****         *addressOfPool = currentPool;
GAS LISTING /tmp/ccOjCBq0.s 			page 75


 2852              		.loc 8 83 68
 2853 003c 03370507 		ld	a4,112(a0)
  83:src/../h/ObjectPool.hpp ****         *addressOfPool = currentPool;
 2854              		.loc 8 83 9
 2855 0040 B7170000 		li	a5,4096
 2856 0044 B387F400 		add	a5,s1,a5
 2857 0048 23B0E796 		sd	a4,-1696(a5)
  84:src/../h/ObjectPool.hpp ****         return &(temp->object);
 2858              		.loc 8 84 9
 2859 004c 23309900 		sd	s1,0(s2)
 2860              	.LVL263:
 2861              	.L132:
 2862              	.LBE460:
 2863              	.LBE459:
 102:src/../h/ObjectPool.hpp **** 
 2864              		.loc 8 102 1
 2865 0050 83308102 		ld	ra,40(sp)
 2866              		.cfi_remember_state
 2867              		.cfi_restore 1
 2868 0054 03340102 		ld	s0,32(sp)
 2869              		.cfi_restore 8
 2870              		.cfi_def_cfa 2, 48
 2871 0058 83348101 		ld	s1,24(sp)
 2872              		.cfi_restore 9
 2873 005c 03390101 		ld	s2,16(sp)
 2874              		.cfi_restore 18
 2875              	.LVL264:
 2876 0060 83398100 		ld	s3,8(sp)
 2877              		.cfi_restore 19
 2878 0064 13010103 		addi	sp,sp,48
 2879              		.cfi_def_cfa_offset 0
 2880 0068 67800000 		jr	ra
 2881              	.LVL265:
 2882              	.L133:
 2883              		.cfi_restore_state
 2884              	.LBB466:
 2885              	.LBB461:
  89:src/../h/ObjectPool.hpp ****         if(!newPool)
 2886              		.loc 8 89 48
 2887 006c B7190000 		li	s3,4096
 2888 0070 13858997 		addi	a0,s3,-1672
 2889 0074 97000000 		call	_ZN10ObjectPoolI3TCBLm20EEnwEm
 2889      E7800000 
 2890              	.LVL266:
 2891              	.LBB462:
 2892              	.LBB463:
  15:src/../h/ObjectPool.hpp ****     {
 2893              		.loc 8 15 88
 2894 007c B3073501 		add	a5,a0,s3
 2895 0080 23B0A796 		sd	a0,-1696(a5)
 2896 0084 23B40796 		sd	zero,-1688(a5)
 2897 0088 23B80796 		sd	zero,-1680(a5)
 2898              	.LVL267:
 2899              	.LBB464:
 2900              	.LBB465:
  18:src/../h/ObjectPool.hpp ****         {
 2901              		.loc 8 18 20
GAS LISTING /tmp/ccOjCBq0.s 			page 76


 2902 008c 93060000 		li	a3,0
 2903              	.LVL268:
 2904              	.L136:
  18:src/../h/ObjectPool.hpp ****         {
 2905              		.loc 8 18 29 is_stmt 1
 2906 0090 93072001 		li	a5,18
 2907 0094 63EAD702 		bgtu	a3,a5,.L135
  20:src/../h/ObjectPool.hpp ****         }
 2908              		.loc 8 20 40 is_stmt 0
 2909 0098 13861600 		addi	a2,a3,1
  20:src/../h/ObjectPool.hpp ****         }
 2910              		.loc 8 20 38
 2911 009c 13174600 		slli	a4,a2,4
 2912 00a0 3307C740 		sub	a4,a4,a2
 2913 00a4 13173700 		slli	a4,a4,3
 2914 00a8 3307E500 		add	a4,a0,a4
  20:src/../h/ObjectPool.hpp ****         }
 2915              		.loc 8 20 13
 2916 00ac 93974600 		slli	a5,a3,4
 2917 00b0 B387D740 		sub	a5,a5,a3
 2918 00b4 93973700 		slli	a5,a5,3
 2919 00b8 B307F500 		add	a5,a0,a5
 2920 00bc 23B8E706 		sd	a4,112(a5)
  18:src/../h/ObjectPool.hpp ****         {
 2921              		.loc 8 18 9 is_stmt 1
 2922              	.LVL269:
 2923 00c0 93060600 		mv	a3,a2
 2924 00c4 6FF0DFFC 		j	.L136
 2925              	.LVL270:
 2926              	.L135:
 2927              	.LBE465:
  22:src/../h/ObjectPool.hpp ****     }
 2928              		.loc 8 22 9 is_stmt 0
 2929 00c8 B7170000 		li	a5,4096
 2930 00cc B307F500 		add	a5,a0,a5
 2931 00d0 23BC0794 		sd	zero,-1704(a5)
 2932              	.LVL271:
 2933              	.LBE464:
 2934              	.LBE463:
 2935              	.LBE462:
  90:src/../h/ObjectPool.hpp ****         {
 2936              		.loc 8 90 9
 2937 00d4 E30E05F6 		beqz	a0,.L132
  94:src/../h/ObjectPool.hpp ****         currentPool->nextObjectPool = newPool;
 2938              		.loc 8 94 9
 2939 00d8 37170000 		li	a4,4096
 2940 00dc 23B89796 		sd	s1,-1680(a5)
  95:src/../h/ObjectPool.hpp **** 
 2941              		.loc 8 95 9
 2942 00e0 B384E400 		add	s1,s1,a4
 2943              	.LVL272:
 2944 00e4 23B4A496 		sd	a0,-1688(s1)
 2945              	.LVL273:
  97:src/../h/ObjectPool.hpp ****         newPool->headFreeObject = newPool->headFreeObject->nextFree;
 2946              		.loc 8 97 21
 2947 00e8 03B70796 		ld	a4,-1696(a5)
 2948              	.LVL274:
GAS LISTING /tmp/ccOjCBq0.s 			page 77


  98:src/../h/ObjectPool.hpp ****         *addressOfPool = newPool;
 2949              		.loc 8 98 60
 2950 00ec 83360707 		ld	a3,112(a4)
  98:src/../h/ObjectPool.hpp ****         *addressOfPool = newPool;
 2951              		.loc 8 98 9
 2952 00f0 23B0D796 		sd	a3,-1696(a5)
  99:src/../h/ObjectPool.hpp ****         return &(temp->object);
 2953              		.loc 8 99 9
 2954 00f4 2330A900 		sd	a0,0(s2)
 100:src/../h/ObjectPool.hpp ****     }
 2955              		.loc 8 100 30
 2956 00f8 13050700 		mv	a0,a4
 2957              	.LVL275:
 2958 00fc 6FF05FF5 		j	.L132
 2959              	.LBE461:
 2960              	.LBE466:
 2961              		.cfi_endproc
 2962              	.LFE130:
 2964              		.text
 2965              		.align	2
 2966              		.globl	_ZN6Kernel18makeConsumerThreadEv
 2968              	_ZN6Kernel18makeConsumerThreadEv:
 2969              	.LFB73:
  20:src/Kernel.cpp **** {
 2970              		.loc 1 20 1 is_stmt 1
 2971              		.cfi_startproc
 2972 0bf0 130101FD 		addi	sp,sp,-48
 2973              		.cfi_def_cfa_offset 48
 2974 0bf4 23341102 		sd	ra,40(sp)
 2975 0bf8 23308102 		sd	s0,32(sp)
 2976 0bfc 233C9100 		sd	s1,24(sp)
 2977 0c00 23382101 		sd	s2,16(sp)
 2978              		.cfi_offset 1, -8
 2979              		.cfi_offset 8, -16
 2980              		.cfi_offset 9, -24
 2981              		.cfi_offset 18, -32
 2982 0c04 13040103 		addi	s0,sp,48
 2983              		.cfi_def_cfa 8, 0
  21:src/Kernel.cpp ****     void* kernelSystemStack = Kernel::mallocSystemStack(KernelConfig::DEFAULT_SYSTEM_STACK_SIZE);
 2984              		.loc 1 21 5
  21:src/Kernel.cpp ****     void* kernelSystemStack = Kernel::mallocSystemStack(KernelConfig::DEFAULT_SYSTEM_STACK_SIZE);
 2985              		.loc 1 21 56 is_stmt 0
 2986 0c08 13050040 		li	a0,1024
 2987 0c0c 97000000 		call	_ZN6Kernel17mallocSystemStackEm
 2987      E7800000 
 2988              	.LVL276:
 2989 0c14 13090500 		mv	s2,a0
 2990              	.LVL277:
  22:src/Kernel.cpp ****     ObjectPool<TCB, KernelConfig::NUM_OF_THREADS_IN_POOL>* sourcePool;
 2991              		.loc 1 22 5 is_stmt 1
  23:src/Kernel.cpp ****     TCB* consumerThread = poolOfThreads->mallocObject(&sourcePool);
 2992              		.loc 1 23 5
  23:src/Kernel.cpp ****     TCB* consumerThread = poolOfThreads->mallocObject(&sourcePool);
 2993              		.loc 1 23 54 is_stmt 0
 2994 0c18 930584FD 		addi	a1,s0,-40
 2995 0c1c 17050000 		ld	a0,.LANCHOR0+544
 2995      03350500 
GAS LISTING /tmp/ccOjCBq0.s 			page 78


 2996              	.LVL278:
 2997 0c24 97000000 		call	_ZN10ObjectPoolI3TCBLm20EE12mallocObjectEPPS1_
 2997      E7800000 
 2998              	.LVL279:
 2999 0c2c 93040500 		mv	s1,a0
 3000              	.L140:
 3001              	.LVL280:
  24:src/Kernel.cpp ****     while(!consumerThread)
 3002              		.loc 1 24 5 is_stmt 1
  24:src/Kernel.cpp ****     while(!consumerThread)
 3003              		.loc 1 24 11
 3004 0c30 63900402 		bnez	s1,.L139
  26:src/Kernel.cpp ****         consumerThread = poolOfThreads->mallocObject(&sourcePool);
 3005              		.loc 1 26 9
  26:src/Kernel.cpp ****         consumerThread = poolOfThreads->mallocObject(&sourcePool);
 3006              		.loc 1 26 53 is_stmt 0
 3007 0c34 930584FD 		addi	a1,s0,-40
 3008 0c38 17050000 		ld	a0,.LANCHOR0+544
 3008      03350500 
 3009 0c40 97000000 		call	_ZN10ObjectPoolI3TCBLm20EE12mallocObjectEPPS1_
 3009      E7800000 
 3010              	.LVL281:
 3011 0c48 93040500 		mv	s1,a0
 3012              	.LVL282:
 3013 0c4c 6FF05FFE 		j	.L140
 3014              	.LVL283:
 3015              	.L139:
  28:src/Kernel.cpp ****     consumerThread->initializeThread(&KConsole::consumeOutputBuffer, nullptr, kernelSystemStack, ke
 3016              		.loc 1 28 5 is_stmt 1
  28:src/Kernel.cpp ****     consumerThread->initializeThread(&KConsole::consumeOutputBuffer, nullptr, kernelSystemStack, ke
 3017              		.loc 1 28 37 is_stmt 0
 3018 0c50 93081000 		li	a7,1
 3019 0c54 13081000 		li	a6,1
 3020 0c58 833784FD 		ld	a5,-40(s0)
 3021 0c5c 13070900 		mv	a4,s2
 3022 0c60 93060900 		mv	a3,s2
 3023 0c64 13060000 		li	a2,0
 3024 0c68 97050000 		la	a1,_ZN8KConsole19consumeOutputBufferEPv
 3024      83B50500 
 3025 0c70 13850400 		mv	a0,s1
 3026 0c74 97000000 		call	_ZN3TCB16initializeThreadEPFvPvES0_S0_S0_P10ObjectPoolIS_Lm20EEN12KernelConfig11ThreadStateEN
 3026      E7800000 
 3027              	.LVL284:
  29:src/Kernel.cpp ****     KConsole::setConsumerThread(consumerThread);
 3028              		.loc 1 29 5 is_stmt 1
 3029              	.LBB467:
 3030              	.LBB468:
  24:src/../h/KConsole.hpp **** 
 3031              		.loc 6 24 50
  24:src/../h/KConsole.hpp **** 
 3032              		.loc 6 24 65 is_stmt 0
 3033 0c7c 97070000 		la	a5,_ZN8KConsole14consumerThreadE
 3033      83B70700 
 3034 0c84 23B09700 		sd	s1,0(a5)
 3035              	.LVL285:
 3036              	.LBE468:
 3037              	.LBE467:
GAS LISTING /tmp/ccOjCBq0.s 			page 79


  30:src/Kernel.cpp **** }
 3038              		.loc 1 30 1
 3039 0c88 83308102 		ld	ra,40(sp)
 3040              		.cfi_restore 1
 3041 0c8c 03340102 		ld	s0,32(sp)
 3042              		.cfi_restore 8
 3043              		.cfi_def_cfa 2, 48
 3044 0c90 83348101 		ld	s1,24(sp)
 3045              		.cfi_restore 9
 3046              	.LVL286:
 3047 0c94 03390101 		ld	s2,16(sp)
 3048              		.cfi_restore 18
 3049              	.LVL287:
 3050 0c98 13010103 		addi	sp,sp,48
 3051              		.cfi_def_cfa_offset 0
 3052 0c9c 67800000 		jr	ra
 3053              		.cfi_endproc
 3054              	.LFE73:
 3056              		.align	2
 3057              		.globl	_ZN6Kernel18makeProducerThreadEv
 3059              	_ZN6Kernel18makeProducerThreadEv:
 3060              	.LFB74:
  33:src/Kernel.cpp **** {
 3061              		.loc 1 33 1 is_stmt 1
 3062              		.cfi_startproc
 3063 0ca0 130101FD 		addi	sp,sp,-48
 3064              		.cfi_def_cfa_offset 48
 3065 0ca4 23341102 		sd	ra,40(sp)
 3066 0ca8 23308102 		sd	s0,32(sp)
 3067 0cac 233C9100 		sd	s1,24(sp)
 3068 0cb0 23382101 		sd	s2,16(sp)
 3069              		.cfi_offset 1, -8
 3070              		.cfi_offset 8, -16
 3071              		.cfi_offset 9, -24
 3072              		.cfi_offset 18, -32
 3073 0cb4 13040103 		addi	s0,sp,48
 3074              		.cfi_def_cfa 8, 0
  34:src/Kernel.cpp ****     void* kernelSystemStack = Kernel::mallocSystemStack(KernelConfig::DEFAULT_SYSTEM_STACK_SIZE);
 3075              		.loc 1 34 5
  34:src/Kernel.cpp ****     void* kernelSystemStack = Kernel::mallocSystemStack(KernelConfig::DEFAULT_SYSTEM_STACK_SIZE);
 3076              		.loc 1 34 56 is_stmt 0
 3077 0cb8 13050040 		li	a0,1024
 3078 0cbc 97000000 		call	_ZN6Kernel17mallocSystemStackEm
 3078      E7800000 
 3079              	.LVL288:
 3080 0cc4 13090500 		mv	s2,a0
 3081              	.LVL289:
  35:src/Kernel.cpp ****     ObjectPool<TCB, KernelConfig::NUM_OF_THREADS_IN_POOL>* sourcePool;
 3082              		.loc 1 35 5 is_stmt 1
  36:src/Kernel.cpp ****     TCB* producerThread = poolOfThreads->mallocObject(&sourcePool);
 3083              		.loc 1 36 5
  36:src/Kernel.cpp ****     TCB* producerThread = poolOfThreads->mallocObject(&sourcePool);
 3084              		.loc 1 36 54 is_stmt 0
 3085 0cc8 930584FD 		addi	a1,s0,-40
 3086 0ccc 17050000 		ld	a0,.LANCHOR0+544
 3086      03350500 
 3087              	.LVL290:
GAS LISTING /tmp/ccOjCBq0.s 			page 80


 3088 0cd4 97000000 		call	_ZN10ObjectPoolI3TCBLm20EE12mallocObjectEPPS1_
 3088      E7800000 
 3089              	.LVL291:
 3090 0cdc 93040500 		mv	s1,a0
 3091              	.L144:
 3092              	.LVL292:
  37:src/Kernel.cpp ****     while(!producerThread)
 3093              		.loc 1 37 5 is_stmt 1
  37:src/Kernel.cpp ****     while(!producerThread)
 3094              		.loc 1 37 11
 3095 0ce0 63900402 		bnez	s1,.L143
  39:src/Kernel.cpp ****         producerThread = poolOfThreads->mallocObject(&sourcePool);
 3096              		.loc 1 39 9
  39:src/Kernel.cpp ****         producerThread = poolOfThreads->mallocObject(&sourcePool);
 3097              		.loc 1 39 53 is_stmt 0
 3098 0ce4 930584FD 		addi	a1,s0,-40
 3099 0ce8 17050000 		ld	a0,.LANCHOR0+544
 3099      03350500 
 3100 0cf0 97000000 		call	_ZN10ObjectPoolI3TCBLm20EE12mallocObjectEPPS1_
 3100      E7800000 
 3101              	.LVL293:
 3102 0cf8 93040500 		mv	s1,a0
 3103              	.LVL294:
 3104 0cfc 6FF05FFE 		j	.L144
 3105              	.LVL295:
 3106              	.L143:
  41:src/Kernel.cpp ****     producerThread->initializeThread(&KConsole::produceInputBuffer, nullptr, kernelSystemStack, ker
 3107              		.loc 1 41 5 is_stmt 1
  41:src/Kernel.cpp ****     producerThread->initializeThread(&KConsole::produceInputBuffer, nullptr, kernelSystemStack, ker
 3108              		.loc 1 41 37 is_stmt 0
 3109 0d00 93081000 		li	a7,1
 3110 0d04 13081000 		li	a6,1
 3111 0d08 833784FD 		ld	a5,-40(s0)
 3112 0d0c 13070900 		mv	a4,s2
 3113 0d10 93060900 		mv	a3,s2
 3114 0d14 13060000 		li	a2,0
 3115 0d18 97050000 		la	a1,_ZN8KConsole18produceInputBufferEPv
 3115      83B50500 
 3116 0d20 13850400 		mv	a0,s1
 3117 0d24 97000000 		call	_ZN3TCB16initializeThreadEPFvPvES0_S0_S0_P10ObjectPoolIS_Lm20EEN12KernelConfig11ThreadStateEN
 3117      E7800000 
 3118              	.LVL296:
  42:src/Kernel.cpp ****     KConsole::setProducerThread(producerThread);
 3119              		.loc 1 42 5 is_stmt 1
 3120              	.LBB469:
 3121              	.LBB470:
  27:src/../h/KConsole.hpp **** 
 3122              		.loc 6 27 50
  27:src/../h/KConsole.hpp **** 
 3123              		.loc 6 27 65 is_stmt 0
 3124 0d2c 97070000 		la	a5,_ZN8KConsole14producerThreadE
 3124      83B70700 
 3125 0d34 23B09700 		sd	s1,0(a5)
 3126              	.LVL297:
 3127              	.LBE470:
 3128              	.LBE469:
  43:src/Kernel.cpp **** }
GAS LISTING /tmp/ccOjCBq0.s 			page 81


 3129              		.loc 1 43 1
 3130 0d38 83308102 		ld	ra,40(sp)
 3131              		.cfi_restore 1
 3132 0d3c 03340102 		ld	s0,32(sp)
 3133              		.cfi_restore 8
 3134              		.cfi_def_cfa 2, 48
 3135 0d40 83348101 		ld	s1,24(sp)
 3136              		.cfi_restore 9
 3137              	.LVL298:
 3138 0d44 03390101 		ld	s2,16(sp)
 3139              		.cfi_restore 18
 3140              	.LVL299:
 3141 0d48 13010103 		addi	sp,sp,48
 3142              		.cfi_def_cfa_offset 0
 3143 0d4c 67800000 		jr	ra
 3144              		.cfi_endproc
 3145              	.LFE74:
 3147              		.align	2
 3148              		.globl	_ZN6Kernel14makeIdleThreadEv
 3150              	_ZN6Kernel14makeIdleThreadEv:
 3151              	.LFB75:
  45:src/Kernel.cpp **** {
 3152              		.loc 1 45 1 is_stmt 1
 3153              		.cfi_startproc
 3154 0d50 130101FD 		addi	sp,sp,-48
 3155              		.cfi_def_cfa_offset 48
 3156 0d54 23341102 		sd	ra,40(sp)
 3157 0d58 23308102 		sd	s0,32(sp)
 3158 0d5c 233C9100 		sd	s1,24(sp)
 3159 0d60 23382101 		sd	s2,16(sp)
 3160              		.cfi_offset 1, -8
 3161              		.cfi_offset 8, -16
 3162              		.cfi_offset 9, -24
 3163              		.cfi_offset 18, -32
 3164 0d64 13040103 		addi	s0,sp,48
 3165              		.cfi_def_cfa 8, 0
  46:src/Kernel.cpp ****     void* kernelSystemStack = Kernel::mallocSystemStack(KernelConfig::DEFAULT_SYSTEM_STACK_SIZE);
 3166              		.loc 1 46 5
  46:src/Kernel.cpp ****     void* kernelSystemStack = Kernel::mallocSystemStack(KernelConfig::DEFAULT_SYSTEM_STACK_SIZE);
 3167              		.loc 1 46 56 is_stmt 0
 3168 0d68 13050040 		li	a0,1024
 3169 0d6c 97000000 		call	_ZN6Kernel17mallocSystemStackEm
 3169      E7800000 
 3170              	.LVL300:
 3171 0d74 13090500 		mv	s2,a0
 3172              	.LVL301:
  47:src/Kernel.cpp ****     ObjectPool<TCB, KernelConfig::NUM_OF_THREADS_IN_POOL>* sourcePool;
 3173              		.loc 1 47 5 is_stmt 1
  48:src/Kernel.cpp ****     TCB* idleThread = poolOfThreads->mallocObject(&sourcePool);
 3174              		.loc 1 48 5
  48:src/Kernel.cpp ****     TCB* idleThread = poolOfThreads->mallocObject(&sourcePool);
 3175              		.loc 1 48 50 is_stmt 0
 3176 0d78 930584FD 		addi	a1,s0,-40
 3177 0d7c 17050000 		ld	a0,.LANCHOR0+544
 3177      03350500 
 3178              	.LVL302:
 3179 0d84 97000000 		call	_ZN10ObjectPoolI3TCBLm20EE12mallocObjectEPPS1_
GAS LISTING /tmp/ccOjCBq0.s 			page 82


 3179      E7800000 
 3180              	.LVL303:
 3181 0d8c 93040500 		mv	s1,a0
 3182              	.L148:
 3183              	.LVL304:
  49:src/Kernel.cpp ****     while(!idleThread)
 3184              		.loc 1 49 5 is_stmt 1
  49:src/Kernel.cpp ****     while(!idleThread)
 3185              		.loc 1 49 11
 3186 0d90 63900402 		bnez	s1,.L147
  51:src/Kernel.cpp ****         idleThread = poolOfThreads->mallocObject(&sourcePool);
 3187              		.loc 1 51 9
  51:src/Kernel.cpp ****         idleThread = poolOfThreads->mallocObject(&sourcePool);
 3188              		.loc 1 51 49 is_stmt 0
 3189 0d94 930584FD 		addi	a1,s0,-40
 3190 0d98 17050000 		ld	a0,.LANCHOR0+544
 3190      03350500 
 3191 0da0 97000000 		call	_ZN10ObjectPoolI3TCBLm20EE12mallocObjectEPPS1_
 3191      E7800000 
 3192              	.LVL305:
 3193 0da8 93040500 		mv	s1,a0
 3194              	.LVL306:
 3195 0dac 6FF05FFE 		j	.L148
 3196              	.LVL307:
 3197              	.L147:
  53:src/Kernel.cpp ****     idleThread->initializeThread(&kernelWorker, nullptr, kernelSystemStack, kernelSystemStack, sour
 3198              		.loc 1 53 5 is_stmt 1
  53:src/Kernel.cpp ****     idleThread->initializeThread(&kernelWorker, nullptr, kernelSystemStack, kernelSystemStack, sour
 3199              		.loc 1 53 33 is_stmt 0
 3200 0db0 93081000 		li	a7,1
 3201 0db4 13081000 		li	a6,1
 3202 0db8 833784FD 		ld	a5,-40(s0)
 3203 0dbc 13070900 		mv	a4,s2
 3204 0dc0 93060900 		mv	a3,s2
 3205 0dc4 13060000 		li	a2,0
 3206 0dc8 97050000 		lla	a1,_ZN6Kernel12kernelWorkerEPv
 3206      93850500 
 3207 0dd0 13850400 		mv	a0,s1
 3208 0dd4 97000000 		call	_ZN3TCB16initializeThreadEPFvPvES0_S0_S0_P10ObjectPoolIS_Lm20EEN12KernelConfig11ThreadStateEN
 3208      E7800000 
 3209              	.LVL308:
  54:src/Kernel.cpp ****     Scheduler::setIdleThread(idleThread);
 3210              		.loc 1 54 5 is_stmt 1
 3211              	.LBB471:
 3212              	.LBB472:
 3213              		.file 10 "src/../h/Scheduler.hpp"
   1:src/../h/Scheduler.hpp **** //
   2:src/../h/Scheduler.hpp **** // Created by os on 12/8/25.
   3:src/../h/Scheduler.hpp **** //
   4:src/../h/Scheduler.hpp **** 
   5:src/../h/Scheduler.hpp **** #ifndef PROJECT_BASE_V1_1_SCHEDULER_H
   6:src/../h/Scheduler.hpp **** #define PROJECT_BASE_V1_1_SCHEDULER_H
   7:src/../h/Scheduler.hpp **** #include "Queue.hpp"
   8:src/../h/Scheduler.hpp **** 
   9:src/../h/Scheduler.hpp **** class TCB;
  10:src/../h/Scheduler.hpp **** 
  11:src/../h/Scheduler.hpp **** class Scheduler
GAS LISTING /tmp/ccOjCBq0.s 			page 83


  12:src/../h/Scheduler.hpp **** {
  13:src/../h/Scheduler.hpp **** public:
  14:src/../h/Scheduler.hpp ****     Scheduler() = delete;
  15:src/../h/Scheduler.hpp ****     Scheduler(const Scheduler& scheduler) = delete;
  16:src/../h/Scheduler.hpp ****     Scheduler& operator=(const Scheduler& scheduler) = delete;
  17:src/../h/Scheduler.hpp ****     static void put(TCB* readyThread);
  18:src/../h/Scheduler.hpp ****     static TCB* get(void);
  19:src/../h/Scheduler.hpp ****     static void setIdleThread(TCB* thread) { idleThread = thread; }
 3214              		.loc 10 19 46
 3215              		.loc 10 19 57 is_stmt 0
 3216 0ddc 97070000 		la	a5,_ZN9Scheduler10idleThreadE
 3216      83B70700 
 3217 0de4 23B09700 		sd	s1,0(a5)
 3218              	.LVL309:
 3219              	.LBE472:
 3220              	.LBE471:
  55:src/Kernel.cpp **** }
 3221              		.loc 1 55 1
 3222 0de8 83308102 		ld	ra,40(sp)
 3223              		.cfi_restore 1
 3224 0dec 03340102 		ld	s0,32(sp)
 3225              		.cfi_restore 8
 3226              		.cfi_def_cfa 2, 48
 3227 0df0 83348101 		ld	s1,24(sp)
 3228              		.cfi_restore 9
 3229              	.LVL310:
 3230 0df4 03390101 		ld	s2,16(sp)
 3231              		.cfi_restore 18
 3232              	.LVL311:
 3233 0df8 13010103 		addi	sp,sp,48
 3234              		.cfi_def_cfa_offset 0
 3235 0dfc 67800000 		jr	ra
 3236              		.cfi_endproc
 3237              	.LFE75:
 3239              		.align	2
 3240              		.globl	_ZN6Kernel23initializeKernelThreadsEv
 3242              	_ZN6Kernel23initializeKernelThreadsEv:
 3243              	.LFB76:
  57:src/Kernel.cpp **** {
 3244              		.loc 1 57 1 is_stmt 1
 3245              		.cfi_startproc
 3246 0e00 130101FF 		addi	sp,sp,-16
 3247              		.cfi_def_cfa_offset 16
 3248 0e04 23341100 		sd	ra,8(sp)
 3249 0e08 23308100 		sd	s0,0(sp)
 3250              		.cfi_offset 1, -8
 3251              		.cfi_offset 8, -16
 3252 0e0c 13040101 		addi	s0,sp,16
 3253              		.cfi_def_cfa 8, 0
  58:src/Kernel.cpp ****     makeConsumerThread();
 3254              		.loc 1 58 5
  58:src/Kernel.cpp ****     makeConsumerThread();
 3255              		.loc 1 58 23 is_stmt 0
 3256 0e10 97000000 		call	_ZN6Kernel18makeConsumerThreadEv
 3256      E7800000 
 3257              	.LVL312:
  59:src/Kernel.cpp ****     makeProducerThread();
GAS LISTING /tmp/ccOjCBq0.s 			page 84


 3258              		.loc 1 59 5 is_stmt 1
  59:src/Kernel.cpp ****     makeProducerThread();
 3259              		.loc 1 59 23 is_stmt 0
 3260 0e18 97000000 		call	_ZN6Kernel18makeProducerThreadEv
 3260      E7800000 
 3261              	.LVL313:
  60:src/Kernel.cpp ****     makeIdleThread();
 3262              		.loc 1 60 5 is_stmt 1
  60:src/Kernel.cpp ****     makeIdleThread();
 3263              		.loc 1 60 19 is_stmt 0
 3264 0e20 97000000 		call	_ZN6Kernel14makeIdleThreadEv
 3264      E7800000 
 3265              	.LVL314:
  61:src/Kernel.cpp **** }
 3266              		.loc 1 61 1
 3267 0e28 83308100 		ld	ra,8(sp)
 3268              		.cfi_restore 1
 3269 0e2c 03340100 		ld	s0,0(sp)
 3270              		.cfi_restore 8
 3271              		.cfi_def_cfa 2, 16
 3272 0e30 13010101 		addi	sp,sp,16
 3273              		.cfi_def_cfa_offset 0
 3274 0e34 67800000 		jr	ra
 3275              		.cfi_endproc
 3276              	.LFE76:
 3278              		.align	2
 3279              		.globl	_ZN6Kernel16initializeKernelEv
 3281              	_ZN6Kernel16initializeKernelEv:
 3282              	.LFB77:
  64:src/Kernel.cpp **** {
 3283              		.loc 1 64 1 is_stmt 1
 3284              		.cfi_startproc
 3285 0e38 130101FE 		addi	sp,sp,-32
 3286              		.cfi_def_cfa_offset 32
 3287 0e3c 233C1100 		sd	ra,24(sp)
 3288 0e40 23388100 		sd	s0,16(sp)
 3289 0e44 23349100 		sd	s1,8(sp)
 3290              		.cfi_offset 1, -8
 3291              		.cfi_offset 8, -16
 3292              		.cfi_offset 9, -24
 3293 0e48 13040102 		addi	s0,sp,32
 3294              		.cfi_def_cfa 8, 0
  65:src/Kernel.cpp ****     Kernel::setInterruptRoutine(&interrupt_trap);
 3295              		.loc 1 65 5
 3296              	.LVL315:
 3297              	.LBB473:
 3298              	.LBB474:
  19:src/../h/Kernel.hpp **** };
  20:src/../h/Kernel.hpp **** 
  21:src/../h/Kernel.hpp **** class Kernel
  22:src/../h/Kernel.hpp **** {
  23:src/../h/Kernel.hpp **** public:
  24:src/../h/Kernel.hpp ****     Kernel() = delete;
  25:src/../h/Kernel.hpp ****     Kernel(const Kernel& kernel) = delete;
  26:src/../h/Kernel.hpp ****     Kernel& operator=(const Kernel& kernel) = delete;
  27:src/../h/Kernel.hpp ****     static void initializeKernel(void);
  28:src/../h/Kernel.hpp **** 
GAS LISTING /tmp/ccOjCBq0.s 			page 85


  29:src/../h/Kernel.hpp **** 
  30:src/../h/Kernel.hpp **** private:
  31:src/../h/Kernel.hpp ****     typedef struct ArgumentsOfSystemCall
  32:src/../h/Kernel.hpp ****     {
  33:src/../h/Kernel.hpp ****         uint64 a0, a1, a2, a3, a4, a5, a6;
  34:src/../h/Kernel.hpp ****     } ArgumentsOfSystemCall;
  35:src/../h/Kernel.hpp **** 
  36:src/../h/Kernel.hpp ****     static void setInterruptRoutine(void (*routine)(void));
  37:src/../h/Kernel.hpp ****     static void interruptHandler();
  38:src/../h/Kernel.hpp **** 
  39:src/../h/Kernel.hpp ****     static uint64 sysMalloc(ArgumentsOfSystemCall* arg);
  40:src/../h/Kernel.hpp ****     static uint64 sysFree(ArgumentsOfSystemCall* arg);
  41:src/../h/Kernel.hpp ****     static uint64 sysGetFreeSpace(ArgumentsOfSystemCall* arg);
  42:src/../h/Kernel.hpp ****     static uint64 sysLargestFreeBlock(ArgumentsOfSystemCall* arg);
  43:src/../h/Kernel.hpp ****     static uint64 sysThreadCreate(ArgumentsOfSystemCall* arg);
  44:src/../h/Kernel.hpp ****     static uint64 sysThreadDispatch(ArgumentsOfSystemCall* arg);
  45:src/../h/Kernel.hpp ****     static uint64 sysThreadExit(ArgumentsOfSystemCall* arg);
  46:src/../h/Kernel.hpp ****     static uint64 sysThreadStart(ArgumentsOfSystemCall*arg);
  47:src/../h/Kernel.hpp ****     static uint64 sysThreadJoin(ArgumentsOfSystemCall* arg);
  48:src/../h/Kernel.hpp **** 	static uint64 sysSemaphoreOpen(ArgumentsOfSystemCall* arg);
  49:src/../h/Kernel.hpp **** 	static uint64 sysSemaphoreClose(ArgumentsOfSystemCall* arg);
  50:src/../h/Kernel.hpp ****     static uint64 sysSemaphoreWait(ArgumentsOfSystemCall* arg);
  51:src/../h/Kernel.hpp ****     static uint64 sysSemaphoreSignal(ArgumentsOfSystemCall* arg);
  52:src/../h/Kernel.hpp ****     static uint64 sysTimeSleep(ArgumentsOfSystemCall* arg);
  53:src/../h/Kernel.hpp ****     static uint64 sysGetc(ArgumentsOfSystemCall* arg);
  54:src/../h/Kernel.hpp ****     static uint64 sysPutc(ArgumentsOfSystemCall* arg);
  55:src/../h/Kernel.hpp **** 
  56:src/../h/Kernel.hpp **** 
  57:src/../h/Kernel.hpp **** 
  58:src/../h/Kernel.hpp ****     static void initializeKernelThreads(void);
  59:src/../h/Kernel.hpp ****     static void makeIdleThread(void);
  60:src/../h/Kernel.hpp ****     static void makeConsumerThread(void);
  61:src/../h/Kernel.hpp ****     static void makeProducerThread(void);
  62:src/../h/Kernel.hpp ****     static void kernelWorker(void*);
  63:src/../h/Kernel.hpp **** 
  64:src/../h/Kernel.hpp ****     static void destroy();
  65:src/../h/Kernel.hpp ****     static uint64 (*systemCallsTable[KernelConfig::NUM_OF_SYSTEM_CALLS])(ArgumentsOfSystemCall* arg
  66:src/../h/Kernel.hpp ****     static void initializeSystemCalls(void);
  67:src/../h/Kernel.hpp ****     static void initializeArguments(ArgumentsOfSystemCall* arg, uint64 basePointer);
  68:src/../h/Kernel.hpp **** 
  69:src/../h/Kernel.hpp ****     static void* mallocSystemStack(size_t numOfBytes);
  70:src/../h/Kernel.hpp **** 
  71:src/../h/Kernel.hpp ****     static void wakeUpThreads();
  72:src/../h/Kernel.hpp ****     static ObjectPool<TCB, KernelConfig::NUM_OF_THREADS_IN_POOL>* poolOfThreads;
  73:src/../h/Kernel.hpp ****     static ObjectPool<KSemaphore, KernelConfig::NUM_OF_SEMAPHORES_IN_POOL>* poolOfSemaphores;
  74:src/../h/Kernel.hpp ****     static PriorityQueue<TCB, decltype(cmp)>* queueOfAsleepThreads;
  75:src/../h/Kernel.hpp **** 
  76:src/../h/Kernel.hpp ****     //static TCB* runningThread;
  77:src/../h/Kernel.hpp **** 
  78:src/../h/Kernel.hpp **** };
  79:src/../h/Kernel.hpp **** 
  80:src/../h/Kernel.hpp **** inline void Kernel::setInterruptRoutine(void (*routine)(void))
  81:src/../h/Kernel.hpp **** {
  82:src/../h/Kernel.hpp ****     Machine::writeStvec((uint64) routine);
 3299              		.loc 4 82 5
 3300              		.loc 4 82 24 is_stmt 0
 3301 0e4c 97070000 		la	a5,interrupt_trap
GAS LISTING /tmp/ccOjCBq0.s 			page 86


 3301      83B70700 
 3302              	.LVL316:
 3303              	.LBB475:
 3304              	.LBB476:
  42:src/../h/Machine.hpp **** }
 3305              		.loc 7 42 5 is_stmt 1
  42:src/../h/Machine.hpp **** }
 3306              		.loc 7 42 83 is_stmt 0
 3307              	#APP
 3308              	# 42 "src/../h/Machine.hpp" 1
 3309              		csrw stvec, a5
 3310              	# 0 "" 2
 3311              	.LVL317:
 3312              	#NO_APP
 3313              	.LBE476:
 3314              	.LBE475:
  83:src/../h/Kernel.hpp **** }
 3315              		.loc 4 83 1
 3316 0e58 6F008001 		j	.L156
 3317              	.LVL318:
 3318              	.L154:
 3319              	.LBE474:
 3320              	.LBE473:
 3321              	.LBB477:
 3322              	.LBB478:
 3323              	.LBB479:
  22:src/../h/ObjectPool.hpp ****     }
 3324              		.loc 8 22 9
 3325 0e5c B7170000 		li	a5,4096
 3326 0e60 B307F500 		add	a5,a0,a5
 3327 0e64 23BC0794 		sd	zero,-1704(a5)
 3328              	.LVL319:
 3329              	.LBE479:
 3330              	.LBE478:
 3331              	.LBE477:
  68:src/Kernel.cpp ****      poolOfThreads = new ObjectPool<TCB, KernelConfig::NUM_OF_THREADS_IN_POOL>();
 3332              		.loc 1 68 20
 3333 0e68 97070000 		sd	a0,.LANCHOR0+544,a5
 3333      23B0A700 
 3334              	.L156:
  66:src/Kernel.cpp ****     while(!poolOfThreads)
 3335              		.loc 1 66 5 is_stmt 1
  66:src/Kernel.cpp ****     while(!poolOfThreads)
 3336              		.loc 1 66 11
 3337 0e70 97070000 		ld	a5,.LANCHOR0+544
 3337      83B70700 
 3338 0e78 63960706 		bnez	a5,.L153
  68:src/Kernel.cpp ****      poolOfThreads = new ObjectPool<TCB, KernelConfig::NUM_OF_THREADS_IN_POOL>();
 3339              		.loc 1 68 6
  68:src/Kernel.cpp ****      poolOfThreads = new ObjectPool<TCB, KernelConfig::NUM_OF_THREADS_IN_POOL>();
 3340              		.loc 1 68 80 is_stmt 0
 3341 0e7c B7140000 		li	s1,4096
 3342 0e80 13858497 		addi	a0,s1,-1672
 3343 0e84 97000000 		call	_ZN10ObjectPoolI3TCBLm20EEnwEm
 3343      E7800000 
 3344              	.LVL320:
 3345              	.LBB483:
GAS LISTING /tmp/ccOjCBq0.s 			page 87


 3346              	.LBB482:
  15:src/../h/ObjectPool.hpp ****     {
 3347              		.loc 8 15 88
 3348 0e8c B3079500 		add	a5,a0,s1
 3349 0e90 23B0A796 		sd	a0,-1696(a5)
 3350 0e94 23B40796 		sd	zero,-1688(a5)
 3351 0e98 23B80796 		sd	zero,-1680(a5)
 3352              	.LVL321:
 3353              	.LBB481:
 3354              	.LBB480:
  18:src/../h/ObjectPool.hpp ****         {
 3355              		.loc 8 18 20
 3356 0e9c 93060000 		li	a3,0
 3357              	.LVL322:
 3358              	.L155:
  18:src/../h/ObjectPool.hpp ****         {
 3359              		.loc 8 18 29 is_stmt 1
 3360 0ea0 93072001 		li	a5,18
 3361 0ea4 E3ECD7FA 		bgtu	a3,a5,.L154
  20:src/../h/ObjectPool.hpp ****         }
 3362              		.loc 8 20 40 is_stmt 0
 3363 0ea8 13861600 		addi	a2,a3,1
  20:src/../h/ObjectPool.hpp ****         }
 3364              		.loc 8 20 38
 3365 0eac 13174600 		slli	a4,a2,4
 3366 0eb0 3307C740 		sub	a4,a4,a2
 3367 0eb4 13173700 		slli	a4,a4,3
 3368 0eb8 3307E500 		add	a4,a0,a4
  20:src/../h/ObjectPool.hpp ****         }
 3369              		.loc 8 20 13
 3370 0ebc 93974600 		slli	a5,a3,4
 3371 0ec0 B387D740 		sub	a5,a5,a3
 3372 0ec4 93973700 		slli	a5,a5,3
 3373 0ec8 B307F500 		add	a5,a0,a5
 3374 0ecc 23B8E706 		sd	a4,112(a5)
  18:src/../h/ObjectPool.hpp ****         {
 3375              		.loc 8 18 9 is_stmt 1
 3376              	.LVL323:
 3377 0ed0 93060600 		mv	a3,a2
 3378 0ed4 6FF0DFFC 		j	.L155
 3379              	.LVL324:
 3380              	.L158:
 3381              	.LBE480:
 3382              	.LBE481:
 3383              	.LBE482:
 3384              	.LBE483:
 3385              	.LBB484:
 3386              	.LBB485:
 3387              	.LBB486:
  22:src/../h/ObjectPool.hpp ****     }
 3388              		.loc 8 22 9 is_stmt 0
 3389 0ed8 233C0512 		sd	zero,312(a0)
 3390              	.LVL325:
 3391              	.LBE486:
 3392              	.LBE485:
 3393              	.LBE484:
  72:src/Kernel.cpp ****         poolOfSemaphores = new ObjectPool<KSemaphore, KernelConfig::NUM_OF_SEMAPHORES_IN_POOL>();
GAS LISTING /tmp/ccOjCBq0.s 			page 88


 3394              		.loc 1 72 26
 3395 0edc 97070000 		sd	a0,.LANCHOR0+552,a5
 3395      23B0A700 
 3396              	.L153:
  70:src/Kernel.cpp ****     while(!poolOfSemaphores)
 3397              		.loc 1 70 5 is_stmt 1
  70:src/Kernel.cpp ****     while(!poolOfSemaphores)
 3398              		.loc 1 70 11
 3399 0ee4 97070000 		ld	a5,.LANCHOR0+552
 3399      83B70700 
 3400 0eec 63940704 		bnez	a5,.L157
  72:src/Kernel.cpp ****         poolOfSemaphores = new ObjectPool<KSemaphore, KernelConfig::NUM_OF_SEMAPHORES_IN_POOL>();
 3401              		.loc 1 72 9
  72:src/Kernel.cpp ****         poolOfSemaphores = new ObjectPool<KSemaphore, KernelConfig::NUM_OF_SEMAPHORES_IN_POOL>();
 3402              		.loc 1 72 96 is_stmt 0
 3403 0ef0 13058015 		li	a0,344
 3404 0ef4 97000000 		call	_ZN10ObjectPoolI10KSemaphoreLm10EEnwEm
 3404      E7800000 
 3405              	.LVL326:
 3406              	.LBB490:
 3407              	.LBB489:
  15:src/../h/ObjectPool.hpp ****     {
 3408              		.loc 8 15 88
 3409 0efc 2330A514 		sd	a0,320(a0)
 3410 0f00 23340514 		sd	zero,328(a0)
 3411 0f04 23380514 		sd	zero,336(a0)
 3412              	.LVL327:
 3413              	.LBB488:
 3414              	.LBB487:
  18:src/../h/ObjectPool.hpp ****         {
 3415              		.loc 8 18 20
 3416 0f08 93070000 		li	a5,0
 3417              	.LVL328:
 3418              	.L159:
  18:src/../h/ObjectPool.hpp ****         {
 3419              		.loc 8 18 29 is_stmt 1
 3420 0f0c 13078000 		li	a4,8
 3421 0f10 E364F7FC 		bgtu	a5,a4,.L158
  20:src/../h/ObjectPool.hpp ****         }
 3422              		.loc 8 20 40 is_stmt 0
 3423 0f14 93861700 		addi	a3,a5,1
  20:src/../h/ObjectPool.hpp ****         }
 3424              		.loc 8 20 38
 3425 0f18 13975600 		slli	a4,a3,5
 3426 0f1c 3307E500 		add	a4,a0,a4
  20:src/../h/ObjectPool.hpp ****         }
 3427              		.loc 8 20 13
 3428 0f20 93975700 		slli	a5,a5,5
 3429              	.LVL329:
 3430 0f24 B307F500 		add	a5,a0,a5
 3431 0f28 23BCE700 		sd	a4,24(a5)
  18:src/../h/ObjectPool.hpp ****         {
 3432              		.loc 8 18 9 is_stmt 1
 3433              	.LVL330:
 3434 0f2c 93870600 		mv	a5,a3
 3435 0f30 6FF0DFFD 		j	.L159
 3436              	.LVL331:
GAS LISTING /tmp/ccOjCBq0.s 			page 89


 3437              	.L157:
 3438              	.LBE487:
 3439              	.LBE488:
 3440              	.LBE489:
 3441              	.LBE490:
  75:src/Kernel.cpp ****     initializeKernelThreads();
 3442              		.loc 1 75 5
  75:src/Kernel.cpp ****     initializeKernelThreads();
 3443              		.loc 1 75 28 is_stmt 0
 3444 0f34 97000000 		call	_ZN6Kernel23initializeKernelThreadsEv
 3444      E7800000 
 3445              	.LVL332:
  76:src/Kernel.cpp ****     initializeSystemCalls();
 3446              		.loc 1 76 5 is_stmt 1
  76:src/Kernel.cpp ****     initializeSystemCalls();
 3447              		.loc 1 76 26 is_stmt 0
 3448 0f3c 97000000 		call	_ZN6Kernel21initializeSystemCallsEv
 3448      E7800000 
 3449              	.LVL333:
  78:src/Kernel.cpp **** }
 3450              		.loc 1 78 1
 3451 0f44 83308101 		ld	ra,24(sp)
 3452              		.cfi_restore 1
 3453 0f48 03340101 		ld	s0,16(sp)
 3454              		.cfi_restore 8
 3455              		.cfi_def_cfa 2, 32
 3456 0f4c 83348100 		ld	s1,8(sp)
 3457              		.cfi_restore 9
 3458 0f50 13010102 		addi	sp,sp,32
 3459              		.cfi_def_cfa_offset 0
 3460 0f54 67800000 		jr	ra
 3461              		.cfi_endproc
 3462              	.LFE77:
 3464              		.align	2
 3465              		.globl	_ZN6Kernel15sysThreadCreateEPNS_21ArgumentsOfSystemCallE
 3467              	_ZN6Kernel15sysThreadCreateEPNS_21ArgumentsOfSystemCallE:
 3468              	.LFB100:
 245:src/Kernel.cpp **** {
 3469              		.loc 1 245 1 is_stmt 1
 3470              		.cfi_startproc
 3471              	.LVL334:
 3472 0f58 130101FD 		addi	sp,sp,-48
 3473              		.cfi_def_cfa_offset 48
 3474 0f5c 23341102 		sd	ra,40(sp)
 3475 0f60 23308102 		sd	s0,32(sp)
 3476 0f64 233C9100 		sd	s1,24(sp)
 3477 0f68 23382101 		sd	s2,16(sp)
 3478              		.cfi_offset 1, -8
 3479              		.cfi_offset 8, -16
 3480              		.cfi_offset 9, -24
 3481              		.cfi_offset 18, -32
 3482 0f6c 13040103 		addi	s0,sp,48
 3483              		.cfi_def_cfa 8, 0
 3484 0f70 93040500 		mv	s1,a0
 246:src/Kernel.cpp ****     ObjectPool<TCB, KernelConfig::NUM_OF_THREADS_IN_POOL>* sourcePool;
 3485              		.loc 1 246 5
 247:src/Kernel.cpp ****     TCB* newThread = poolOfThreads->mallocObject(&sourcePool);
GAS LISTING /tmp/ccOjCBq0.s 			page 90


 3486              		.loc 1 247 5
 247:src/Kernel.cpp ****     TCB* newThread = poolOfThreads->mallocObject(&sourcePool);
 3487              		.loc 1 247 49 is_stmt 0
 3488 0f74 930584FD 		addi	a1,s0,-40
 3489 0f78 17050000 		ld	a0,.LANCHOR0+544
 3489      03350500 
 3490              	.LVL335:
 3491 0f80 97000000 		call	_ZN10ObjectPoolI3TCBLm20EE12mallocObjectEPPS1_
 3491      E7800000 
 3492              	.LVL336:
 248:src/Kernel.cpp ****     if(!newThread)
 3493              		.loc 1 248 5 is_stmt 1
 3494 0f88 63000506 		beqz	a0,.L163
 3495 0f8c 13090500 		mv	s2,a0
 252:src/Kernel.cpp ****     __asm__ volatile("sd %[ptrThread], 0(%[handle])"::[ptrThread]"r"(newThread), [handle]"r"(arg->a
 3496              		.loc 1 252 5
 252:src/Kernel.cpp ****     __asm__ volatile("sd %[ptrThread], 0(%[handle])"::[ptrThread]"r"(newThread), [handle]"r"(arg->a
 3497              		.loc 1 252 99 is_stmt 0
 3498 0f90 83B70400 		ld	a5,0(s1)
 252:src/Kernel.cpp ****     __asm__ volatile("sd %[ptrThread], 0(%[handle])"::[ptrThread]"r"(newThread), [handle]"r"(arg->a
 3499              		.loc 1 252 103
 3500              	#APP
 3501              	# 252 "src/Kernel.cpp" 1
 253:src/Kernel.cpp ****     void* kernelSystemStack = Kernel::mallocSystemStack(KernelConfig::DEFAULT_SYSTEM_STACK_SIZE);
 3502              		sd a0, 0(a5)
 3503              	# 0 "" 2
 3504              		.loc 1 253 5 is_stmt 1
 253:src/Kernel.cpp ****     void* kernelSystemStack = Kernel::mallocSystemStack(KernelConfig::DEFAULT_SYSTEM_STACK_SIZE);
 3505              		.loc 1 253 56 is_stmt 0
 3506              	#NO_APP
 3507 0f98 13050040 		li	a0,1024
 3508              	.LVL337:
 3509 0f9c 97000000 		call	_ZN6Kernel17mallocSystemStackEm
 3509      E7800000 
 3510              	.LVL338:
 3511 0fa4 13070500 		mv	a4,a0
 3512              	.LVL339:
 254:src/Kernel.cpp ****     newThread->initializeThread((TCB::Body) arg->a1, (void*)arg->a2, (void*)arg->a3, kernelSystemSt
 3513              		.loc 1 254 5 is_stmt 1
 254:src/Kernel.cpp ****     newThread->initializeThread((TCB::Body) arg->a1, (void*)arg->a2, (void*)arg->a3, kernelSystemSt
 3514              		.loc 1 254 32 is_stmt 0
 3515 0fa8 93080000 		li	a7,0
 3516 0fac 13081000 		li	a6,1
 3517 0fb0 833784FD 		ld	a5,-40(s0)
 3518 0fb4 83B68401 		ld	a3,24(s1)
 3519 0fb8 03B60401 		ld	a2,16(s1)
 3520 0fbc 83B58400 		ld	a1,8(s1)
 3521 0fc0 13050900 		mv	a0,s2
 3522              	.LVL340:
 3523 0fc4 97000000 		call	_ZN3TCB16initializeThreadEPFvPvES0_S0_S0_P10ObjectPoolIS_Lm20EEN12KernelConfig11ThreadStateEN
 3523      E7800000 
 3524              	.LVL341:
 255:src/Kernel.cpp ****     return 0;
 3525              		.loc 1 255 12
 3526 0fcc 13050000 		li	a0,0
 3527              	.LVL342:
 3528              	.L161:
GAS LISTING /tmp/ccOjCBq0.s 			page 91


 256:src/Kernel.cpp **** }
 3529              		.loc 1 256 1
 3530 0fd0 83308102 		ld	ra,40(sp)
 3531              		.cfi_remember_state
 3532              		.cfi_restore 1
 3533 0fd4 03340102 		ld	s0,32(sp)
 3534              		.cfi_restore 8
 3535              		.cfi_def_cfa 2, 48
 3536 0fd8 83348101 		ld	s1,24(sp)
 3537              		.cfi_restore 9
 3538              	.LVL343:
 3539 0fdc 03390101 		ld	s2,16(sp)
 3540              		.cfi_restore 18
 3541 0fe0 13010103 		addi	sp,sp,48
 3542              		.cfi_def_cfa_offset 0
 3543 0fe4 67800000 		jr	ra
 3544              	.LVL344:
 3545              	.L163:
 3546              		.cfi_restore_state
 250:src/Kernel.cpp ****         return -1;
 3547              		.loc 1 250 17
 3548 0fe8 1305F0FF 		li	a0,-1
 3549              	.LVL345:
 3550 0fec 6FF05FFE 		j	.L161
 3551              		.cfi_endproc
 3552              	.LFE100:
 3554              		.section	.text._ZN10ObjectPoolI10KSemaphoreLm10EE12findFreePoolEv,"axG",@progbits,_ZN10ObjectPoolI
 3555              		.align	2
 3556              		.weak	_ZN10ObjectPoolI10KSemaphoreLm10EE12findFreePoolEv
 3558              	_ZN10ObjectPoolI10KSemaphoreLm10EE12findFreePoolEv:
 3559              	.LFB138:
  69:src/../h/ObjectPool.hpp **** {
 3560              		.loc 8 69 30 is_stmt 1
 3561              		.cfi_startproc
 3562              	.LVL346:
 3563 0000 130101FF 		addi	sp,sp,-16
 3564              		.cfi_def_cfa_offset 16
 3565 0004 23348100 		sd	s0,8(sp)
 3566              		.cfi_offset 8, -8
 3567 0008 13040101 		addi	s0,sp,16
 3568              		.cfi_def_cfa 8, 0
 3569 000c 93070500 		mv	a5,a0
 3570              	.LVL347:
 3571              	.L167:
  72:src/../h/ObjectPool.hpp ****     return curr;
 3572              		.loc 8 72 33 discriminator 3
 3573 0010 13850700 		mv	a0,a5
  72:src/../h/ObjectPool.hpp ****     return curr;
 3574              		.loc 8 72 18 is_stmt 0 discriminator 3
 3575 0014 83B78714 		ld	a5,328(a5)
 3576              	.LVL348:
  72:src/../h/ObjectPool.hpp ****     return curr;
 3577              		.loc 8 72 33 discriminator 3
 3578 0018 63960700 		bnez	a5,.L165
  72:src/../h/ObjectPool.hpp ****     return curr;
 3579              		.loc 8 72 43 discriminator 1
 3580 001c 03370514 		ld	a4,320(a0)
GAS LISTING /tmp/ccOjCBq0.s 			page 92


  72:src/../h/ObjectPool.hpp ****     return curr;
 3581              		.loc 8 72 33 discriminator 1
 3582 0020 E30807FE 		beqz	a4,.L167
 3583              	.L165:
  74:src/../h/ObjectPool.hpp **** 
 3584              		.loc 8 74 1
 3585 0024 03348100 		ld	s0,8(sp)
 3586              		.cfi_restore 8
 3587              		.cfi_def_cfa 2, 16
 3588 0028 13010101 		addi	sp,sp,16
 3589              		.cfi_def_cfa_offset 0
 3590 002c 67800000 		jr	ra
 3591              		.cfi_endproc
 3592              	.LFE138:
 3594              		.section	.text._ZN10ObjectPoolI10KSemaphoreLm10EE12mallocObjectEPPS1_,"axG",@progbits,_ZN10ObjectP
 3595              		.align	2
 3596              		.weak	_ZN10ObjectPoolI10KSemaphoreLm10EE12mallocObjectEPPS1_
 3598              	_ZN10ObjectPoolI10KSemaphoreLm10EE12mallocObjectEPPS1_:
 3599              	.LFB134:
  77:src/../h/ObjectPool.hpp **** {
 3600              		.loc 8 77 4 is_stmt 1
 3601              		.cfi_startproc
 3602              	.LVL349:
 3603 0000 130101FE 		addi	sp,sp,-32
 3604              		.cfi_def_cfa_offset 32
 3605 0004 233C1100 		sd	ra,24(sp)
 3606 0008 23388100 		sd	s0,16(sp)
 3607 000c 23349100 		sd	s1,8(sp)
 3608 0010 23302101 		sd	s2,0(sp)
 3609              		.cfi_offset 1, -8
 3610              		.cfi_offset 8, -16
 3611              		.cfi_offset 9, -24
 3612              		.cfi_offset 18, -32
 3613 0014 13040102 		addi	s0,sp,32
 3614              		.cfi_def_cfa 8, 0
 3615 0018 13890500 		mv	s2,a1
  79:src/../h/ObjectPool.hpp ****     if (currentPool->headFreeObject)
 3616              		.loc 8 79 33 is_stmt 0
 3617 001c 97000000 		call	_ZN10ObjectPoolI10KSemaphoreLm10EE12findFreePoolEv
 3617      E7800000 
 3618              	.LVL350:
 3619 0024 93040500 		mv	s1,a0
 3620              	.LVL351:
 3621              	.LBB491:
  80:src/../h/ObjectPool.hpp ****     {
 3622              		.loc 8 80 22
 3623 0028 03350514 		ld	a0,320(a0)
  80:src/../h/ObjectPool.hpp ****     {
 3624              		.loc 8 80 5
 3625 002c 63040502 		beqz	a0,.L170
 3626              	.LVL352:
 3627              	.LBB492:
  83:src/../h/ObjectPool.hpp ****         *addressOfPool = currentPool;
 3628              		.loc 8 83 68
 3629 0030 83378501 		ld	a5,24(a0)
  83:src/../h/ObjectPool.hpp ****         *addressOfPool = currentPool;
 3630              		.loc 8 83 9
GAS LISTING /tmp/ccOjCBq0.s 			page 93


 3631 0034 23B0F414 		sd	a5,320(s1)
  84:src/../h/ObjectPool.hpp ****         return &(temp->object);
 3632              		.loc 8 84 9
 3633 0038 23309900 		sd	s1,0(s2)
 3634              	.LVL353:
 3635              	.L169:
 3636              	.LBE492:
 3637              	.LBE491:
 102:src/../h/ObjectPool.hpp **** 
 3638              		.loc 8 102 1
 3639 003c 83308101 		ld	ra,24(sp)
 3640              		.cfi_remember_state
 3641              		.cfi_restore 1
 3642 0040 03340101 		ld	s0,16(sp)
 3643              		.cfi_restore 8
 3644              		.cfi_def_cfa 2, 32
 3645 0044 83348100 		ld	s1,8(sp)
 3646              		.cfi_restore 9
 3647              	.LVL354:
 3648 0048 03390100 		ld	s2,0(sp)
 3649              		.cfi_restore 18
 3650              	.LVL355:
 3651 004c 13010102 		addi	sp,sp,32
 3652              		.cfi_def_cfa_offset 0
 3653 0050 67800000 		jr	ra
 3654              	.LVL356:
 3655              	.L170:
 3656              		.cfi_restore_state
 3657              	.LBB498:
 3658              	.LBB493:
  89:src/../h/ObjectPool.hpp ****         if(!newPool)
 3659              		.loc 8 89 48
 3660 0054 13058015 		li	a0,344
 3661 0058 97000000 		call	_ZN10ObjectPoolI10KSemaphoreLm10EEnwEm
 3661      E7800000 
 3662              	.LVL357:
 3663              	.LBB494:
 3664              	.LBB495:
  15:src/../h/ObjectPool.hpp ****     {
 3665              		.loc 8 15 88
 3666 0060 2330A514 		sd	a0,320(a0)
 3667 0064 23340514 		sd	zero,328(a0)
 3668 0068 23380514 		sd	zero,336(a0)
 3669              	.LVL358:
 3670              	.LBB496:
 3671              	.LBB497:
  18:src/../h/ObjectPool.hpp ****         {
 3672              		.loc 8 18 20
 3673 006c 93070000 		li	a5,0
 3674 0070 6F000002 		j	.L173
 3675              	.LVL359:
 3676              	.L175:
  20:src/../h/ObjectPool.hpp ****         }
 3677              		.loc 8 20 40
 3678 0074 93861700 		addi	a3,a5,1
  20:src/../h/ObjectPool.hpp ****         }
 3679              		.loc 8 20 38
GAS LISTING /tmp/ccOjCBq0.s 			page 94


 3680 0078 13975600 		slli	a4,a3,5
 3681 007c 3307E500 		add	a4,a0,a4
  20:src/../h/ObjectPool.hpp ****         }
 3682              		.loc 8 20 13
 3683 0080 93975700 		slli	a5,a5,5
 3684              	.LVL360:
 3685 0084 B307F500 		add	a5,a0,a5
 3686 0088 23BCE700 		sd	a4,24(a5)
  18:src/../h/ObjectPool.hpp ****         {
 3687              		.loc 8 18 9 is_stmt 1
 3688              	.LVL361:
 3689 008c 93870600 		mv	a5,a3
 3690              	.LVL362:
 3691              	.L173:
  18:src/../h/ObjectPool.hpp ****         {
 3692              		.loc 8 18 29
 3693 0090 13078000 		li	a4,8
 3694 0094 E370F7FE 		bleu	a5,a4,.L175
 3695              	.LBE497:
  22:src/../h/ObjectPool.hpp ****     }
 3696              		.loc 8 22 9 is_stmt 0
 3697 0098 233C0512 		sd	zero,312(a0)
 3698              	.LVL363:
 3699              	.LBE496:
 3700              	.LBE495:
 3701              	.LBE494:
  90:src/../h/ObjectPool.hpp ****         {
 3702              		.loc 8 90 9
 3703 009c E30005FA 		beqz	a0,.L169
  94:src/../h/ObjectPool.hpp ****         currentPool->nextObjectPool = newPool;
 3704              		.loc 8 94 9
 3705 00a0 23389514 		sd	s1,336(a0)
  95:src/../h/ObjectPool.hpp **** 
 3706              		.loc 8 95 9
 3707 00a4 23B4A414 		sd	a0,328(s1)
  97:src/../h/ObjectPool.hpp ****         newPool->headFreeObject = newPool->headFreeObject->nextFree;
 3708              		.loc 8 97 21
 3709 00a8 83370514 		ld	a5,320(a0)
 3710              	.LVL364:
  98:src/../h/ObjectPool.hpp ****         *addressOfPool = newPool;
 3711              		.loc 8 98 60
 3712 00ac 03B78701 		ld	a4,24(a5)
  98:src/../h/ObjectPool.hpp ****         *addressOfPool = newPool;
 3713              		.loc 8 98 9
 3714 00b0 2330E514 		sd	a4,320(a0)
  99:src/../h/ObjectPool.hpp ****         return &(temp->object);
 3715              		.loc 8 99 9
 3716 00b4 2330A900 		sd	a0,0(s2)
 100:src/../h/ObjectPool.hpp ****     }
 3717              		.loc 8 100 30
 3718 00b8 13850700 		mv	a0,a5
 3719              	.LVL365:
 3720 00bc 6FF01FF8 		j	.L169
 3721              	.LBE493:
 3722              	.LBE498:
 3723              		.cfi_endproc
 3724              	.LFE134:
GAS LISTING /tmp/ccOjCBq0.s 			page 95


 3726              		.text
 3727              		.align	2
 3728              		.globl	_ZN6Kernel16sysSemaphoreOpenEPNS_21ArgumentsOfSystemCallE
 3730              	_ZN6Kernel16sysSemaphoreOpenEPNS_21ArgumentsOfSystemCallE:
 3731              	.LFB105:
 299:src/Kernel.cpp **** {
 3732              		.loc 1 299 1 is_stmt 1
 3733              		.cfi_startproc
 3734              	.LVL366:
 3735 0ff0 130101FD 		addi	sp,sp,-48
 3736              		.cfi_def_cfa_offset 48
 3737 0ff4 23341102 		sd	ra,40(sp)
 3738 0ff8 23308102 		sd	s0,32(sp)
 3739 0ffc 233C9100 		sd	s1,24(sp)
 3740              		.cfi_offset 1, -8
 3741              		.cfi_offset 8, -16
 3742              		.cfi_offset 9, -24
 3743 1000 13040103 		addi	s0,sp,48
 3744              		.cfi_def_cfa 8, 0
 3745 1004 93040500 		mv	s1,a0
 300:src/Kernel.cpp ****     ObjectPool<KSemaphore, KernelConfig::NUM_OF_SEMAPHORES_IN_POOL>* sourcePool;
 3746              		.loc 1 300 5
 301:src/Kernel.cpp ****     KSemaphore* newSemaphore = poolOfSemaphores->mallocObject(&sourcePool);
 3747              		.loc 1 301 5
 301:src/Kernel.cpp ****     KSemaphore* newSemaphore = poolOfSemaphores->mallocObject(&sourcePool);
 3748              		.loc 1 301 62 is_stmt 0
 3749 1008 930584FD 		addi	a1,s0,-40
 3750 100c 17050000 		ld	a0,.LANCHOR0+552
 3750      03350500 
 3751              	.LVL367:
 3752 1014 97000000 		call	_ZN10ObjectPoolI10KSemaphoreLm10EE12mallocObjectEPPS1_
 3752      E7800000 
 3753              	.LVL368:
 302:src/Kernel.cpp ****     if(!newSemaphore)
 3754              		.loc 1 302 5 is_stmt 1
 3755 101c 630A0502 		beqz	a0,.L178
 306:src/Kernel.cpp ****     __asm__ volatile("sd %[ptrSemaphore], 0(%[handle])"::[ptrSemaphore]"r"(newSemaphore), [handle]"
 3756              		.loc 1 306 5
 306:src/Kernel.cpp ****     __asm__ volatile("sd %[ptrSemaphore], 0(%[handle])"::[ptrSemaphore]"r"(newSemaphore), [handle]"
 3757              		.loc 1 306 108 is_stmt 0
 3758 1020 83B70400 		ld	a5,0(s1)
 306:src/Kernel.cpp ****     __asm__ volatile("sd %[ptrSemaphore], 0(%[handle])"::[ptrSemaphore]"r"(newSemaphore), [handle]"
 3759              		.loc 1 306 112
 3760              	#APP
 3761              	# 306 "src/Kernel.cpp" 1
 307:src/Kernel.cpp ****     newSemaphore->initializeSemaphore((unsigned)arg->a1, sourcePool);
 3762              		sd a0, 0(a5)
 3763              	# 0 "" 2
 3764              		.loc 1 307 5 is_stmt 1
 307:src/Kernel.cpp ****     newSemaphore->initializeSemaphore((unsigned)arg->a1, sourcePool);
 3765              		.loc 1 307 38 is_stmt 0
 3766              	#NO_APP
 3767 1028 033684FD 		ld	a2,-40(s0)
 3768 102c 83A58400 		lw	a1,8(s1)
 3769 1030 97000000 		call	_ZN10KSemaphore19initializeSemaphoreEjP10ObjectPoolIS_Lm10EE@plt
 3769      E7800000 
 3770              	.LVL369:
GAS LISTING /tmp/ccOjCBq0.s 			page 96


 308:src/Kernel.cpp ****     return 0;
 3771              		.loc 1 308 12
 3772 1038 13050000 		li	a0,0
 3773              	.L176:
 309:src/Kernel.cpp **** }
 3774              		.loc 1 309 1
 3775 103c 83308102 		ld	ra,40(sp)
 3776              		.cfi_remember_state
 3777              		.cfi_restore 1
 3778 1040 03340102 		ld	s0,32(sp)
 3779              		.cfi_restore 8
 3780              		.cfi_def_cfa 2, 48
 3781 1044 83348101 		ld	s1,24(sp)
 3782              		.cfi_restore 9
 3783              	.LVL370:
 3784 1048 13010103 		addi	sp,sp,48
 3785              		.cfi_def_cfa_offset 0
 3786 104c 67800000 		jr	ra
 3787              	.LVL371:
 3788              	.L178:
 3789              		.cfi_restore_state
 304:src/Kernel.cpp ****         return -1;
 3790              		.loc 1 304 17
 3791 1050 1305F0FF 		li	a0,-1
 3792              	.LVL372:
 3793 1054 6FF09FFE 		j	.L176
 3794              		.cfi_endproc
 3795              	.LFE105:
 3797              		.align	2
 3799              	_GLOBAL__sub_I__ZN6Kernel16systemCallsTableE:
 3800              	.LFB140:
 3801              		.loc 1 387 1 is_stmt 1
 3802              		.cfi_startproc
 3803 1058 130101FF 		addi	sp,sp,-16
 3804              		.cfi_def_cfa_offset 16
 3805 105c 23341100 		sd	ra,8(sp)
 3806 1060 23308100 		sd	s0,0(sp)
 3807              		.cfi_offset 1, -8
 3808              		.cfi_offset 8, -16
 3809 1064 13040101 		addi	s0,sp,16
 3810              		.cfi_def_cfa 8, 0
 3811              		.loc 1 387 1 is_stmt 0
 3812 1068 B7050100 		li	a1,65536
 3813 106c 9385F5FF 		addi	a1,a1,-1
 3814 1070 13051000 		li	a0,1
 3815 1074 97000000 		call	_Z41__static_initialization_and_destruction_0ii
 3815      E7800000 
 3816              	.LVL373:
 3817 107c 83308100 		ld	ra,8(sp)
 3818              		.cfi_restore 1
 3819 1080 03340100 		ld	s0,0(sp)
 3820              		.cfi_restore 8
 3821              		.cfi_def_cfa 2, 16
 3822 1084 13010101 		addi	sp,sp,16
 3823              		.cfi_def_cfa_offset 0
 3824 1088 67800000 		jr	ra
 3825              		.cfi_endproc
GAS LISTING /tmp/ccOjCBq0.s 			page 97


 3826              	.LFE140:
 3828              		.section	.init_array,"aw"
 3829              		.align	3
 3830 0000 00000000 		.dword	_GLOBAL__sub_I__ZN6Kernel16systemCallsTableE
 3830      00000000 
 3831              		.globl	_ZN6Kernel16poolOfSemaphoresE
 3832              		.globl	_ZN6Kernel13poolOfThreadsE
 3833              		.globl	_ZN6Kernel16systemCallsTableE
 3834              		.bss
 3835              		.align	3
 3836              		.set	.LANCHOR0,. + 0
 3839              	_ZN6Kernel20queueOfAsleepThreadsE:
 3840 0000 00000000 		.zero	8
 3840      00000000 
 3843              	_ZN6Kernel16systemCallsTableE:
 3844 0008 00000000 		.zero	536
 3844      00000000 
 3844      00000000 
 3844      00000000 
 3844      00000000 
 3847              	_ZN6Kernel13poolOfThreadsE:
 3848 0220 00000000 		.zero	8
 3848      00000000 
 3851              	_ZN6Kernel16poolOfSemaphoresE:
 3852 0228 00000000 		.zero	8
 3852      00000000 
 3853              		.text
 3854              	.Letext0:
 3855              		.file 11 "src/../h/../lib/hw.h"
 3856              		.file 12 "src/../h/MemoryAllocator.hpp"
 3857              		.file 13 "src/../h/Config.hpp"
GAS LISTING /tmp/ccOjCBq0.s 			page 98


DEFINED SYMBOLS
                            *ABS*:0000000000000000 Kernel.cpp
     /tmp/ccOjCBq0.s:9      .text:0000000000000000 _ZN6Kernel12kernelWorkerEPv
     /tmp/ccOjCBq0.s:13     .text:0000000000000000 .L0 
     /tmp/ccOjCBq0.s:14     .text:0000000000000000 .L0 
     /tmp/ccOjCBq0.s:15     .text:0000000000000004 .L0 
     /tmp/ccOjCBq0.s:17     .text:0000000000000008 .L0 
     /tmp/ccOjCBq0.s:19     .text:000000000000000c .L0 
     /tmp/ccOjCBq0.s:22     .text:000000000000000c .L0 
     /tmp/ccOjCBq0.s:23     .text:000000000000000c .L0 
     /tmp/ccOjCBq0.s:24     .text:0000000000000010 .L0 
     /tmp/ccOjCBq0.s:29     .text:0000000000000010 _ZN13PriorityQueueI3TCBUlPS0_S1_E_E3topEv
     /tmp/ccOjCBq0.s:33     .text:0000000000000010 .L0 
     /tmp/ccOjCBq0.s:35     .text:0000000000000010 .L0 
     /tmp/ccOjCBq0.s:36     .text:0000000000000014 .L0 
     /tmp/ccOjCBq0.s:38     .text:0000000000000018 .L0 
     /tmp/ccOjCBq0.s:40     .text:000000000000001c .L0 
     /tmp/ccOjCBq0.s:42     .text:000000000000001c .L0 
     /tmp/ccOjCBq0.s:45     .text:0000000000000024 .L0 
     /tmp/ccOjCBq0.s:46     .text:0000000000000024 .L0 
     /tmp/ccOjCBq0.s:48     .text:0000000000000028 .L0 
     /tmp/ccOjCBq0.s:50     .text:000000000000002c .L0 
     /tmp/ccOjCBq0.s:55     .text:000000000000002c _ZN13PriorityQueueI3TCBUlPS0_S1_E_E4takeEv
     /tmp/ccOjCBq0.s:58     .text:000000000000002c .L0 
     /tmp/ccOjCBq0.s:60     .text:000000000000002c .L0 
     /tmp/ccOjCBq0.s:61     .text:0000000000000030 .L0 
     /tmp/ccOjCBq0.s:63     .text:0000000000000034 .L0 
     /tmp/ccOjCBq0.s:65     .text:0000000000000038 .L0 
     /tmp/ccOjCBq0.s:68     .text:000000000000003c .L0 
     /tmp/ccOjCBq0.s:74     .text:0000000000000040 .L0 
     /tmp/ccOjCBq0.s:75     .text:0000000000000040 .L0 
     /tmp/ccOjCBq0.s:80     .text:0000000000000044 .L0 
     /tmp/ccOjCBq0.s:82     .text:0000000000000048 .L0 
     /tmp/ccOjCBq0.s:85     .text:000000000000004c .L0 
     /tmp/ccOjCBq0.s:86     .text:0000000000000050 .L0 
     /tmp/ccOjCBq0.s:87     .text:0000000000000050 .L0 
     /tmp/ccOjCBq0.s:88     .text:0000000000000050 .L0 
     /tmp/ccOjCBq0.s:90     .text:0000000000000054 .L0 
     /tmp/ccOjCBq0.s:93     .text:0000000000000058 .L0 
     /tmp/ccOjCBq0.s:95     .text:0000000000000058 .L0 
     /tmp/ccOjCBq0.s:97     .text:000000000000005c .L0 
     /tmp/ccOjCBq0.s:98     .text:0000000000000060 .L0 
     /tmp/ccOjCBq0.s:103    .text:0000000000000060 _ZN13PriorityQueueI3TCBUlPS0_S1_E_E6appendES1_
     /tmp/ccOjCBq0.s:106    .text:0000000000000060 .L0 
     /tmp/ccOjCBq0.s:108    .text:0000000000000060 .L0 
     /tmp/ccOjCBq0.s:109    .text:0000000000000064 .L0 
     /tmp/ccOjCBq0.s:111    .text:0000000000000068 .L0 
     /tmp/ccOjCBq0.s:113    .text:000000000000006c .L0 
     /tmp/ccOjCBq0.s:115    .text:000000000000006c .L0 
     /tmp/ccOjCBq0.s:117    .text:0000000000000070 .L0 
     /tmp/ccOjCBq0.s:120    .text:0000000000000074 .L0 
     /tmp/ccOjCBq0.s:123    .text:0000000000000078 .L0 
     /tmp/ccOjCBq0.s:127    .text:000000000000007c .L0 
     /tmp/ccOjCBq0.s:134    .text:0000000000000080 .L0 
     /tmp/ccOjCBq0.s:135    .text:0000000000000080 .L0 
     /tmp/ccOjCBq0.s:136    .text:0000000000000080 .L0 
     /tmp/ccOjCBq0.s:143    .text:0000000000000084 .L0 
GAS LISTING /tmp/ccOjCBq0.s 			page 99


     /tmp/ccOjCBq0.s:144    .text:0000000000000084 .L0 
     /tmp/ccOjCBq0.s:150    .text:0000000000000088 .L0 
     /tmp/ccOjCBq0.s:153    .text:000000000000008c .L0 
     /tmp/ccOjCBq0.s:154    .text:000000000000008c .L0 
     /tmp/ccOjCBq0.s:155    .text:000000000000008c .L0 
     /tmp/ccOjCBq0.s:160    .text:0000000000000090 .L0 
     /tmp/ccOjCBq0.s:161    .text:0000000000000090 .L0 
     /tmp/ccOjCBq0.s:170    .text:0000000000000094 .L0 
     /tmp/ccOjCBq0.s:171    .text:0000000000000094 .L0 
     /tmp/ccOjCBq0.s:173    .text:0000000000000098 .L0 
     /tmp/ccOjCBq0.s:176    .text:000000000000009c .L0 
     /tmp/ccOjCBq0.s:180    .text:00000000000000a0 .L0 
     /tmp/ccOjCBq0.s:185    .text:00000000000000a8 .L0 
     /tmp/ccOjCBq0.s:187    .text:00000000000000ac .L0 
     /tmp/ccOjCBq0.s:192    .text:00000000000000b0 .L0 
     /tmp/ccOjCBq0.s:193    .text:00000000000000b0 .L0 
     /tmp/ccOjCBq0.s:200    .text:00000000000000b4 .L0 
     /tmp/ccOjCBq0.s:201    .text:00000000000000b4 .L0 
     /tmp/ccOjCBq0.s:208    .text:00000000000000b8 .L0 
     /tmp/ccOjCBq0.s:209    .text:00000000000000b8 .L0 
     /tmp/ccOjCBq0.s:216    .text:00000000000000bc .L0 
     /tmp/ccOjCBq0.s:217    .text:00000000000000bc .L0 
     /tmp/ccOjCBq0.s:222    .text:00000000000000c0 .L0 
     /tmp/ccOjCBq0.s:227    .text:00000000000000c4 .L0 
     /tmp/ccOjCBq0.s:228    .text:00000000000000c4 .L0 
     /tmp/ccOjCBq0.s:234    .text:00000000000000c8 .L0 
     /tmp/ccOjCBq0.s:235    .text:00000000000000cc .L0 
     /tmp/ccOjCBq0.s:236    .text:00000000000000cc .L0 
     /tmp/ccOjCBq0.s:237    .text:00000000000000cc .L0 
     /tmp/ccOjCBq0.s:239    .text:00000000000000d0 .L0 
     /tmp/ccOjCBq0.s:243    .text:00000000000000d4 .L0 
     /tmp/ccOjCBq0.s:247    .text:00000000000000d4 .L0 
     /tmp/ccOjCBq0.s:248    .text:00000000000000d4 .L0 
     /tmp/ccOjCBq0.s:255    .text:00000000000000d8 .L0 
     /tmp/ccOjCBq0.s:256    .text:00000000000000d8 .L0 
     /tmp/ccOjCBq0.s:263    .text:00000000000000dc .L0 
     /tmp/ccOjCBq0.s:264    .text:00000000000000dc .L0 
     /tmp/ccOjCBq0.s:269    .text:00000000000000e0 .L0 
     /tmp/ccOjCBq0.s:274    .text:00000000000000e4 .L0 
     /tmp/ccOjCBq0.s:275    .text:00000000000000e4 .L0 
     /tmp/ccOjCBq0.s:280    .text:00000000000000e8 .L0 
     /tmp/ccOjCBq0.s:282    .text:00000000000000f0 .L0 
     /tmp/ccOjCBq0.s:288    .text:00000000000000f0 _ZN6Kernel9sysMallocEPNS_21ArgumentsOfSystemCallE
     /tmp/ccOjCBq0.s:291    .text:00000000000000f0 .L0 
     /tmp/ccOjCBq0.s:293    .text:00000000000000f0 .L0 
     /tmp/ccOjCBq0.s:294    .text:00000000000000f4 .L0 
     /tmp/ccOjCBq0.s:297    .text:00000000000000fc .L0 
     /tmp/ccOjCBq0.s:298    .text:00000000000000fc .L0 
     /tmp/ccOjCBq0.s:300    .text:0000000000000100 .L0 
     /tmp/ccOjCBq0.s:302    .text:0000000000000100 .L0 
     /tmp/ccOjCBq0.s:303    .text:0000000000000100 .L0 
     /tmp/ccOjCBq0.s:308    .text:000000000000010c .L0 
     /tmp/ccOjCBq0.s:309    .text:0000000000000110 .L0 
     /tmp/ccOjCBq0.s:311    .text:0000000000000114 .L0 
     /tmp/ccOjCBq0.s:312    .text:0000000000000114 .L0 
     /tmp/ccOjCBq0.s:314    .text:0000000000000118 .L0 
     /tmp/ccOjCBq0.s:316    .text:000000000000011c .L0 
GAS LISTING /tmp/ccOjCBq0.s 			page 100


     /tmp/ccOjCBq0.s:321    .text:000000000000011c _ZN13PriorityQueueI3TCBUlPS0_S1_E_EnwEm
     /tmp/ccOjCBq0.s:324    .text:000000000000011c .L0 
     /tmp/ccOjCBq0.s:326    .text:000000000000011c .L0 
     /tmp/ccOjCBq0.s:327    .text:0000000000000120 .L0 
     /tmp/ccOjCBq0.s:330    .text:0000000000000128 .L0 
     /tmp/ccOjCBq0.s:331    .text:0000000000000128 .L0 
     /tmp/ccOjCBq0.s:333    .text:000000000000012c .L0 
     /tmp/ccOjCBq0.s:335    .text:000000000000012c .L0 
     /tmp/ccOjCBq0.s:338    .text:0000000000000130 .L0 
     /tmp/ccOjCBq0.s:341    .text:0000000000000134 .L0 
     /tmp/ccOjCBq0.s:346    .text:000000000000013c .L0 
     /tmp/ccOjCBq0.s:351    .text:0000000000000148 .L0 
     /tmp/ccOjCBq0.s:352    .text:000000000000014c .L0 
     /tmp/ccOjCBq0.s:354    .text:0000000000000150 .L0 
     /tmp/ccOjCBq0.s:355    .text:0000000000000150 .L0 
     /tmp/ccOjCBq0.s:357    .text:0000000000000154 .L0 
     /tmp/ccOjCBq0.s:359    .text:0000000000000158 .L0 
     /tmp/ccOjCBq0.s:364    .text:0000000000000158 _ZN13PriorityQueueI3TCBUlPS0_S1_E_EdlEPv
     /tmp/ccOjCBq0.s:367    .text:0000000000000158 .L0 
     /tmp/ccOjCBq0.s:369    .text:0000000000000158 .L0 
     /tmp/ccOjCBq0.s:370    .text:000000000000015c .L0 
     /tmp/ccOjCBq0.s:373    .text:0000000000000164 .L0 
     /tmp/ccOjCBq0.s:374    .text:0000000000000164 .L0 
     /tmp/ccOjCBq0.s:376    .text:0000000000000168 .L0 
     /tmp/ccOjCBq0.s:378    .text:0000000000000168 .L0 
     /tmp/ccOjCBq0.s:381    .text:0000000000000170 .L0 
     /tmp/ccOjCBq0.s:382    .text:0000000000000174 .L0 
     /tmp/ccOjCBq0.s:384    .text:0000000000000178 .L0 
     /tmp/ccOjCBq0.s:385    .text:0000000000000178 .L0 
     /tmp/ccOjCBq0.s:387    .text:000000000000017c .L0 
     /tmp/ccOjCBq0.s:389    .text:0000000000000180 .L0 
     /tmp/ccOjCBq0.s:395    .text:0000000000000180 _ZN6Kernel7sysFreeEPNS_21ArgumentsOfSystemCallE
     /tmp/ccOjCBq0.s:398    .text:0000000000000180 .L0 
     /tmp/ccOjCBq0.s:400    .text:0000000000000180 .L0 
     /tmp/ccOjCBq0.s:401    .text:0000000000000184 .L0 
     /tmp/ccOjCBq0.s:404    .text:000000000000018c .L0 
     /tmp/ccOjCBq0.s:405    .text:000000000000018c .L0 
     /tmp/ccOjCBq0.s:407    .text:0000000000000190 .L0 
     /tmp/ccOjCBq0.s:409    .text:0000000000000190 .L0 
     /tmp/ccOjCBq0.s:410    .text:0000000000000190 .L0 
     /tmp/ccOjCBq0.s:415    .text:000000000000019c .L0 
     /tmp/ccOjCBq0.s:416    .text:00000000000001a0 .L0 
     /tmp/ccOjCBq0.s:418    .text:00000000000001a4 .L0 
     /tmp/ccOjCBq0.s:419    .text:00000000000001a4 .L0 
     /tmp/ccOjCBq0.s:421    .text:00000000000001a8 .L0 
     /tmp/ccOjCBq0.s:423    .text:00000000000001ac .L0 
     /tmp/ccOjCBq0.s:429    .text:00000000000001ac _ZN6Kernel14sysThreadStartEPNS_21ArgumentsOfSystemCallE
     /tmp/ccOjCBq0.s:432    .text:00000000000001ac .L0 
     /tmp/ccOjCBq0.s:434    .text:00000000000001ac .L0 
     /tmp/ccOjCBq0.s:435    .text:00000000000001b0 .L0 
     /tmp/ccOjCBq0.s:438    .text:00000000000001b8 .L0 
     /tmp/ccOjCBq0.s:439    .text:00000000000001b8 .L0 
     /tmp/ccOjCBq0.s:441    .text:00000000000001bc .L0 
     /tmp/ccOjCBq0.s:443    .text:00000000000001bc .L0 
     /tmp/ccOjCBq0.s:444    .text:00000000000001bc .L0 
     /tmp/ccOjCBq0.s:449    .text:00000000000001c8 .L0 
     /tmp/ccOjCBq0.s:450    .text:00000000000001c8 .L0 
GAS LISTING /tmp/ccOjCBq0.s 			page 101


     /tmp/ccOjCBq0.s:452    .text:00000000000001d0 .L0 
     /tmp/ccOjCBq0.s:454    .text:00000000000001d4 .L0 
     /tmp/ccOjCBq0.s:455    .text:00000000000001d4 .L0 
     /tmp/ccOjCBq0.s:457    .text:00000000000001d8 .L0 
     /tmp/ccOjCBq0.s:459    .text:00000000000001dc .L0 
     /tmp/ccOjCBq0.s:465    .text:00000000000001dc _ZN6Kernel17sysThreadDispatchEPNS_21ArgumentsOfSystemCallE
     /tmp/ccOjCBq0.s:468    .text:00000000000001dc .L0 
     /tmp/ccOjCBq0.s:470    .text:00000000000001dc .L0 
     /tmp/ccOjCBq0.s:471    .text:00000000000001e0 .L0 
     /tmp/ccOjCBq0.s:474    .text:00000000000001e8 .L0 
     /tmp/ccOjCBq0.s:475    .text:00000000000001e8 .L0 
     /tmp/ccOjCBq0.s:477    .text:00000000000001ec .L0 
     /tmp/ccOjCBq0.s:479    .text:00000000000001ec .L0 
     /tmp/ccOjCBq0.s:480    .text:00000000000001ec .L0 
     /tmp/ccOjCBq0.s:483    .text:00000000000001f4 .L0 
     /tmp/ccOjCBq0.s:484    .text:00000000000001f4 .L0 
     /tmp/ccOjCBq0.s:486    .text:00000000000001fc .L0 
     /tmp/ccOjCBq0.s:488    .text:0000000000000200 .L0 
     /tmp/ccOjCBq0.s:489    .text:0000000000000200 .L0 
     /tmp/ccOjCBq0.s:491    .text:0000000000000204 .L0 
     /tmp/ccOjCBq0.s:493    .text:0000000000000208 .L0 
     /tmp/ccOjCBq0.s:499    .text:0000000000000208 _ZN6Kernel15sysGetFreeSpaceEPNS_21ArgumentsOfSystemCallE
     /tmp/ccOjCBq0.s:502    .text:0000000000000208 .L0 
     /tmp/ccOjCBq0.s:504    .text:0000000000000208 .L0 
     /tmp/ccOjCBq0.s:505    .text:000000000000020c .L0 
     /tmp/ccOjCBq0.s:508    .text:0000000000000214 .L0 
     /tmp/ccOjCBq0.s:509    .text:0000000000000214 .L0 
     /tmp/ccOjCBq0.s:511    .text:0000000000000218 .L0 
     /tmp/ccOjCBq0.s:513    .text:0000000000000218 .L0 
     /tmp/ccOjCBq0.s:514    .text:0000000000000218 .L0 
     /tmp/ccOjCBq0.s:517    .text:0000000000000220 .L0 
     /tmp/ccOjCBq0.s:518    .text:0000000000000224 .L0 
     /tmp/ccOjCBq0.s:520    .text:0000000000000228 .L0 
     /tmp/ccOjCBq0.s:521    .text:0000000000000228 .L0 
     /tmp/ccOjCBq0.s:523    .text:000000000000022c .L0 
     /tmp/ccOjCBq0.s:525    .text:0000000000000230 .L0 
     /tmp/ccOjCBq0.s:531    .text:0000000000000230 _ZN6Kernel19sysLargestFreeBlockEPNS_21ArgumentsOfSystemCallE
     /tmp/ccOjCBq0.s:534    .text:0000000000000230 .L0 
     /tmp/ccOjCBq0.s:536    .text:0000000000000230 .L0 
     /tmp/ccOjCBq0.s:537    .text:0000000000000234 .L0 
     /tmp/ccOjCBq0.s:540    .text:000000000000023c .L0 
     /tmp/ccOjCBq0.s:541    .text:000000000000023c .L0 
     /tmp/ccOjCBq0.s:543    .text:0000000000000240 .L0 
     /tmp/ccOjCBq0.s:545    .text:0000000000000240 .L0 
     /tmp/ccOjCBq0.s:546    .text:0000000000000240 .L0 
     /tmp/ccOjCBq0.s:549    .text:0000000000000248 .L0 
     /tmp/ccOjCBq0.s:550    .text:000000000000024c .L0 
     /tmp/ccOjCBq0.s:552    .text:0000000000000250 .L0 
     /tmp/ccOjCBq0.s:553    .text:0000000000000250 .L0 
     /tmp/ccOjCBq0.s:555    .text:0000000000000254 .L0 
     /tmp/ccOjCBq0.s:557    .text:0000000000000258 .L0 
     /tmp/ccOjCBq0.s:563    .text:0000000000000258 _ZN6Kernel13sysThreadExitEPNS_21ArgumentsOfSystemCallE
     /tmp/ccOjCBq0.s:566    .text:0000000000000258 .L0 
     /tmp/ccOjCBq0.s:568    .text:0000000000000258 .L0 
     /tmp/ccOjCBq0.s:569    .text:000000000000025c .L0 
     /tmp/ccOjCBq0.s:572    .text:0000000000000264 .L0 
     /tmp/ccOjCBq0.s:573    .text:0000000000000264 .L0 
GAS LISTING /tmp/ccOjCBq0.s 			page 102


     /tmp/ccOjCBq0.s:575    .text:0000000000000268 .L0 
     /tmp/ccOjCBq0.s:579    .text:0000000000000268 .L0 
     /tmp/ccOjCBq0.s:580    .text:0000000000000268 .L0 
     /tmp/ccOjCBq0.s:581    .text:0000000000000268 .L0 
     /tmp/ccOjCBq0.s:589    .text:0000000000000274 .L0 
     /tmp/ccOjCBq0.s:590    .text:0000000000000274 .L0 
     /tmp/ccOjCBq0.s:596    .text:000000000000027c .L0 
     /tmp/ccOjCBq0.s:600    .text:000000000000027c .L0 
     /tmp/ccOjCBq0.s:601    .text:000000000000027c .L0 
     /tmp/ccOjCBq0.s:602    .text:000000000000027c .L0 
     /tmp/ccOjCBq0.s:607    .text:0000000000000280 .L0 
     /tmp/ccOjCBq0.s:613    .text:0000000000000284 .L0 
     /tmp/ccOjCBq0.s:617    .text:0000000000000284 .L0 
     /tmp/ccOjCBq0.s:618    .text:0000000000000284 .L0 
     /tmp/ccOjCBq0.s:619    .text:0000000000000284 .L0 
     /tmp/ccOjCBq0.s:624    .text:0000000000000298 .L0 
     /tmp/ccOjCBq0.s:625    .text:0000000000000298 .L0 
     /tmp/ccOjCBq0.s:627    .text:00000000000002a0 .L0 
     /tmp/ccOjCBq0.s:628    .text:00000000000002a0 .L0 
     /tmp/ccOjCBq0.s:630    .text:00000000000002a4 .L0 
     /tmp/ccOjCBq0.s:631    .text:00000000000002a4 .L0 
     /tmp/ccOjCBq0.s:633    .text:00000000000002a8 .L0 
     /tmp/ccOjCBq0.s:636    .text:00000000000002ac .L0 
     /tmp/ccOjCBq0.s:642    .text:00000000000002ac .L0 
     /tmp/ccOjCBq0.s:644    .text:00000000000002ac .L0 
     /tmp/ccOjCBq0.s:647    .text:00000000000002ac .L0 
     /tmp/ccOjCBq0.s:650    .text:00000000000002ac .L0 
     /tmp/ccOjCBq0.s:653    .text:00000000000002ac .L0 
     /tmp/ccOjCBq0.s:654    .text:00000000000002ac .L0 
     /tmp/ccOjCBq0.s:659    .text:00000000000002b8 .L0 
     /tmp/ccOjCBq0.s:665    .text:00000000000002b8 _ZN6Kernel12sysTimeSleepEPNS_21ArgumentsOfSystemCallE
     /tmp/ccOjCBq0.s:668    .text:00000000000002b8 .L0 
     /tmp/ccOjCBq0.s:670    .text:00000000000002b8 .L0 
     /tmp/ccOjCBq0.s:671    .text:00000000000002bc .L0 
     /tmp/ccOjCBq0.s:676    .text:00000000000002cc .L0 
     /tmp/ccOjCBq0.s:677    .text:00000000000002cc .L0 
     /tmp/ccOjCBq0.s:678    .text:00000000000002cc .L0 
     /tmp/ccOjCBq0.s:679    .text:00000000000002cc .L0 
     /tmp/ccOjCBq0.s:681    .text:00000000000002d0 .L0 
     /tmp/ccOjCBq0.s:685    .text:00000000000002d0 .L0 
     /tmp/ccOjCBq0.s:686    .text:00000000000002d0 .L0 
     /tmp/ccOjCBq0.s:687    .text:00000000000002d0 .L0 
     /tmp/ccOjCBq0.s:695    .text:00000000000002dc .L0 
     /tmp/ccOjCBq0.s:696    .text:00000000000002dc .L0 
     /tmp/ccOjCBq0.s:697    .text:00000000000002dc .L0 
     /tmp/ccOjCBq0.s:702    .text:00000000000002e0 .L0 
     /tmp/ccOjCBq0.s:703    .text:00000000000002e0 .L0 
     /tmp/ccOjCBq0.s:708    .text:00000000000002e4 .L0 
     /tmp/ccOjCBq0.s:709    .text:00000000000002e4 .L0 
     /tmp/ccOjCBq0.s:714    .text:00000000000002e8 .L0 
     /tmp/ccOjCBq0.s:715    .text:00000000000002e8 .L0 
     /tmp/ccOjCBq0.s:721    .text:00000000000002fc .L0 
     /tmp/ccOjCBq0.s:722    .text:00000000000002fc .L0 
     /tmp/ccOjCBq0.s:727    .text:0000000000000304 .L0 
     /tmp/ccOjCBq0.s:728    .text:0000000000000304 .L0 
     /tmp/ccOjCBq0.s:735    .text:0000000000000308 .L0 
     /tmp/ccOjCBq0.s:738    .text:0000000000000308 .L0 
GAS LISTING /tmp/ccOjCBq0.s 			page 103


     /tmp/ccOjCBq0.s:741    .text:0000000000000308 .L0 
     /tmp/ccOjCBq0.s:744    .text:0000000000000308 .L0 
     /tmp/ccOjCBq0.s:745    .text:0000000000000308 .L0 
     /tmp/ccOjCBq0.s:750    .text:0000000000000318 .L0 
     /tmp/ccOjCBq0.s:751    .text:0000000000000318 .L0 
     /tmp/ccOjCBq0.s:753    .text:0000000000000320 .L0 
     /tmp/ccOjCBq0.s:755    .text:0000000000000324 .L0 
     /tmp/ccOjCBq0.s:756    .text:0000000000000324 .L0 
     /tmp/ccOjCBq0.s:758    .text:0000000000000328 .L0 
     /tmp/ccOjCBq0.s:761    .text:000000000000032c .L0 
     /tmp/ccOjCBq0.s:763    .text:0000000000000330 .L0 
     /tmp/ccOjCBq0.s:765    .text:0000000000000334 .L0 
     /tmp/ccOjCBq0.s:771    .text:0000000000000334 _ZN6Kernel16sysSemaphoreWaitEPNS_21ArgumentsOfSystemCallE
     /tmp/ccOjCBq0.s:774    .text:0000000000000334 .L0 
     /tmp/ccOjCBq0.s:776    .text:0000000000000334 .L0 
     /tmp/ccOjCBq0.s:777    .text:0000000000000338 .L0 
     /tmp/ccOjCBq0.s:780    .text:0000000000000340 .L0 
     /tmp/ccOjCBq0.s:781    .text:0000000000000340 .L0 
     /tmp/ccOjCBq0.s:783    .text:0000000000000344 .L0 
     /tmp/ccOjCBq0.s:786    .text:0000000000000344 .L0 
     /tmp/ccOjCBq0.s:787    .text:0000000000000344 .L0 
     /tmp/ccOjCBq0.s:788    .text:0000000000000344 .L0 
     /tmp/ccOjCBq0.s:793    .text:0000000000000350 .L0 
     /tmp/ccOjCBq0.s:794    .text:0000000000000354 .L0 
     /tmp/ccOjCBq0.s:796    .text:0000000000000358 .L0 
     /tmp/ccOjCBq0.s:797    .text:0000000000000358 .L0 
     /tmp/ccOjCBq0.s:799    .text:000000000000035c .L0 
     /tmp/ccOjCBq0.s:801    .text:0000000000000360 .L0 
     /tmp/ccOjCBq0.s:807    .text:0000000000000360 _ZN6Kernel18sysSemaphoreSignalEPNS_21ArgumentsOfSystemCallE
     /tmp/ccOjCBq0.s:810    .text:0000000000000360 .L0 
     /tmp/ccOjCBq0.s:812    .text:0000000000000360 .L0 
     /tmp/ccOjCBq0.s:813    .text:0000000000000364 .L0 
     /tmp/ccOjCBq0.s:816    .text:000000000000036c .L0 
     /tmp/ccOjCBq0.s:817    .text:000000000000036c .L0 
     /tmp/ccOjCBq0.s:819    .text:0000000000000370 .L0 
     /tmp/ccOjCBq0.s:822    .text:0000000000000370 .L0 
     /tmp/ccOjCBq0.s:823    .text:0000000000000370 .L0 
     /tmp/ccOjCBq0.s:824    .text:0000000000000370 .L0 
     /tmp/ccOjCBq0.s:829    .text:000000000000037c .L0 
     /tmp/ccOjCBq0.s:830    .text:0000000000000380 .L0 
     /tmp/ccOjCBq0.s:832    .text:0000000000000384 .L0 
     /tmp/ccOjCBq0.s:833    .text:0000000000000384 .L0 
     /tmp/ccOjCBq0.s:835    .text:0000000000000388 .L0 
     /tmp/ccOjCBq0.s:837    .text:000000000000038c .L0 
     /tmp/ccOjCBq0.s:843    .text:000000000000038c _ZN6Kernel19initializeArgumentsEPNS_21ArgumentsOfSystemCallEm
     /tmp/ccOjCBq0.s:846    .text:000000000000038c .L0 
     /tmp/ccOjCBq0.s:848    .text:000000000000038c .L0 
     /tmp/ccOjCBq0.s:849    .text:0000000000000390 .L0 
     /tmp/ccOjCBq0.s:851    .text:0000000000000394 .L0 
     /tmp/ccOjCBq0.s:853    .text:0000000000000398 .L0 
     /tmp/ccOjCBq0.s:855    .text:0000000000000398 .L0 
      src/Kernel.cpp:88     .text:0000000000000398 .L0 
     /tmp/ccOjCBq0.s:863    .text:00000000000003a0 .L0 
      src/Kernel.cpp:89     .text:00000000000003a0 .L0 
     /tmp/ccOjCBq0.s:871    .text:00000000000003a8 .L0 
      src/Kernel.cpp:90     .text:00000000000003a8 .L0 
     /tmp/ccOjCBq0.s:879    .text:00000000000003b0 .L0 
GAS LISTING /tmp/ccOjCBq0.s 			page 104


      src/Kernel.cpp:91     .text:00000000000003b0 .L0 
     /tmp/ccOjCBq0.s:887    .text:00000000000003b8 .L0 
      src/Kernel.cpp:92     .text:00000000000003b8 .L0 
     /tmp/ccOjCBq0.s:895    .text:00000000000003c0 .L0 
      src/Kernel.cpp:93     .text:00000000000003c0 .L0 
     /tmp/ccOjCBq0.s:903    .text:00000000000003c8 .L0 
      src/Kernel.cpp:94     .text:00000000000003c8 .L0 
     /tmp/ccOjCBq0.s:912    .text:00000000000003d0 .L0 
     /tmp/ccOjCBq0.s:913    .text:00000000000003d4 .L0 
     /tmp/ccOjCBq0.s:914    .text:00000000000003d4 .L0 
     /tmp/ccOjCBq0.s:916    .text:00000000000003d8 .L0 
     /tmp/ccOjCBq0.s:918    .text:00000000000003dc .L0 
     /tmp/ccOjCBq0.s:924    .text:00000000000003dc _ZN6Kernel17mallocSystemStackEm
     /tmp/ccOjCBq0.s:927    .text:00000000000003dc .L0 
     /tmp/ccOjCBq0.s:929    .text:00000000000003dc .L0 
     /tmp/ccOjCBq0.s:930    .text:00000000000003e0 .L0 
     /tmp/ccOjCBq0.s:933    .text:00000000000003e8 .L0 
     /tmp/ccOjCBq0.s:934    .text:00000000000003e8 .L0 
     /tmp/ccOjCBq0.s:936    .text:00000000000003ec .L0 
     /tmp/ccOjCBq0.s:938    .text:00000000000003ec .L0 
     /tmp/ccOjCBq0.s:939    .text:00000000000003ec .L0 
     /tmp/ccOjCBq0.s:942    .text:00000000000003f0 .L0 
     /tmp/ccOjCBq0.s:943    .text:00000000000003f0 .L0 
     /tmp/ccOjCBq0.s:946    .text:00000000000003f4 .L0 
     /tmp/ccOjCBq0.s:951    .text:00000000000003fc .L0 
     /tmp/ccOjCBq0.s:952    .text:00000000000003fc .L0 
     /tmp/ccOjCBq0.s:957    .text:0000000000000408 .L0 
     /tmp/ccOjCBq0.s:958    .text:0000000000000408 .L0 
     /tmp/ccOjCBq0.s:961    .text:0000000000000410 .L0 
     /tmp/ccOjCBq0.s:963    .text:0000000000000414 .L0 
     /tmp/ccOjCBq0.s:964    .text:0000000000000414 .L0 
     /tmp/ccOjCBq0.s:966    .text:0000000000000418 .L0 
     /tmp/ccOjCBq0.s:968    .text:000000000000041c .L0 
     /tmp/ccOjCBq0.s:974    .text:000000000000041c _ZN6Kernel13wakeUpThreadsEv
     /tmp/ccOjCBq0.s:977    .text:000000000000041c .L0 
     /tmp/ccOjCBq0.s:978    .text:000000000000041c .L0 
     /tmp/ccOjCBq0.s:979    .text:0000000000000420 .L0 
     /tmp/ccOjCBq0.s:983    .text:000000000000042c .L0 
     /tmp/ccOjCBq0.s:984    .text:000000000000042c .L0 
     /tmp/ccOjCBq0.s:985    .text:000000000000042c .L0 
     /tmp/ccOjCBq0.s:987    .text:0000000000000430 .L0 
     /tmp/ccOjCBq0.s:989    .text:0000000000000430 .L0 
     /tmp/ccOjCBq0.s:990    .text:0000000000000430 .L0 
     /tmp/ccOjCBq0.s:996    .text:0000000000000440 .L0 
     /tmp/ccOjCBq0.s:998    .text:0000000000000444 .L0 
     /tmp/ccOjCBq0.s:1005   .text:000000000000044c .L0 
     /tmp/ccOjCBq0.s:1006   .text:000000000000044c .L0 
     /tmp/ccOjCBq0.s:1007   .text:000000000000044c .L0 
     /tmp/ccOjCBq0.s:1014   .text:0000000000000460 .L0 
     /tmp/ccOjCBq0.s:1015   .text:0000000000000460 .L0 
     /tmp/ccOjCBq0.s:1020   .text:0000000000000464 .L0 
     /tmp/ccOjCBq0.s:1023   .text:0000000000000468 .L0 
     /tmp/ccOjCBq0.s:1024   .text:0000000000000468 .L0 
     /tmp/ccOjCBq0.s:1030   .text:0000000000000474 .L0 
     /tmp/ccOjCBq0.s:1031   .text:0000000000000474 .L0 
     /tmp/ccOjCBq0.s:1032   .text:0000000000000474 .L0 
     /tmp/ccOjCBq0.s:1037   .text:0000000000000478 .L0 
GAS LISTING /tmp/ccOjCBq0.s 			page 105


     /tmp/ccOjCBq0.s:1038   .text:0000000000000478 .L0 
     /tmp/ccOjCBq0.s:1042   .text:0000000000000480 .L0 
     /tmp/ccOjCBq0.s:1045   .text:0000000000000484 .L0 
     /tmp/ccOjCBq0.s:1046   .text:0000000000000488 .L0 
     /tmp/ccOjCBq0.s:1048   .text:000000000000048c .L0 
     /tmp/ccOjCBq0.s:1049   .text:000000000000048c .L0 
     /tmp/ccOjCBq0.s:1051   .text:0000000000000490 .L0 
     /tmp/ccOjCBq0.s:1053   .text:0000000000000494 .L0 
     /tmp/ccOjCBq0.s:1055   .text:0000000000000498 .L0 
     /tmp/ccOjCBq0.s:1061   .text:0000000000000498 _ZN6Kernel21initializeSystemCallsEv
     /tmp/ccOjCBq0.s:1064   .text:0000000000000498 .L0 
     /tmp/ccOjCBq0.s:1065   .text:0000000000000498 .L0 
     /tmp/ccOjCBq0.s:1066   .text:000000000000049c .L0 
     /tmp/ccOjCBq0.s:1068   .text:00000000000004a0 .L0 
     /tmp/ccOjCBq0.s:1070   .text:00000000000004a4 .L0 
     /tmp/ccOjCBq0.s:1072   .text:00000000000004a4 .L0 
     /tmp/ccOjCBq0.s:1073   .text:00000000000004a4 .L0 
     /tmp/ccOjCBq0.s:1077   .text:00000000000004b8 .L0 
     /tmp/ccOjCBq0.s:1078   .text:00000000000004b8 .L0 
     /tmp/ccOjCBq0.s:1081   .text:00000000000004c4 .L0 
     /tmp/ccOjCBq0.s:1082   .text:00000000000004c4 .L0 
     /tmp/ccOjCBq0.s:1085   .text:00000000000004d0 .L0 
     /tmp/ccOjCBq0.s:1086   .text:00000000000004d0 .L0 
     /tmp/ccOjCBq0.s:1089   .text:00000000000004dc .L0 
     /tmp/ccOjCBq0.s:3467   .text:0000000000000f58 _ZN6Kernel15sysThreadCreateEPNS_21ArgumentsOfSystemCallE
     /tmp/ccOjCBq0.s:1090   .text:00000000000004dc .L0 
     /tmp/ccOjCBq0.s:1093   .text:00000000000004e8 .L0 
     /tmp/ccOjCBq0.s:1094   .text:00000000000004e8 .L0 
     /tmp/ccOjCBq0.s:1097   .text:00000000000004f4 .L0 
     /tmp/ccOjCBq0.s:1098   .text:00000000000004f4 .L0 
     /tmp/ccOjCBq0.s:1101   .text:0000000000000500 .L0 
     /tmp/ccOjCBq0.s:1102   .text:0000000000000500 .L0 
     /tmp/ccOjCBq0.s:1105   .text:000000000000050c .L0 
     /tmp/ccOjCBq0.s:2503   .text:0000000000000ab8 _ZN6Kernel13sysThreadJoinEPNS_21ArgumentsOfSystemCallE
     /tmp/ccOjCBq0.s:1106   .text:000000000000050c .L0 
     /tmp/ccOjCBq0.s:1109   .text:0000000000000518 .L0 
     /tmp/ccOjCBq0.s:3730   .text:0000000000000ff0 _ZN6Kernel16sysSemaphoreOpenEPNS_21ArgumentsOfSystemCallE
     /tmp/ccOjCBq0.s:1110   .text:0000000000000518 .L0 
     /tmp/ccOjCBq0.s:1113   .text:0000000000000524 .L0 
     /tmp/ccOjCBq0.s:2697   .text:0000000000000b74 _ZN6Kernel17sysSemaphoreCloseEPNS_21ArgumentsOfSystemCallE
     /tmp/ccOjCBq0.s:1114   .text:0000000000000524 .L0 
     /tmp/ccOjCBq0.s:1117   .text:0000000000000530 .L0 
     /tmp/ccOjCBq0.s:1118   .text:0000000000000530 .L0 
     /tmp/ccOjCBq0.s:1121   .text:000000000000053c .L0 
     /tmp/ccOjCBq0.s:1122   .text:000000000000053c .L0 
     /tmp/ccOjCBq0.s:1125   .text:0000000000000548 .L0 
     /tmp/ccOjCBq0.s:1126   .text:0000000000000548 .L0 
     /tmp/ccOjCBq0.s:1129   .text:0000000000000554 .L0 
     /tmp/ccOjCBq0.s:1180   .text:0000000000000578 _ZN6Kernel7sysGetcEPNS_21ArgumentsOfSystemCallE
     /tmp/ccOjCBq0.s:1130   .text:0000000000000554 .L0 
     /tmp/ccOjCBq0.s:1133   .text:0000000000000560 .L0 
     /tmp/ccOjCBq0.s:1884   .text:000000000000082c _ZN6Kernel7sysPutcEPNS_21ArgumentsOfSystemCallE
     /tmp/ccOjCBq0.s:1134   .text:0000000000000560 .L0 
     /tmp/ccOjCBq0.s:1137   .text:000000000000056c .L0 
     /tmp/ccOjCBq0.s:1138   .text:0000000000000570 .L0 
     /tmp/ccOjCBq0.s:1139   .text:0000000000000570 .L0 
     /tmp/ccOjCBq0.s:1141   .text:0000000000000574 .L0 
GAS LISTING /tmp/ccOjCBq0.s 			page 106


     /tmp/ccOjCBq0.s:1143   .text:0000000000000578 .L0 
     /tmp/ccOjCBq0.s:1150   .text._ZNK6BufferIcLm100EE13isBufferEmptyEv:0000000000000000 _ZNK6BufferIcLm100EE13isBufferEmptyEv
     /tmp/ccOjCBq0.s:1154   .text._ZNK6BufferIcLm100EE13isBufferEmptyEv:0000000000000000 .L0 
     /tmp/ccOjCBq0.s:1156   .text._ZNK6BufferIcLm100EE13isBufferEmptyEv:0000000000000000 .L0 
     /tmp/ccOjCBq0.s:1157   .text._ZNK6BufferIcLm100EE13isBufferEmptyEv:0000000000000004 .L0 
     /tmp/ccOjCBq0.s:1159   .text._ZNK6BufferIcLm100EE13isBufferEmptyEv:0000000000000008 .L0 
     /tmp/ccOjCBq0.s:1161   .text._ZNK6BufferIcLm100EE13isBufferEmptyEv:000000000000000c .L0 
     /tmp/ccOjCBq0.s:1163   .text._ZNK6BufferIcLm100EE13isBufferEmptyEv:000000000000000c .L0 
     /tmp/ccOjCBq0.s:1166   .text._ZNK6BufferIcLm100EE13isBufferEmptyEv:0000000000000010 .L0 
     /tmp/ccOjCBq0.s:1168   .text._ZNK6BufferIcLm100EE13isBufferEmptyEv:0000000000000018 .L0 
     /tmp/ccOjCBq0.s:1169   .text._ZNK6BufferIcLm100EE13isBufferEmptyEv:0000000000000018 .L0 
     /tmp/ccOjCBq0.s:1171   .text._ZNK6BufferIcLm100EE13isBufferEmptyEv:000000000000001c .L0 
     /tmp/ccOjCBq0.s:1173   .text._ZNK6BufferIcLm100EE13isBufferEmptyEv:0000000000000020 .L0 
     /tmp/ccOjCBq0.s:1183   .text:0000000000000578 .L0 
     /tmp/ccOjCBq0.s:1185   .text:0000000000000578 .L0 
     /tmp/ccOjCBq0.s:1186   .text:000000000000057c .L0 
     /tmp/ccOjCBq0.s:1191   .text:000000000000058c .L0 
     /tmp/ccOjCBq0.s:1192   .text:000000000000058c .L0 
     /tmp/ccOjCBq0.s:1193   .text:000000000000058c .L0 
     /tmp/ccOjCBq0.s:1194   .text:000000000000058c .L0 
     /tmp/ccOjCBq0.s:1196   .text:0000000000000590 .L0 
     /tmp/ccOjCBq0.s:1202   .text:0000000000000590 .L0 
     /tmp/ccOjCBq0.s:1203   .text:0000000000000590 .L0 
     /tmp/ccOjCBq0.s:1204   .text:0000000000000590 .L0 
     /tmp/ccOjCBq0.s:1212   .text:00000000000005a4 .L0 
     /tmp/ccOjCBq0.s:1216   .text:00000000000005a8 .L0 
     /tmp/ccOjCBq0.s:1217   .text:00000000000005a8 .L0 
     /tmp/ccOjCBq0.s:1220   .text:00000000000005b0 .L0 
     /tmp/ccOjCBq0.s:1221   .text:00000000000005b4 .L0 
     /tmp/ccOjCBq0.s:1222   .text:00000000000005b4 .L0 
     /tmp/ccOjCBq0.s:1224   .text:00000000000005b8 .L0 
     /tmp/ccOjCBq0.s:1225   .text:00000000000005b8 .L0 
     /tmp/ccOjCBq0.s:1227   .text:00000000000005bc .L0 
     /tmp/ccOjCBq0.s:1229   .text:00000000000005c0 .L0 
     /tmp/ccOjCBq0.s:1231   .text:00000000000005c4 .L0 
     /tmp/ccOjCBq0.s:1234   .text:00000000000005c8 .L0 
     /tmp/ccOjCBq0.s:1240   .text:00000000000005c8 .L0 
     /tmp/ccOjCBq0.s:1241   .text:00000000000005c8 .L0 
     /tmp/ccOjCBq0.s:1242   .text:00000000000005c8 .L0 
     /tmp/ccOjCBq0.s:1248   .text:00000000000005d4 .L0 
     /tmp/ccOjCBq0.s:1249   .text:00000000000005d4 .L0 
     /tmp/ccOjCBq0.s:1254   .text:00000000000005dc .L0 
     /tmp/ccOjCBq0.s:1255   .text:00000000000005dc .L0 
     /tmp/ccOjCBq0.s:1262   .text:00000000000005e0 .L0 
     /tmp/ccOjCBq0.s:1263   .text:00000000000005e0 .L0 
     /tmp/ccOjCBq0.s:1264   .text:00000000000005e0 .L0 
     /tmp/ccOjCBq0.s:1269   .text:00000000000005e4 .L0 
     /tmp/ccOjCBq0.s:1270   .text:00000000000005e4 .L0 
     /tmp/ccOjCBq0.s:1276   .text:00000000000005f0 .L0 
     /tmp/ccOjCBq0.s:1281   .text:00000000000005f0 .L0 
     /tmp/ccOjCBq0.s:1282   .text:00000000000005f0 .L0 
     /tmp/ccOjCBq0.s:1283   .text:00000000000005f0 .L0 
     /tmp/ccOjCBq0.s:1292   .text:00000000000005f4 .L0 
     /tmp/ccOjCBq0.s:1293   .text:00000000000005f4 .L0 
     /tmp/ccOjCBq0.s:1300   .text:0000000000000608 .L0 
     /tmp/ccOjCBq0.s:1307   .text._ZNK6BufferIcLm100EE12isBufferFullEv:0000000000000000 _ZNK6BufferIcLm100EE12isBufferFullEv
     /tmp/ccOjCBq0.s:1310   .text._ZNK6BufferIcLm100EE12isBufferFullEv:0000000000000000 .L0 
GAS LISTING /tmp/ccOjCBq0.s 			page 107


     /tmp/ccOjCBq0.s:1312   .text._ZNK6BufferIcLm100EE12isBufferFullEv:0000000000000000 .L0 
     /tmp/ccOjCBq0.s:1313   .text._ZNK6BufferIcLm100EE12isBufferFullEv:0000000000000004 .L0 
     /tmp/ccOjCBq0.s:1315   .text._ZNK6BufferIcLm100EE12isBufferFullEv:0000000000000008 .L0 
     /tmp/ccOjCBq0.s:1317   .text._ZNK6BufferIcLm100EE12isBufferFullEv:000000000000000c .L0 
     /tmp/ccOjCBq0.s:1319   .text._ZNK6BufferIcLm100EE12isBufferFullEv:000000000000000c .L0 
     /tmp/ccOjCBq0.s:1322   .text._ZNK6BufferIcLm100EE12isBufferFullEv:0000000000000010 .L0 
     /tmp/ccOjCBq0.s:1324   .text._ZNK6BufferIcLm100EE12isBufferFullEv:0000000000000014 .L0 
     /tmp/ccOjCBq0.s:1326   .text._ZNK6BufferIcLm100EE12isBufferFullEv:000000000000001c .L0 
     /tmp/ccOjCBq0.s:1327   .text._ZNK6BufferIcLm100EE12isBufferFullEv:000000000000001c .L0 
     /tmp/ccOjCBq0.s:1329   .text._ZNK6BufferIcLm100EE12isBufferFullEv:0000000000000020 .L0 
     /tmp/ccOjCBq0.s:1331   .text._ZNK6BufferIcLm100EE12isBufferFullEv:0000000000000024 .L0 
     /tmp/ccOjCBq0.s:1338   .text:0000000000000608 _ZN6Kernel16interruptHandlerEv
     /tmp/ccOjCBq0.s:1341   .text:0000000000000608 .L0 
     /tmp/ccOjCBq0.s:1342   .text:0000000000000608 .L0 
     /tmp/ccOjCBq0.s:1343   .text:000000000000060c .L0 
     /tmp/ccOjCBq0.s:1350   .text:0000000000000624 .L0 
     /tmp/ccOjCBq0.s:1351   .text:0000000000000624 .L0 
     /tmp/ccOjCBq0.s:1352   .text:0000000000000624 .L0 
     /tmp/ccOjCBq0.s:1353   .text:0000000000000624 .L0 
     /tmp/ccOjCBq0.s:1354   .text:0000000000000624 .L0 
     /tmp/ccOjCBq0.s:1355   .text:0000000000000624 .L0 
     /tmp/ccOjCBq0.s:1357   .text:0000000000000628 .L0 
     /tmp/ccOjCBq0.s:1359   .text:0000000000000628 .L0 
     /tmp/ccOjCBq0.s:1360   .text:0000000000000628 .L0 
      src/Kernel.cpp:120    .text:0000000000000628 .L0 
     /tmp/ccOjCBq0.s:1371   .text:0000000000000630 .L0 
     /tmp/ccOjCBq0.s:1372   .text:0000000000000630 .L0 
     /tmp/ccOjCBq0.s:1373   .text:0000000000000630 .L0 
src/../h/Machine.hpp:48     .text:0000000000000630 .L0 
     /tmp/ccOjCBq0.s:1383   .text:0000000000000634 .L0 
     /tmp/ccOjCBq0.s:1385   .text:0000000000000634 .L0 
     /tmp/ccOjCBq0.s:1399   .text:0000000000000660 .L0 
     /tmp/ccOjCBq0.s:1400   .text:0000000000000660 .L0 
     /tmp/ccOjCBq0.s:1403   .text:0000000000000660 .L0 
     /tmp/ccOjCBq0.s:1407   .text:0000000000000660 .L0 
     /tmp/ccOjCBq0.s:1408   .text:0000000000000660 .L0 
     /tmp/ccOjCBq0.s:1409   .text:0000000000000660 .L0 
     /tmp/ccOjCBq0.s:1422   .text:0000000000000668 .L0 
     /tmp/ccOjCBq0.s:1423   .text:0000000000000668 .L0 
     /tmp/ccOjCBq0.s:1424   .text:0000000000000668 .L0 
src/../h/Machine.hpp:74     .text:0000000000000668 .L0 
     /tmp/ccOjCBq0.s:1434   .text:000000000000066c .L0 
     /tmp/ccOjCBq0.s:1435   .text:000000000000066c .L0 
     /tmp/ccOjCBq0.s:1440   .text:0000000000000670 .L0 
     /tmp/ccOjCBq0.s:1441   .text:0000000000000670 .L0 
     /tmp/ccOjCBq0.s:1442   .text:0000000000000670 .L0 
src/../h/Machine.hpp:84     .text:0000000000000670 .L0 
     /tmp/ccOjCBq0.s:1452   .text:0000000000000674 .L0 
     /tmp/ccOjCBq0.s:1453   .text:0000000000000674 .L0 
     /tmp/ccOjCBq0.s:1454   .text:0000000000000674 .L0 
     /tmp/ccOjCBq0.s:1455   .text:0000000000000674 .L0 
      src/Kernel.cpp:137    .text:0000000000000678 .L0 
     /tmp/ccOjCBq0.s:1463   .text:000000000000067c .L0 
     /tmp/ccOjCBq0.s:1464   .text:000000000000067c .L0 
     /tmp/ccOjCBq0.s:1466   .text:000000000000067c .L0 
     /tmp/ccOjCBq0.s:1472   .text:0000000000000690 .L0 
     /tmp/ccOjCBq0.s:1473   .text:0000000000000690 .L0 
GAS LISTING /tmp/ccOjCBq0.s 			page 108


     /tmp/ccOjCBq0.s:1479   .text:00000000000006a4 .L0 
     /tmp/ccOjCBq0.s:1483   .text:00000000000006ac .L0 
     /tmp/ccOjCBq0.s:1484   .text:00000000000006ac .L0 
      src/Kernel.cpp:143    .text:00000000000006b0 .L0 
     /tmp/ccOjCBq0.s:1491   .text:00000000000006b4 .L0 
     /tmp/ccOjCBq0.s:1493   .text:00000000000006b4 .L0 
     /tmp/ccOjCBq0.s:1498   .text:00000000000006bc .L0 
     /tmp/ccOjCBq0.s:1499   .text:00000000000006bc .L0 
src/../h/Machine.hpp:69     .text:00000000000006bc .L0 
     /tmp/ccOjCBq0.s:1511   .text:00000000000006c0 .L0 
     /tmp/ccOjCBq0.s:1512   .text:00000000000006c0 .L0 
src/../h/Machine.hpp:79     .text:00000000000006c0 .L0 
     /tmp/ccOjCBq0.s:1525   .text:00000000000006c4 .L0 
     /tmp/ccOjCBq0.s:1526   .text:00000000000006c4 .L0 
     /tmp/ccOjCBq0.s:1527   .text:00000000000006c8 .L0 
     /tmp/ccOjCBq0.s:1528   .text:00000000000006c8 .L0 
     /tmp/ccOjCBq0.s:1530   .text:00000000000006cc .L0 
     /tmp/ccOjCBq0.s:1531   .text:00000000000006cc .L0 
     /tmp/ccOjCBq0.s:1533   .text:00000000000006d0 .L0 
     /tmp/ccOjCBq0.s:1535   .text:00000000000006d4 .L0 
     /tmp/ccOjCBq0.s:1537   .text:00000000000006d8 .L0 
     /tmp/ccOjCBq0.s:1539   .text:00000000000006dc .L0 
     /tmp/ccOjCBq0.s:1541   .text:00000000000006e0 .L0 
     /tmp/ccOjCBq0.s:1545   .text:00000000000006e4 .L0 
     /tmp/ccOjCBq0.s:1548   .text:00000000000006e4 .L0 
     /tmp/ccOjCBq0.s:1554   .text:00000000000006f4 .L0 
     /tmp/ccOjCBq0.s:1557   .text:00000000000006f4 .L0 
     /tmp/ccOjCBq0.s:1561   .text:00000000000006f4 .L0 
     /tmp/ccOjCBq0.s:1562   .text:00000000000006f4 .L0 
     /tmp/ccOjCBq0.s:1563   .text:00000000000006f4 .L0 
     /tmp/ccOjCBq0.s:1576   .text:00000000000006fc .L0 
     /tmp/ccOjCBq0.s:1577   .text:00000000000006fc .L0 
     /tmp/ccOjCBq0.s:1578   .text:00000000000006fc .L0 
src/../h/Machine.hpp:74     .text:00000000000006fc .L0 
     /tmp/ccOjCBq0.s:1588   .text:0000000000000700 .L0 
     /tmp/ccOjCBq0.s:1589   .text:0000000000000700 .L0 
     /tmp/ccOjCBq0.s:1594   .text:0000000000000704 .L0 
     /tmp/ccOjCBq0.s:1595   .text:0000000000000704 .L0 
     /tmp/ccOjCBq0.s:1596   .text:0000000000000704 .L0 
src/../h/Machine.hpp:84     .text:0000000000000704 .L0 
     /tmp/ccOjCBq0.s:1606   .text:0000000000000708 .L0 
     /tmp/ccOjCBq0.s:1607   .text:0000000000000708 .L0 
     /tmp/ccOjCBq0.s:1608   .text:0000000000000708 .L0 
     /tmp/ccOjCBq0.s:1613   .text:0000000000000714 .L0 
     /tmp/ccOjCBq0.s:1614   .text:0000000000000714 .L0 
     /tmp/ccOjCBq0.s:1615   .text:0000000000000714 .L0 
      src/Kernel.cpp:181    .text:0000000000000720 .L0 
     /tmp/ccOjCBq0.s:1626   .text:0000000000000728 .L0 
     /tmp/ccOjCBq0.s:1632   .text:0000000000000730 .L0 
     /tmp/ccOjCBq0.s:1633   .text:0000000000000730 .L0 
     /tmp/ccOjCBq0.s:1634   .text:0000000000000730 .L0 
     /tmp/ccOjCBq0.s:1641   .text:0000000000000744 .L0 
     /tmp/ccOjCBq0.s:1643   .text:0000000000000748 .L0 
     /tmp/ccOjCBq0.s:1644   .text:0000000000000748 .L0 
     /tmp/ccOjCBq0.s:1649   .text:0000000000000754 .L0 
     /tmp/ccOjCBq0.s:1650   .text:0000000000000754 .L0 
     /tmp/ccOjCBq0.s:1655   .text:000000000000075c .L0 
GAS LISTING /tmp/ccOjCBq0.s 			page 109


     /tmp/ccOjCBq0.s:1656   .text:000000000000075c .L0 
src/../h/Machine.hpp:69     .text:000000000000075c .L0 
     /tmp/ccOjCBq0.s:1668   .text:0000000000000760 .L0 
     /tmp/ccOjCBq0.s:1669   .text:0000000000000760 .L0 
src/../h/Machine.hpp:79     .text:0000000000000760 .L0 
     /tmp/ccOjCBq0.s:1681   .text:0000000000000764 .L0 
     /tmp/ccOjCBq0.s:1685   .text:0000000000000768 .L0 
     /tmp/ccOjCBq0.s:1688   .text:0000000000000768 .L0 
     /tmp/ccOjCBq0.s:1691   .text:0000000000000768 .L0 
     /tmp/ccOjCBq0.s:1692   .text:0000000000000768 .L0 
     /tmp/ccOjCBq0.s:1693   .text:0000000000000768 .L0 
     /tmp/ccOjCBq0.s:1706   .text:0000000000000770 .L0 
     /tmp/ccOjCBq0.s:1707   .text:0000000000000770 .L0 
     /tmp/ccOjCBq0.s:1708   .text:0000000000000770 .L0 
     /tmp/ccOjCBq0.s:1717   .text:0000000000000784 .L0 
     /tmp/ccOjCBq0.s:1723   .text:0000000000000784 .L0 
     /tmp/ccOjCBq0.s:1724   .text:0000000000000784 .L0 
     /tmp/ccOjCBq0.s:1725   .text:0000000000000784 .L0 
     /tmp/ccOjCBq0.s:1733   .text:0000000000000790 .L0 
     /tmp/ccOjCBq0.s:1734   .text:0000000000000790 .L0 
     /tmp/ccOjCBq0.s:1739   .text:0000000000000794 .L0 
     /tmp/ccOjCBq0.s:1743   .text:0000000000000798 .L0 
     /tmp/ccOjCBq0.s:1744   .text:0000000000000798 .L0 
     /tmp/ccOjCBq0.s:1747   .text:00000000000007a0 .L0 
     /tmp/ccOjCBq0.s:1754   .text:00000000000007a4 .L0 
     /tmp/ccOjCBq0.s:1755   .text:00000000000007a4 .L0 
     /tmp/ccOjCBq0.s:1756   .text:00000000000007a4 .L0 
     /tmp/ccOjCBq0.s:1764   .text:00000000000007b4 .L0 
     /tmp/ccOjCBq0.s:1765   .text:00000000000007b4 .L0 
     /tmp/ccOjCBq0.s:1766   .text:00000000000007b4 .L0 
src/../h/Machine.hpp:74     .text:00000000000007b4 .L0 
     /tmp/ccOjCBq0.s:1776   .text:00000000000007b8 .L0 
     /tmp/ccOjCBq0.s:1777   .text:00000000000007b8 .L0 
     /tmp/ccOjCBq0.s:1782   .text:00000000000007bc .L0 
     /tmp/ccOjCBq0.s:1783   .text:00000000000007bc .L0 
     /tmp/ccOjCBq0.s:1784   .text:00000000000007bc .L0 
src/../h/Machine.hpp:84     .text:00000000000007bc .L0 
     /tmp/ccOjCBq0.s:1794   .text:00000000000007c0 .L0 
     /tmp/ccOjCBq0.s:1795   .text:00000000000007c0 .L0 
     /tmp/ccOjCBq0.s:1796   .text:00000000000007c0 .L0 
     /tmp/ccOjCBq0.s:1801   .text:00000000000007c8 .L0 
     /tmp/ccOjCBq0.s:1802   .text:00000000000007c8 .L0 
src/../h/Machine.hpp:69     .text:00000000000007c8 .L0 
     /tmp/ccOjCBq0.s:1814   .text:00000000000007cc .L0 
     /tmp/ccOjCBq0.s:1815   .text:00000000000007cc .L0 
src/../h/Machine.hpp:79     .text:00000000000007cc .L0 
     /tmp/ccOjCBq0.s:1822   .text:00000000000007d0 .L0 
     /tmp/ccOjCBq0.s:1834   .text:00000000000007d4 .L0 
     /tmp/ccOjCBq0.s:1837   .text:00000000000007d4 .L0 
     /tmp/ccOjCBq0.s:1838   .text:00000000000007d4 .L0 
     /tmp/ccOjCBq0.s:1847   .text:00000000000007ec .L0 
     /tmp/ccOjCBq0.s:1848   .text:00000000000007ec .L0 
     /tmp/ccOjCBq0.s:1849   .text:00000000000007ec .L0 
     /tmp/ccOjCBq0.s:1856   .text:0000000000000800 .L0 
     /tmp/ccOjCBq0.s:1858   .text:0000000000000804 .L0 
     /tmp/ccOjCBq0.s:1859   .text:0000000000000804 .L0 
     /tmp/ccOjCBq0.s:1867   .text:0000000000000814 .L0 
GAS LISTING /tmp/ccOjCBq0.s 			page 110


     /tmp/ccOjCBq0.s:1870   .text:0000000000000814 .L0 
     /tmp/ccOjCBq0.s:1871   .text:0000000000000814 .L0 
     /tmp/ccOjCBq0.s:1878   .text:000000000000082c .L0 
     /tmp/ccOjCBq0.s:1887   .text:000000000000082c .L0 
     /tmp/ccOjCBq0.s:1889   .text:000000000000082c .L0 
     /tmp/ccOjCBq0.s:1890   .text:0000000000000830 .L0 
     /tmp/ccOjCBq0.s:1896   .text:0000000000000844 .L0 
     /tmp/ccOjCBq0.s:1897   .text:0000000000000844 .L0 
     /tmp/ccOjCBq0.s:1898   .text:0000000000000844 .L0 
     /tmp/ccOjCBq0.s:1899   .text:0000000000000844 .L0 
     /tmp/ccOjCBq0.s:1900   .text:0000000000000844 .L0 
     /tmp/ccOjCBq0.s:1902   .text:0000000000000848 .L0 
     /tmp/ccOjCBq0.s:1908   .text:000000000000084c .L0 
     /tmp/ccOjCBq0.s:1909   .text:000000000000084c .L0 
     /tmp/ccOjCBq0.s:1910   .text:000000000000084c .L0 
     /tmp/ccOjCBq0.s:1918   .text:0000000000000860 .L0 
     /tmp/ccOjCBq0.s:1922   .text:0000000000000864 .L0 
     /tmp/ccOjCBq0.s:1923   .text:0000000000000864 .L0 
     /tmp/ccOjCBq0.s:1927   .text:0000000000000870 .L0 
     /tmp/ccOjCBq0.s:1928   .text:0000000000000870 .L0 
     /tmp/ccOjCBq0.s:1930   .text:0000000000000878 .L0 
     /tmp/ccOjCBq0.s:1931   .text:0000000000000878 .L0 
     /tmp/ccOjCBq0.s:1933   .text:000000000000087c .L0 
     /tmp/ccOjCBq0.s:1934   .text:000000000000087c .L0 
     /tmp/ccOjCBq0.s:1936   .text:0000000000000880 .L0 
     /tmp/ccOjCBq0.s:1939   .text:0000000000000884 .L0 
     /tmp/ccOjCBq0.s:1941   .text:0000000000000888 .L0 
     /tmp/ccOjCBq0.s:1943   .text:000000000000088c .L0 
     /tmp/ccOjCBq0.s:1947   .text:0000000000000890 .L0 
     /tmp/ccOjCBq0.s:1953   .text:0000000000000890 .L0 
     /tmp/ccOjCBq0.s:1954   .text:0000000000000890 .L0 
     /tmp/ccOjCBq0.s:1955   .text:0000000000000890 .L0 
     /tmp/ccOjCBq0.s:1961   .text:000000000000089c .L0 
     /tmp/ccOjCBq0.s:1962   .text:000000000000089c .L0 
     /tmp/ccOjCBq0.s:1967   .text:00000000000008a4 .L0 
     /tmp/ccOjCBq0.s:1968   .text:00000000000008a4 .L0 
     /tmp/ccOjCBq0.s:1975   .text:00000000000008a8 .L0 
     /tmp/ccOjCBq0.s:1976   .text:00000000000008a8 .L0 
     /tmp/ccOjCBq0.s:1977   .text:00000000000008a8 .L0 
     /tmp/ccOjCBq0.s:1982   .text:00000000000008ac .L0 
     /tmp/ccOjCBq0.s:1983   .text:00000000000008ac .L0 
     /tmp/ccOjCBq0.s:1989   .text:00000000000008b8 .L0 
     /tmp/ccOjCBq0.s:1994   .text:00000000000008b8 .L0 
     /tmp/ccOjCBq0.s:1995   .text:00000000000008b8 .L0 
     /tmp/ccOjCBq0.s:1996   .text:00000000000008b8 .L0 
     /tmp/ccOjCBq0.s:2005   .text:00000000000008bc .L0 
     /tmp/ccOjCBq0.s:2006   .text:00000000000008bc .L0 
     /tmp/ccOjCBq0.s:2013   .text:00000000000008d0 .L0 
     /tmp/ccOjCBq0.s:2020   .text._ZN10ObjectPoolI3TCBLm20EEnwEm:0000000000000000 _ZN10ObjectPoolI3TCBLm20EEnwEm
     /tmp/ccOjCBq0.s:2024   .text._ZN10ObjectPoolI3TCBLm20EEnwEm:0000000000000000 .L0 
     /tmp/ccOjCBq0.s:2026   .text._ZN10ObjectPoolI3TCBLm20EEnwEm:0000000000000000 .L0 
     /tmp/ccOjCBq0.s:2027   .text._ZN10ObjectPoolI3TCBLm20EEnwEm:0000000000000004 .L0 
     /tmp/ccOjCBq0.s:2030   .text._ZN10ObjectPoolI3TCBLm20EEnwEm:000000000000000c .L0 
     /tmp/ccOjCBq0.s:2031   .text._ZN10ObjectPoolI3TCBLm20EEnwEm:000000000000000c .L0 
     /tmp/ccOjCBq0.s:2033   .text._ZN10ObjectPoolI3TCBLm20EEnwEm:0000000000000010 .L0 
     /tmp/ccOjCBq0.s:2035   .text._ZN10ObjectPoolI3TCBLm20EEnwEm:0000000000000010 .L0 
     /tmp/ccOjCBq0.s:2038   .text._ZN10ObjectPoolI3TCBLm20EEnwEm:0000000000000014 .L0 
GAS LISTING /tmp/ccOjCBq0.s 			page 111


     /tmp/ccOjCBq0.s:2041   .text._ZN10ObjectPoolI3TCBLm20EEnwEm:0000000000000018 .L0 
     /tmp/ccOjCBq0.s:2046   .text._ZN10ObjectPoolI3TCBLm20EEnwEm:0000000000000020 .L0 
     /tmp/ccOjCBq0.s:2051   .text._ZN10ObjectPoolI3TCBLm20EEnwEm:000000000000002c .L0 
     /tmp/ccOjCBq0.s:2052   .text._ZN10ObjectPoolI3TCBLm20EEnwEm:0000000000000030 .L0 
     /tmp/ccOjCBq0.s:2054   .text._ZN10ObjectPoolI3TCBLm20EEnwEm:0000000000000034 .L0 
     /tmp/ccOjCBq0.s:2055   .text._ZN10ObjectPoolI3TCBLm20EEnwEm:0000000000000034 .L0 
     /tmp/ccOjCBq0.s:2057   .text._ZN10ObjectPoolI3TCBLm20EEnwEm:0000000000000038 .L0 
     /tmp/ccOjCBq0.s:2059   .text._ZN10ObjectPoolI3TCBLm20EEnwEm:000000000000003c .L0 
     /tmp/ccOjCBq0.s:2066   .text._ZN10ObjectPoolI3TCBLm20EEdlEPv:0000000000000000 _ZN10ObjectPoolI3TCBLm20EEdlEPv
     /tmp/ccOjCBq0.s:2069   .text._ZN10ObjectPoolI3TCBLm20EEdlEPv:0000000000000000 .L0 
     /tmp/ccOjCBq0.s:2071   .text._ZN10ObjectPoolI3TCBLm20EEdlEPv:0000000000000000 .L0 
     /tmp/ccOjCBq0.s:2072   .text._ZN10ObjectPoolI3TCBLm20EEdlEPv:0000000000000004 .L0 
     /tmp/ccOjCBq0.s:2075   .text._ZN10ObjectPoolI3TCBLm20EEdlEPv:000000000000000c .L0 
     /tmp/ccOjCBq0.s:2076   .text._ZN10ObjectPoolI3TCBLm20EEdlEPv:000000000000000c .L0 
     /tmp/ccOjCBq0.s:2078   .text._ZN10ObjectPoolI3TCBLm20EEdlEPv:0000000000000010 .L0 
     /tmp/ccOjCBq0.s:2080   .text._ZN10ObjectPoolI3TCBLm20EEdlEPv:0000000000000010 .L0 
     /tmp/ccOjCBq0.s:2083   .text._ZN10ObjectPoolI3TCBLm20EEdlEPv:0000000000000018 .L0 
     /tmp/ccOjCBq0.s:2084   .text._ZN10ObjectPoolI3TCBLm20EEdlEPv:000000000000001c .L0 
     /tmp/ccOjCBq0.s:2086   .text._ZN10ObjectPoolI3TCBLm20EEdlEPv:0000000000000020 .L0 
     /tmp/ccOjCBq0.s:2087   .text._ZN10ObjectPoolI3TCBLm20EEdlEPv:0000000000000020 .L0 
     /tmp/ccOjCBq0.s:2089   .text._ZN10ObjectPoolI3TCBLm20EEdlEPv:0000000000000024 .L0 
     /tmp/ccOjCBq0.s:2091   .text._ZN10ObjectPoolI3TCBLm20EEdlEPv:0000000000000028 .L0 
     /tmp/ccOjCBq0.s:2098   .text._ZN10ObjectPoolI10KSemaphoreLm10EEnwEm:0000000000000000 _ZN10ObjectPoolI10KSemaphoreLm10EEnwEm
     /tmp/ccOjCBq0.s:2101   .text._ZN10ObjectPoolI10KSemaphoreLm10EEnwEm:0000000000000000 .L0 
     /tmp/ccOjCBq0.s:2103   .text._ZN10ObjectPoolI10KSemaphoreLm10EEnwEm:0000000000000000 .L0 
     /tmp/ccOjCBq0.s:2104   .text._ZN10ObjectPoolI10KSemaphoreLm10EEnwEm:0000000000000004 .L0 
     /tmp/ccOjCBq0.s:2107   .text._ZN10ObjectPoolI10KSemaphoreLm10EEnwEm:000000000000000c .L0 
     /tmp/ccOjCBq0.s:2108   .text._ZN10ObjectPoolI10KSemaphoreLm10EEnwEm:000000000000000c .L0 
     /tmp/ccOjCBq0.s:2110   .text._ZN10ObjectPoolI10KSemaphoreLm10EEnwEm:0000000000000010 .L0 
     /tmp/ccOjCBq0.s:2112   .text._ZN10ObjectPoolI10KSemaphoreLm10EEnwEm:0000000000000010 .L0 
     /tmp/ccOjCBq0.s:2115   .text._ZN10ObjectPoolI10KSemaphoreLm10EEnwEm:0000000000000014 .L0 
     /tmp/ccOjCBq0.s:2118   .text._ZN10ObjectPoolI10KSemaphoreLm10EEnwEm:0000000000000018 .L0 
     /tmp/ccOjCBq0.s:2123   .text._ZN10ObjectPoolI10KSemaphoreLm10EEnwEm:0000000000000020 .L0 
     /tmp/ccOjCBq0.s:2128   .text._ZN10ObjectPoolI10KSemaphoreLm10EEnwEm:000000000000002c .L0 
     /tmp/ccOjCBq0.s:2129   .text._ZN10ObjectPoolI10KSemaphoreLm10EEnwEm:0000000000000030 .L0 
     /tmp/ccOjCBq0.s:2131   .text._ZN10ObjectPoolI10KSemaphoreLm10EEnwEm:0000000000000034 .L0 
     /tmp/ccOjCBq0.s:2132   .text._ZN10ObjectPoolI10KSemaphoreLm10EEnwEm:0000000000000034 .L0 
     /tmp/ccOjCBq0.s:2134   .text._ZN10ObjectPoolI10KSemaphoreLm10EEnwEm:0000000000000038 .L0 
     /tmp/ccOjCBq0.s:2136   .text._ZN10ObjectPoolI10KSemaphoreLm10EEnwEm:000000000000003c .L0 
     /tmp/ccOjCBq0.s:2142   .text:00000000000008d0 _Z41__static_initialization_and_destruction_0ii
     /tmp/ccOjCBq0.s:2145   .text:00000000000008d0 .L0 
     /tmp/ccOjCBq0.s:2147   .text:00000000000008d0 .L0 
     /tmp/ccOjCBq0.s:2153   .text:00000000000008dc .L0 
     /tmp/ccOjCBq0.s:2157   .text:00000000000008e8 .L0 
     /tmp/ccOjCBq0.s:2158   .text:00000000000008ec .L0 
     /tmp/ccOjCBq0.s:2162   .text:00000000000008f8 .L0 
     /tmp/ccOjCBq0.s:2163   .text:00000000000008f8 .L0 
     /tmp/ccOjCBq0.s:2164   .text:00000000000008f8 .L0 
     /tmp/ccOjCBq0.s:2166   .text:00000000000008fc .L0 
     /tmp/ccOjCBq0.s:2168   .text:00000000000008fc .L0 
     /tmp/ccOjCBq0.s:2176   .text:000000000000090c .L0 
     /tmp/ccOjCBq0.s:2184   .text:000000000000091c .L0 
     /tmp/ccOjCBq0.s:2188   .text:0000000000000920 .L0 
     /tmp/ccOjCBq0.s:2191   .text:0000000000000928 .L0 
     /tmp/ccOjCBq0.s:2193   .text:000000000000092c .L0 
     /tmp/ccOjCBq0.s:2198   .text:000000000000093c .L0 
     /tmp/ccOjCBq0.s:2205   .text:0000000000000950 .L0 
GAS LISTING /tmp/ccOjCBq0.s 			page 112


     /tmp/ccOjCBq0.s:2211   .text:0000000000000958 .L0 
     /tmp/ccOjCBq0.s:2219   .text:0000000000000964 .L0 
     /tmp/ccOjCBq0.s:2221   .text:000000000000096c .L0 
     /tmp/ccOjCBq0.s:2227   .text:0000000000000978 .L0 
     /tmp/ccOjCBq0.s:2234   .text:0000000000000984 .L0 
     /tmp/ccOjCBq0.s:2238   .text:0000000000000988 .L0 
     /tmp/ccOjCBq0.s:2241   .text:0000000000000990 .L0 
     /tmp/ccOjCBq0.s:2243   .text:0000000000000994 .L0 
     /tmp/ccOjCBq0.s:2246   .text:000000000000099c .L0 
     /tmp/ccOjCBq0.s:2252   .text:00000000000009a8 .L0 
     /tmp/ccOjCBq0.s:2258   .text:00000000000009b0 .L0 
     /tmp/ccOjCBq0.s:2264   .text:00000000000009b4 .L0 
     /tmp/ccOjCBq0.s:2267   .text:00000000000009c0 .L0 
     /tmp/ccOjCBq0.s:2273   .text:00000000000009cc .L0 
     /tmp/ccOjCBq0.s:2279   .text:00000000000009d4 .L0 
     /tmp/ccOjCBq0.s:2281   .text:00000000000009d8 .L0 
     /tmp/ccOjCBq0.s:2282   .text:00000000000009dc .L0 
     /tmp/ccOjCBq0.s:2284   .text:00000000000009e0 .L0 
     /tmp/ccOjCBq0.s:2285   .text:00000000000009e0 .L0 
     /tmp/ccOjCBq0.s:2287   .text:00000000000009e4 .L0 
     /tmp/ccOjCBq0.s:2289   .text:00000000000009e8 .L0 
     /tmp/ccOjCBq0.s:2291   .text:00000000000009ec .L0 
     /tmp/ccOjCBq0.s:2298   .text._ZN10ObjectPoolI10KSemaphoreLm10EEdlEPv:0000000000000000 _ZN10ObjectPoolI10KSemaphoreLm10EEdlEPv
     /tmp/ccOjCBq0.s:2301   .text._ZN10ObjectPoolI10KSemaphoreLm10EEdlEPv:0000000000000000 .L0 
     /tmp/ccOjCBq0.s:2303   .text._ZN10ObjectPoolI10KSemaphoreLm10EEdlEPv:0000000000000000 .L0 
     /tmp/ccOjCBq0.s:2304   .text._ZN10ObjectPoolI10KSemaphoreLm10EEdlEPv:0000000000000004 .L0 
     /tmp/ccOjCBq0.s:2307   .text._ZN10ObjectPoolI10KSemaphoreLm10EEdlEPv:000000000000000c .L0 
     /tmp/ccOjCBq0.s:2308   .text._ZN10ObjectPoolI10KSemaphoreLm10EEdlEPv:000000000000000c .L0 
     /tmp/ccOjCBq0.s:2310   .text._ZN10ObjectPoolI10KSemaphoreLm10EEdlEPv:0000000000000010 .L0 
     /tmp/ccOjCBq0.s:2312   .text._ZN10ObjectPoolI10KSemaphoreLm10EEdlEPv:0000000000000010 .L0 
     /tmp/ccOjCBq0.s:2315   .text._ZN10ObjectPoolI10KSemaphoreLm10EEdlEPv:0000000000000018 .L0 
     /tmp/ccOjCBq0.s:2316   .text._ZN10ObjectPoolI10KSemaphoreLm10EEdlEPv:000000000000001c .L0 
     /tmp/ccOjCBq0.s:2318   .text._ZN10ObjectPoolI10KSemaphoreLm10EEdlEPv:0000000000000020 .L0 
     /tmp/ccOjCBq0.s:2319   .text._ZN10ObjectPoolI10KSemaphoreLm10EEdlEPv:0000000000000020 .L0 
     /tmp/ccOjCBq0.s:2321   .text._ZN10ObjectPoolI10KSemaphoreLm10EEdlEPv:0000000000000024 .L0 
     /tmp/ccOjCBq0.s:2323   .text._ZN10ObjectPoolI10KSemaphoreLm10EEdlEPv:0000000000000028 .L0 
     /tmp/ccOjCBq0.s:2330   .text:00000000000009ec _ZN6Kernel7destroyEv
     /tmp/ccOjCBq0.s:2333   .text:00000000000009ec .L0 
     /tmp/ccOjCBq0.s:2334   .text:00000000000009ec .L0 
     /tmp/ccOjCBq0.s:2335   .text:00000000000009f0 .L0 
     /tmp/ccOjCBq0.s:2341   .text:0000000000000a04 .L0 
     /tmp/ccOjCBq0.s:2342   .text:0000000000000a04 .L0 
     /tmp/ccOjCBq0.s:2343   .text:0000000000000a04 .L0 
     /tmp/ccOjCBq0.s:2344   .text:0000000000000a04 .L0 
     /tmp/ccOjCBq0.s:2345   .text:0000000000000a04 .L0 
     /tmp/ccOjCBq0.s:2347   .text:0000000000000a08 .L0 
     /tmp/ccOjCBq0.s:2349   .text:0000000000000a08 .L0 
     /tmp/ccOjCBq0.s:2350   .text:0000000000000a08 .L0 
     /tmp/ccOjCBq0.s:2352   .text:0000000000000a10 .L0 
     /tmp/ccOjCBq0.s:2357   .text:0000000000000a14 .L0 
     /tmp/ccOjCBq0.s:2371   .text:0000000000000a30 .L0 
     /tmp/ccOjCBq0.s:2379   .text:0000000000000a3c .L0 
     /tmp/ccOjCBq0.s:2385   .text:0000000000000a40 .L0 
     /tmp/ccOjCBq0.s:2390   .text:0000000000000a4c .L0 
     /tmp/ccOjCBq0.s:2391   .text:0000000000000a4c .L0 
     /tmp/ccOjCBq0.s:2393   .text:0000000000000a54 .L0 
     /tmp/ccOjCBq0.s:2398   .text:0000000000000a58 .L0 
GAS LISTING /tmp/ccOjCBq0.s 			page 113


     /tmp/ccOjCBq0.s:2410   .text:0000000000000a6c .L0 
     /tmp/ccOjCBq0.s:2422   .text:0000000000000a7c .L0 
     /tmp/ccOjCBq0.s:2427   .text:0000000000000a88 .L0 
     /tmp/ccOjCBq0.s:2428   .text:0000000000000a88 .L0 
     /tmp/ccOjCBq0.s:2430   .text:0000000000000a90 .L0 
     /tmp/ccOjCBq0.s:2432   .text:0000000000000a94 .L0 
     /tmp/ccOjCBq0.s:2436   .text:0000000000000a9c .L0 
     /tmp/ccOjCBq0.s:2437   .text:0000000000000aa0 .L0 
     /tmp/ccOjCBq0.s:2439   .text:0000000000000aa4 .L0 
     /tmp/ccOjCBq0.s:2440   .text:0000000000000aa4 .L0 
     /tmp/ccOjCBq0.s:2442   .text:0000000000000aa8 .L0 
     /tmp/ccOjCBq0.s:2444   .text:0000000000000aac .L0 
     /tmp/ccOjCBq0.s:2446   .text:0000000000000ab0 .L0 
     /tmp/ccOjCBq0.s:2448   .text:0000000000000ab4 .L0 
     /tmp/ccOjCBq0.s:2450   .text:0000000000000ab8 .L0 
     /tmp/ccOjCBq0.s:2457   .text._ZN10ObjectPoolI3TCBLm20EE10freeObjectEPS0_:0000000000000000 _ZN10ObjectPoolI3TCBLm20EE10freeObjectEPS0_
     /tmp/ccOjCBq0.s:2460   .text._ZN10ObjectPoolI3TCBLm20EE10freeObjectEPS0_:0000000000000000 .L0 
     /tmp/ccOjCBq0.s:2462   .text._ZN10ObjectPoolI3TCBLm20EE10freeObjectEPS0_:0000000000000000 .L0 
     /tmp/ccOjCBq0.s:2463   .text._ZN10ObjectPoolI3TCBLm20EE10freeObjectEPS0_:0000000000000004 .L0 
     /tmp/ccOjCBq0.s:2465   .text._ZN10ObjectPoolI3TCBLm20EE10freeObjectEPS0_:0000000000000008 .L0 
     /tmp/ccOjCBq0.s:2467   .text._ZN10ObjectPoolI3TCBLm20EE10freeObjectEPS0_:000000000000000c .L0 
     /tmp/ccOjCBq0.s:2472   .text._ZN10ObjectPoolI3TCBLm20EE10freeObjectEPS0_:000000000000000c .L0 
     /tmp/ccOjCBq0.s:2473   .text._ZN10ObjectPoolI3TCBLm20EE10freeObjectEPS0_:000000000000000c .L0 
     /tmp/ccOjCBq0.s:2478   .text._ZN10ObjectPoolI3TCBLm20EE10freeObjectEPS0_:0000000000000010 .L0 
     /tmp/ccOjCBq0.s:2483   .text._ZN10ObjectPoolI3TCBLm20EE10freeObjectEPS0_:000000000000001c .L0 
     /tmp/ccOjCBq0.s:2485   .text._ZN10ObjectPoolI3TCBLm20EE10freeObjectEPS0_:0000000000000020 .L0 
     /tmp/ccOjCBq0.s:2488   .text._ZN10ObjectPoolI3TCBLm20EE10freeObjectEPS0_:0000000000000024 .L0 
     /tmp/ccOjCBq0.s:2491   .text._ZN10ObjectPoolI3TCBLm20EE10freeObjectEPS0_:000000000000002c .L0 
     /tmp/ccOjCBq0.s:2492   .text._ZN10ObjectPoolI3TCBLm20EE10freeObjectEPS0_:000000000000002c .L0 
     /tmp/ccOjCBq0.s:2494   .text._ZN10ObjectPoolI3TCBLm20EE10freeObjectEPS0_:0000000000000030 .L0 
     /tmp/ccOjCBq0.s:2496   .text._ZN10ObjectPoolI3TCBLm20EE10freeObjectEPS0_:0000000000000034 .L0 
     /tmp/ccOjCBq0.s:2506   .text:0000000000000ab8 .L0 
     /tmp/ccOjCBq0.s:2508   .text:0000000000000ab8 .L0 
     /tmp/ccOjCBq0.s:2509   .text:0000000000000abc .L0 
     /tmp/ccOjCBq0.s:2515   .text:0000000000000ad0 .L0 
     /tmp/ccOjCBq0.s:2516   .text:0000000000000ad0 .L0 
     /tmp/ccOjCBq0.s:2517   .text:0000000000000ad0 .L0 
     /tmp/ccOjCBq0.s:2518   .text:0000000000000ad0 .L0 
     /tmp/ccOjCBq0.s:2519   .text:0000000000000ad0 .L0 
     /tmp/ccOjCBq0.s:2521   .text:0000000000000ad4 .L0 
     /tmp/ccOjCBq0.s:2523   .text:0000000000000ad4 .L0 
     /tmp/ccOjCBq0.s:2524   .text:0000000000000ad4 .L0 
     /tmp/ccOjCBq0.s:2530   .text:0000000000000ad8 .L0 
     /tmp/ccOjCBq0.s:2531   .text:0000000000000ad8 .L0 
     /tmp/ccOjCBq0.s:2532   .text:0000000000000ad8 .L0 
     /tmp/ccOjCBq0.s:2537   .text:0000000000000adc .L0 
     /tmp/ccOjCBq0.s:2542   .text:0000000000000ae0 .L0 
     /tmp/ccOjCBq0.s:2543   .text:0000000000000ae0 .L0 
     /tmp/ccOjCBq0.s:2546   .text:0000000000000ae4 .L0 
     /tmp/ccOjCBq0.s:2547   .text:0000000000000ae4 .L0 
     /tmp/ccOjCBq0.s:2552   .text:0000000000000af8 .L0 
     /tmp/ccOjCBq0.s:2553   .text:0000000000000af8 .L0 
     /tmp/ccOjCBq0.s:2555   .text:0000000000000b00 .L0 
     /tmp/ccOjCBq0.s:2556   .text:0000000000000b00 .L0 
     /tmp/ccOjCBq0.s:2558   .text:0000000000000b04 .L0 
     /tmp/ccOjCBq0.s:2559   .text:0000000000000b04 .L0 
     /tmp/ccOjCBq0.s:2561   .text:0000000000000b08 .L0 
GAS LISTING /tmp/ccOjCBq0.s 			page 114


     /tmp/ccOjCBq0.s:2564   .text:0000000000000b0c .L0 
     /tmp/ccOjCBq0.s:2566   .text:0000000000000b10 .L0 
     /tmp/ccOjCBq0.s:2568   .text:0000000000000b14 .L0 
     /tmp/ccOjCBq0.s:2572   .text:0000000000000b18 .L0 
     /tmp/ccOjCBq0.s:2578   .text:0000000000000b18 .L0 
     /tmp/ccOjCBq0.s:2579   .text:0000000000000b18 .L0 
     /tmp/ccOjCBq0.s:2580   .text:0000000000000b18 .L0 
     /tmp/ccOjCBq0.s:2588   .text:0000000000000b24 .L0 
     /tmp/ccOjCBq0.s:2589   .text:0000000000000b24 .L0 
     /tmp/ccOjCBq0.s:2590   .text:0000000000000b24 .L0 
     /tmp/ccOjCBq0.s:2595   .text:0000000000000b28 .L0 
     /tmp/ccOjCBq0.s:2596   .text:0000000000000b28 .L0 
     /tmp/ccOjCBq0.s:2602   .text:0000000000000b38 .L0 
     /tmp/ccOjCBq0.s:2603   .text:0000000000000b38 .L0 
     /tmp/ccOjCBq0.s:2608   .text:0000000000000b40 .L0 
     /tmp/ccOjCBq0.s:2609   .text:0000000000000b40 .L0 
     /tmp/ccOjCBq0.s:2616   .text:0000000000000b44 .L0 
     /tmp/ccOjCBq0.s:2621   .text:0000000000000b44 .L0 
     /tmp/ccOjCBq0.s:2626   .text:0000000000000b44 .L0 
     /tmp/ccOjCBq0.s:2629   .text:0000000000000b44 .L0 
     /tmp/ccOjCBq0.s:2630   .text:0000000000000b44 .L0 
     /tmp/ccOjCBq0.s:2640   .text:0000000000000b58 .L0 
     /tmp/ccOjCBq0.s:2647   .text:0000000000000b74 .L0 
     /tmp/ccOjCBq0.s:2654   .text._ZN10ObjectPoolI10KSemaphoreLm10EE10freeObjectEPS0_:0000000000000000 _ZN10ObjectPoolI10KSemaphoreLm10EE10freeObjectEPS0_
     /tmp/ccOjCBq0.s:2657   .text._ZN10ObjectPoolI10KSemaphoreLm10EE10freeObjectEPS0_:0000000000000000 .L0 
     /tmp/ccOjCBq0.s:2659   .text._ZN10ObjectPoolI10KSemaphoreLm10EE10freeObjectEPS0_:0000000000000000 .L0 
     /tmp/ccOjCBq0.s:2660   .text._ZN10ObjectPoolI10KSemaphoreLm10EE10freeObjectEPS0_:0000000000000004 .L0 
     /tmp/ccOjCBq0.s:2662   .text._ZN10ObjectPoolI10KSemaphoreLm10EE10freeObjectEPS0_:0000000000000008 .L0 
     /tmp/ccOjCBq0.s:2664   .text._ZN10ObjectPoolI10KSemaphoreLm10EE10freeObjectEPS0_:000000000000000c .L0 
     /tmp/ccOjCBq0.s:2670   .text._ZN10ObjectPoolI10KSemaphoreLm10EE10freeObjectEPS0_:000000000000000c .L0 
     /tmp/ccOjCBq0.s:2671   .text._ZN10ObjectPoolI10KSemaphoreLm10EE10freeObjectEPS0_:000000000000000c .L0 
     /tmp/ccOjCBq0.s:2676   .text._ZN10ObjectPoolI10KSemaphoreLm10EE10freeObjectEPS0_:0000000000000010 .L0 
     /tmp/ccOjCBq0.s:2678   .text._ZN10ObjectPoolI10KSemaphoreLm10EE10freeObjectEPS0_:0000000000000014 .L0 
     /tmp/ccOjCBq0.s:2680   .text._ZN10ObjectPoolI10KSemaphoreLm10EE10freeObjectEPS0_:0000000000000018 .L0 
     /tmp/ccOjCBq0.s:2682   .text._ZN10ObjectPoolI10KSemaphoreLm10EE10freeObjectEPS0_:000000000000001c .L0 
     /tmp/ccOjCBq0.s:2685   .text._ZN10ObjectPoolI10KSemaphoreLm10EE10freeObjectEPS0_:0000000000000024 .L0 
     /tmp/ccOjCBq0.s:2686   .text._ZN10ObjectPoolI10KSemaphoreLm10EE10freeObjectEPS0_:0000000000000024 .L0 
     /tmp/ccOjCBq0.s:2688   .text._ZN10ObjectPoolI10KSemaphoreLm10EE10freeObjectEPS0_:0000000000000028 .L0 
     /tmp/ccOjCBq0.s:2690   .text._ZN10ObjectPoolI10KSemaphoreLm10EE10freeObjectEPS0_:000000000000002c .L0 
     /tmp/ccOjCBq0.s:2700   .text:0000000000000b74 .L0 
     /tmp/ccOjCBq0.s:2702   .text:0000000000000b74 .L0 
     /tmp/ccOjCBq0.s:2703   .text:0000000000000b78 .L0 
     /tmp/ccOjCBq0.s:2708   .text:0000000000000b88 .L0 
     /tmp/ccOjCBq0.s:2709   .text:0000000000000b88 .L0 
     /tmp/ccOjCBq0.s:2710   .text:0000000000000b88 .L0 
     /tmp/ccOjCBq0.s:2711   .text:0000000000000b88 .L0 
     /tmp/ccOjCBq0.s:2713   .text:0000000000000b8c .L0 
     /tmp/ccOjCBq0.s:2715   .text:0000000000000b8c .L0 
     /tmp/ccOjCBq0.s:2716   .text:0000000000000b8c .L0 
     /tmp/ccOjCBq0.s:2717   .text:0000000000000b8c .L0 
     /tmp/ccOjCBq0.s:2720   .text:0000000000000b90 .L0 
     /tmp/ccOjCBq0.s:2721   .text:0000000000000b90 .L0 
     /tmp/ccOjCBq0.s:2728   .text:0000000000000ba0 .L0 
     /tmp/ccOjCBq0.s:2729   .text:0000000000000ba0 .L0 
     /tmp/ccOjCBq0.s:2735   .text:0000000000000bb4 .L0 
     /tmp/ccOjCBq0.s:2736   .text:0000000000000bb4 .L0 
     /tmp/ccOjCBq0.s:2739   .text:0000000000000bb8 .L0 
GAS LISTING /tmp/ccOjCBq0.s 			page 115


     /tmp/ccOjCBq0.s:2741   .text:0000000000000bc0 .L0 
     /tmp/ccOjCBq0.s:2742   .text:0000000000000bc0 .L0 
     /tmp/ccOjCBq0.s:2744   .text:0000000000000bc4 .L0 
     /tmp/ccOjCBq0.s:2745   .text:0000000000000bc4 .L0 
     /tmp/ccOjCBq0.s:2747   .text:0000000000000bc8 .L0 
     /tmp/ccOjCBq0.s:2750   .text:0000000000000bcc .L0 
     /tmp/ccOjCBq0.s:2753   .text:0000000000000bd0 .L0 
     /tmp/ccOjCBq0.s:2757   .text:0000000000000bd4 .L0 
     /tmp/ccOjCBq0.s:2759   .text:0000000000000bd4 .L0 
     /tmp/ccOjCBq0.s:2766   .text:0000000000000bec .L0 
     /tmp/ccOjCBq0.s:2767   .text:0000000000000bec .L0 
     /tmp/ccOjCBq0.s:2768   .text:0000000000000bf0 .L0 
     /tmp/ccOjCBq0.s:2775   .text._ZN10ObjectPoolI3TCBLm20EE12findFreePoolEv:0000000000000000 _ZN10ObjectPoolI3TCBLm20EE12findFreePoolEv
     /tmp/ccOjCBq0.s:2778   .text._ZN10ObjectPoolI3TCBLm20EE12findFreePoolEv:0000000000000000 .L0 
     /tmp/ccOjCBq0.s:2780   .text._ZN10ObjectPoolI3TCBLm20EE12findFreePoolEv:0000000000000000 .L0 
     /tmp/ccOjCBq0.s:2781   .text._ZN10ObjectPoolI3TCBLm20EE12findFreePoolEv:0000000000000004 .L0 
     /tmp/ccOjCBq0.s:2783   .text._ZN10ObjectPoolI3TCBLm20EE12findFreePoolEv:0000000000000008 .L0 
     /tmp/ccOjCBq0.s:2785   .text._ZN10ObjectPoolI3TCBLm20EE12findFreePoolEv:000000000000000c .L0 
     /tmp/ccOjCBq0.s:2790   .text._ZN10ObjectPoolI3TCBLm20EE12findFreePoolEv:0000000000000010 .L0 
     /tmp/ccOjCBq0.s:2792   .text._ZN10ObjectPoolI3TCBLm20EE12findFreePoolEv:0000000000000014 .L0 
     /tmp/ccOjCBq0.s:2797   .text._ZN10ObjectPoolI3TCBLm20EE12findFreePoolEv:0000000000000020 .L0 
     /tmp/ccOjCBq0.s:2799   .text._ZN10ObjectPoolI3TCBLm20EE12findFreePoolEv:0000000000000024 .L0 
     /tmp/ccOjCBq0.s:2802   .text._ZN10ObjectPoolI3TCBLm20EE12findFreePoolEv:000000000000002c .L0 
     /tmp/ccOjCBq0.s:2805   .text._ZN10ObjectPoolI3TCBLm20EE12findFreePoolEv:0000000000000030 .L0 
     /tmp/ccOjCBq0.s:2806   .text._ZN10ObjectPoolI3TCBLm20EE12findFreePoolEv:0000000000000034 .L0 
     /tmp/ccOjCBq0.s:2807   .text._ZN10ObjectPoolI3TCBLm20EE12findFreePoolEv:0000000000000034 .L0 
     /tmp/ccOjCBq0.s:2809   .text._ZN10ObjectPoolI3TCBLm20EE12findFreePoolEv:0000000000000038 .L0 
     /tmp/ccOjCBq0.s:2811   .text._ZN10ObjectPoolI3TCBLm20EE12findFreePoolEv:000000000000003c .L0 
     /tmp/ccOjCBq0.s:2818   .text._ZN10ObjectPoolI3TCBLm20EE12mallocObjectEPPS1_:0000000000000000 _ZN10ObjectPoolI3TCBLm20EE12mallocObjectEPPS1_
     /tmp/ccOjCBq0.s:2821   .text._ZN10ObjectPoolI3TCBLm20EE12mallocObjectEPPS1_:0000000000000000 .L0 
     /tmp/ccOjCBq0.s:2823   .text._ZN10ObjectPoolI3TCBLm20EE12mallocObjectEPPS1_:0000000000000000 .L0 
     /tmp/ccOjCBq0.s:2824   .text._ZN10ObjectPoolI3TCBLm20EE12mallocObjectEPPS1_:0000000000000004 .L0 
     /tmp/ccOjCBq0.s:2830   .text._ZN10ObjectPoolI3TCBLm20EE12mallocObjectEPPS1_:0000000000000018 .L0 
     /tmp/ccOjCBq0.s:2831   .text._ZN10ObjectPoolI3TCBLm20EE12mallocObjectEPPS1_:0000000000000018 .L0 
     /tmp/ccOjCBq0.s:2832   .text._ZN10ObjectPoolI3TCBLm20EE12mallocObjectEPPS1_:0000000000000018 .L0 
     /tmp/ccOjCBq0.s:2833   .text._ZN10ObjectPoolI3TCBLm20EE12mallocObjectEPPS1_:0000000000000018 .L0 
     /tmp/ccOjCBq0.s:2834   .text._ZN10ObjectPoolI3TCBLm20EE12mallocObjectEPPS1_:0000000000000018 .L0 
     /tmp/ccOjCBq0.s:2836   .text._ZN10ObjectPoolI3TCBLm20EE12mallocObjectEPPS1_:000000000000001c .L0 
     /tmp/ccOjCBq0.s:2839   .text._ZN10ObjectPoolI3TCBLm20EE12mallocObjectEPPS1_:0000000000000020 .L0 
     /tmp/ccOjCBq0.s:2845   .text._ZN10ObjectPoolI3TCBLm20EE12mallocObjectEPPS1_:000000000000002c .L0 
     /tmp/ccOjCBq0.s:2849   .text._ZN10ObjectPoolI3TCBLm20EE12mallocObjectEPPS1_:0000000000000038 .L0 
     /tmp/ccOjCBq0.s:2853   .text._ZN10ObjectPoolI3TCBLm20EE12mallocObjectEPPS1_:000000000000003c .L0 
     /tmp/ccOjCBq0.s:2855   .text._ZN10ObjectPoolI3TCBLm20EE12mallocObjectEPPS1_:0000000000000040 .L0 
     /tmp/ccOjCBq0.s:2859   .text._ZN10ObjectPoolI3TCBLm20EE12mallocObjectEPPS1_:000000000000004c .L0 
     /tmp/ccOjCBq0.s:2865   .text._ZN10ObjectPoolI3TCBLm20EE12mallocObjectEPPS1_:0000000000000050 .L0 
     /tmp/ccOjCBq0.s:2866   .text._ZN10ObjectPoolI3TCBLm20EE12mallocObjectEPPS1_:0000000000000054 .L0 
     /tmp/ccOjCBq0.s:2867   .text._ZN10ObjectPoolI3TCBLm20EE12mallocObjectEPPS1_:0000000000000054 .L0 
     /tmp/ccOjCBq0.s:2869   .text._ZN10ObjectPoolI3TCBLm20EE12mallocObjectEPPS1_:0000000000000058 .L0 
     /tmp/ccOjCBq0.s:2870   .text._ZN10ObjectPoolI3TCBLm20EE12mallocObjectEPPS1_:0000000000000058 .L0 
     /tmp/ccOjCBq0.s:2872   .text._ZN10ObjectPoolI3TCBLm20EE12mallocObjectEPPS1_:000000000000005c .L0 
     /tmp/ccOjCBq0.s:2874   .text._ZN10ObjectPoolI3TCBLm20EE12mallocObjectEPPS1_:0000000000000060 .L0 
     /tmp/ccOjCBq0.s:2877   .text._ZN10ObjectPoolI3TCBLm20EE12mallocObjectEPPS1_:0000000000000064 .L0 
     /tmp/ccOjCBq0.s:2879   .text._ZN10ObjectPoolI3TCBLm20EE12mallocObjectEPPS1_:0000000000000068 .L0 
     /tmp/ccOjCBq0.s:2883   .text._ZN10ObjectPoolI3TCBLm20EE12mallocObjectEPPS1_:000000000000006c .L0 
     /tmp/ccOjCBq0.s:2887   .text._ZN10ObjectPoolI3TCBLm20EE12mallocObjectEPPS1_:000000000000006c .L0 
     /tmp/ccOjCBq0.s:2894   .text._ZN10ObjectPoolI3TCBLm20EE12mallocObjectEPPS1_:000000000000007c .L0 
     /tmp/ccOjCBq0.s:2902   .text._ZN10ObjectPoolI3TCBLm20EE12mallocObjectEPPS1_:000000000000008c .L0 
GAS LISTING /tmp/ccOjCBq0.s 			page 116


     /tmp/ccOjCBq0.s:2906   .text._ZN10ObjectPoolI3TCBLm20EE12mallocObjectEPPS1_:0000000000000090 .L0 
     /tmp/ccOjCBq0.s:2909   .text._ZN10ObjectPoolI3TCBLm20EE12mallocObjectEPPS1_:0000000000000098 .L0 
     /tmp/ccOjCBq0.s:2911   .text._ZN10ObjectPoolI3TCBLm20EE12mallocObjectEPPS1_:000000000000009c .L0 
     /tmp/ccOjCBq0.s:2916   .text._ZN10ObjectPoolI3TCBLm20EE12mallocObjectEPPS1_:00000000000000ac .L0 
     /tmp/ccOjCBq0.s:2923   .text._ZN10ObjectPoolI3TCBLm20EE12mallocObjectEPPS1_:00000000000000c0 .L0 
     /tmp/ccOjCBq0.s:2929   .text._ZN10ObjectPoolI3TCBLm20EE12mallocObjectEPPS1_:00000000000000c8 .L0 
     /tmp/ccOjCBq0.s:2937   .text._ZN10ObjectPoolI3TCBLm20EE12mallocObjectEPPS1_:00000000000000d4 .L0 
     /tmp/ccOjCBq0.s:2939   .text._ZN10ObjectPoolI3TCBLm20EE12mallocObjectEPPS1_:00000000000000d8 .L0 
     /tmp/ccOjCBq0.s:2942   .text._ZN10ObjectPoolI3TCBLm20EE12mallocObjectEPPS1_:00000000000000e0 .L0 
     /tmp/ccOjCBq0.s:2947   .text._ZN10ObjectPoolI3TCBLm20EE12mallocObjectEPPS1_:00000000000000e8 .L0 
     /tmp/ccOjCBq0.s:2950   .text._ZN10ObjectPoolI3TCBLm20EE12mallocObjectEPPS1_:00000000000000ec .L0 
     /tmp/ccOjCBq0.s:2952   .text._ZN10ObjectPoolI3TCBLm20EE12mallocObjectEPPS1_:00000000000000f0 .L0 
     /tmp/ccOjCBq0.s:2954   .text._ZN10ObjectPoolI3TCBLm20EE12mallocObjectEPPS1_:00000000000000f4 .L0 
     /tmp/ccOjCBq0.s:2956   .text._ZN10ObjectPoolI3TCBLm20EE12mallocObjectEPPS1_:00000000000000f8 .L0 
     /tmp/ccOjCBq0.s:2961   .text._ZN10ObjectPoolI3TCBLm20EE12mallocObjectEPPS1_:0000000000000100 .L0 
     /tmp/ccOjCBq0.s:2968   .text:0000000000000bf0 _ZN6Kernel18makeConsumerThreadEv
     /tmp/ccOjCBq0.s:2971   .text:0000000000000bf0 .L0 
     /tmp/ccOjCBq0.s:2972   .text:0000000000000bf0 .L0 
     /tmp/ccOjCBq0.s:2973   .text:0000000000000bf4 .L0 
     /tmp/ccOjCBq0.s:2978   .text:0000000000000c04 .L0 
     /tmp/ccOjCBq0.s:2979   .text:0000000000000c04 .L0 
     /tmp/ccOjCBq0.s:2980   .text:0000000000000c04 .L0 
     /tmp/ccOjCBq0.s:2981   .text:0000000000000c04 .L0 
     /tmp/ccOjCBq0.s:2983   .text:0000000000000c08 .L0 
     /tmp/ccOjCBq0.s:2985   .text:0000000000000c08 .L0 
     /tmp/ccOjCBq0.s:2986   .text:0000000000000c08 .L0 
     /tmp/ccOjCBq0.s:2992   .text:0000000000000c18 .L0 
     /tmp/ccOjCBq0.s:2993   .text:0000000000000c18 .L0 
     /tmp/ccOjCBq0.s:2994   .text:0000000000000c18 .L0 
     /tmp/ccOjCBq0.s:3003   .text:0000000000000c30 .L0 
     /tmp/ccOjCBq0.s:3004   .text:0000000000000c30 .L0 
     /tmp/ccOjCBq0.s:3006   .text:0000000000000c34 .L0 
     /tmp/ccOjCBq0.s:3007   .text:0000000000000c34 .L0 
     /tmp/ccOjCBq0.s:3017   .text:0000000000000c50 .L0 
     /tmp/ccOjCBq0.s:3018   .text:0000000000000c50 .L0 
     /tmp/ccOjCBq0.s:3031   .text:0000000000000c7c .L0 
     /tmp/ccOjCBq0.s:3032   .text:0000000000000c7c .L0 
     /tmp/ccOjCBq0.s:3033   .text:0000000000000c7c .L0 
     /tmp/ccOjCBq0.s:3039   .text:0000000000000c88 .L0 
     /tmp/ccOjCBq0.s:3040   .text:0000000000000c8c .L0 
     /tmp/ccOjCBq0.s:3042   .text:0000000000000c90 .L0 
     /tmp/ccOjCBq0.s:3043   .text:0000000000000c90 .L0 
     /tmp/ccOjCBq0.s:3045   .text:0000000000000c94 .L0 
     /tmp/ccOjCBq0.s:3048   .text:0000000000000c98 .L0 
     /tmp/ccOjCBq0.s:3051   .text:0000000000000c9c .L0 
     /tmp/ccOjCBq0.s:3053   .text:0000000000000ca0 .L0 
     /tmp/ccOjCBq0.s:3059   .text:0000000000000ca0 _ZN6Kernel18makeProducerThreadEv
     /tmp/ccOjCBq0.s:3062   .text:0000000000000ca0 .L0 
     /tmp/ccOjCBq0.s:3063   .text:0000000000000ca0 .L0 
     /tmp/ccOjCBq0.s:3064   .text:0000000000000ca4 .L0 
     /tmp/ccOjCBq0.s:3069   .text:0000000000000cb4 .L0 
     /tmp/ccOjCBq0.s:3070   .text:0000000000000cb4 .L0 
     /tmp/ccOjCBq0.s:3071   .text:0000000000000cb4 .L0 
     /tmp/ccOjCBq0.s:3072   .text:0000000000000cb4 .L0 
     /tmp/ccOjCBq0.s:3074   .text:0000000000000cb8 .L0 
     /tmp/ccOjCBq0.s:3076   .text:0000000000000cb8 .L0 
     /tmp/ccOjCBq0.s:3077   .text:0000000000000cb8 .L0 
GAS LISTING /tmp/ccOjCBq0.s 			page 117


     /tmp/ccOjCBq0.s:3083   .text:0000000000000cc8 .L0 
     /tmp/ccOjCBq0.s:3084   .text:0000000000000cc8 .L0 
     /tmp/ccOjCBq0.s:3085   .text:0000000000000cc8 .L0 
     /tmp/ccOjCBq0.s:3094   .text:0000000000000ce0 .L0 
     /tmp/ccOjCBq0.s:3095   .text:0000000000000ce0 .L0 
     /tmp/ccOjCBq0.s:3097   .text:0000000000000ce4 .L0 
     /tmp/ccOjCBq0.s:3098   .text:0000000000000ce4 .L0 
     /tmp/ccOjCBq0.s:3108   .text:0000000000000d00 .L0 
     /tmp/ccOjCBq0.s:3109   .text:0000000000000d00 .L0 
     /tmp/ccOjCBq0.s:3122   .text:0000000000000d2c .L0 
     /tmp/ccOjCBq0.s:3123   .text:0000000000000d2c .L0 
     /tmp/ccOjCBq0.s:3124   .text:0000000000000d2c .L0 
     /tmp/ccOjCBq0.s:3130   .text:0000000000000d38 .L0 
     /tmp/ccOjCBq0.s:3131   .text:0000000000000d3c .L0 
     /tmp/ccOjCBq0.s:3133   .text:0000000000000d40 .L0 
     /tmp/ccOjCBq0.s:3134   .text:0000000000000d40 .L0 
     /tmp/ccOjCBq0.s:3136   .text:0000000000000d44 .L0 
     /tmp/ccOjCBq0.s:3139   .text:0000000000000d48 .L0 
     /tmp/ccOjCBq0.s:3142   .text:0000000000000d4c .L0 
     /tmp/ccOjCBq0.s:3144   .text:0000000000000d50 .L0 
     /tmp/ccOjCBq0.s:3150   .text:0000000000000d50 _ZN6Kernel14makeIdleThreadEv
     /tmp/ccOjCBq0.s:3153   .text:0000000000000d50 .L0 
     /tmp/ccOjCBq0.s:3154   .text:0000000000000d50 .L0 
     /tmp/ccOjCBq0.s:3155   .text:0000000000000d54 .L0 
     /tmp/ccOjCBq0.s:3160   .text:0000000000000d64 .L0 
     /tmp/ccOjCBq0.s:3161   .text:0000000000000d64 .L0 
     /tmp/ccOjCBq0.s:3162   .text:0000000000000d64 .L0 
     /tmp/ccOjCBq0.s:3163   .text:0000000000000d64 .L0 
     /tmp/ccOjCBq0.s:3165   .text:0000000000000d68 .L0 
     /tmp/ccOjCBq0.s:3167   .text:0000000000000d68 .L0 
     /tmp/ccOjCBq0.s:3168   .text:0000000000000d68 .L0 
     /tmp/ccOjCBq0.s:3174   .text:0000000000000d78 .L0 
     /tmp/ccOjCBq0.s:3175   .text:0000000000000d78 .L0 
     /tmp/ccOjCBq0.s:3176   .text:0000000000000d78 .L0 
     /tmp/ccOjCBq0.s:3185   .text:0000000000000d90 .L0 
     /tmp/ccOjCBq0.s:3186   .text:0000000000000d90 .L0 
     /tmp/ccOjCBq0.s:3188   .text:0000000000000d94 .L0 
     /tmp/ccOjCBq0.s:3189   .text:0000000000000d94 .L0 
     /tmp/ccOjCBq0.s:3199   .text:0000000000000db0 .L0 
     /tmp/ccOjCBq0.s:3200   .text:0000000000000db0 .L0 
     /tmp/ccOjCBq0.s:3214   .text:0000000000000ddc .L0 
     /tmp/ccOjCBq0.s:3215   .text:0000000000000ddc .L0 
     /tmp/ccOjCBq0.s:3216   .text:0000000000000ddc .L0 
     /tmp/ccOjCBq0.s:3222   .text:0000000000000de8 .L0 
     /tmp/ccOjCBq0.s:3223   .text:0000000000000dec .L0 
     /tmp/ccOjCBq0.s:3225   .text:0000000000000df0 .L0 
     /tmp/ccOjCBq0.s:3226   .text:0000000000000df0 .L0 
     /tmp/ccOjCBq0.s:3228   .text:0000000000000df4 .L0 
     /tmp/ccOjCBq0.s:3231   .text:0000000000000df8 .L0 
     /tmp/ccOjCBq0.s:3234   .text:0000000000000dfc .L0 
     /tmp/ccOjCBq0.s:3236   .text:0000000000000e00 .L0 
     /tmp/ccOjCBq0.s:3242   .text:0000000000000e00 _ZN6Kernel23initializeKernelThreadsEv
     /tmp/ccOjCBq0.s:3245   .text:0000000000000e00 .L0 
     /tmp/ccOjCBq0.s:3246   .text:0000000000000e00 .L0 
     /tmp/ccOjCBq0.s:3247   .text:0000000000000e04 .L0 
     /tmp/ccOjCBq0.s:3250   .text:0000000000000e0c .L0 
     /tmp/ccOjCBq0.s:3251   .text:0000000000000e0c .L0 
GAS LISTING /tmp/ccOjCBq0.s 			page 118


     /tmp/ccOjCBq0.s:3253   .text:0000000000000e10 .L0 
     /tmp/ccOjCBq0.s:3255   .text:0000000000000e10 .L0 
     /tmp/ccOjCBq0.s:3256   .text:0000000000000e10 .L0 
     /tmp/ccOjCBq0.s:3259   .text:0000000000000e18 .L0 
     /tmp/ccOjCBq0.s:3260   .text:0000000000000e18 .L0 
     /tmp/ccOjCBq0.s:3263   .text:0000000000000e20 .L0 
     /tmp/ccOjCBq0.s:3264   .text:0000000000000e20 .L0 
     /tmp/ccOjCBq0.s:3267   .text:0000000000000e28 .L0 
     /tmp/ccOjCBq0.s:3268   .text:0000000000000e2c .L0 
     /tmp/ccOjCBq0.s:3270   .text:0000000000000e30 .L0 
     /tmp/ccOjCBq0.s:3271   .text:0000000000000e30 .L0 
     /tmp/ccOjCBq0.s:3273   .text:0000000000000e34 .L0 
     /tmp/ccOjCBq0.s:3275   .text:0000000000000e38 .L0 
     /tmp/ccOjCBq0.s:3281   .text:0000000000000e38 _ZN6Kernel16initializeKernelEv
     /tmp/ccOjCBq0.s:3284   .text:0000000000000e38 .L0 
     /tmp/ccOjCBq0.s:3285   .text:0000000000000e38 .L0 
     /tmp/ccOjCBq0.s:3286   .text:0000000000000e3c .L0 
     /tmp/ccOjCBq0.s:3290   .text:0000000000000e48 .L0 
     /tmp/ccOjCBq0.s:3291   .text:0000000000000e48 .L0 
     /tmp/ccOjCBq0.s:3292   .text:0000000000000e48 .L0 
     /tmp/ccOjCBq0.s:3294   .text:0000000000000e4c .L0 
     /tmp/ccOjCBq0.s:3299   .text:0000000000000e4c .L0 
     /tmp/ccOjCBq0.s:3300   .text:0000000000000e4c .L0 
     /tmp/ccOjCBq0.s:3301   .text:0000000000000e4c .L0 
     /tmp/ccOjCBq0.s:3306   .text:0000000000000e54 .L0 
src/../h/Machine.hpp:42     .text:0000000000000e54 .L0 
     /tmp/ccOjCBq0.s:3316   .text:0000000000000e58 .L0 
     /tmp/ccOjCBq0.s:3325   .text:0000000000000e5c .L0 
     /tmp/ccOjCBq0.s:3333   .text:0000000000000e68 .L0 
     /tmp/ccOjCBq0.s:3336   .text:0000000000000e70 .L0 
     /tmp/ccOjCBq0.s:3337   .text:0000000000000e70 .L0 
     /tmp/ccOjCBq0.s:3340   .text:0000000000000e7c .L0 
     /tmp/ccOjCBq0.s:3341   .text:0000000000000e7c .L0 
     /tmp/ccOjCBq0.s:3348   .text:0000000000000e8c .L0 
     /tmp/ccOjCBq0.s:3356   .text:0000000000000e9c .L0 
     /tmp/ccOjCBq0.s:3360   .text:0000000000000ea0 .L0 
     /tmp/ccOjCBq0.s:3363   .text:0000000000000ea8 .L0 
     /tmp/ccOjCBq0.s:3365   .text:0000000000000eac .L0 
     /tmp/ccOjCBq0.s:3370   .text:0000000000000ebc .L0 
     /tmp/ccOjCBq0.s:3377   .text:0000000000000ed0 .L0 
     /tmp/ccOjCBq0.s:3389   .text:0000000000000ed8 .L0 
     /tmp/ccOjCBq0.s:3395   .text:0000000000000edc .L0 
     /tmp/ccOjCBq0.s:3398   .text:0000000000000ee4 .L0 
     /tmp/ccOjCBq0.s:3399   .text:0000000000000ee4 .L0 
     /tmp/ccOjCBq0.s:3402   .text:0000000000000ef0 .L0 
     /tmp/ccOjCBq0.s:3403   .text:0000000000000ef0 .L0 
     /tmp/ccOjCBq0.s:3409   .text:0000000000000efc .L0 
     /tmp/ccOjCBq0.s:3416   .text:0000000000000f08 .L0 
     /tmp/ccOjCBq0.s:3420   .text:0000000000000f0c .L0 
     /tmp/ccOjCBq0.s:3423   .text:0000000000000f14 .L0 
     /tmp/ccOjCBq0.s:3425   .text:0000000000000f18 .L0 
     /tmp/ccOjCBq0.s:3428   .text:0000000000000f20 .L0 
     /tmp/ccOjCBq0.s:3434   .text:0000000000000f2c .L0 
     /tmp/ccOjCBq0.s:3443   .text:0000000000000f34 .L0 
     /tmp/ccOjCBq0.s:3444   .text:0000000000000f34 .L0 
     /tmp/ccOjCBq0.s:3447   .text:0000000000000f3c .L0 
     /tmp/ccOjCBq0.s:3448   .text:0000000000000f3c .L0 
GAS LISTING /tmp/ccOjCBq0.s 			page 119


     /tmp/ccOjCBq0.s:3451   .text:0000000000000f44 .L0 
     /tmp/ccOjCBq0.s:3452   .text:0000000000000f48 .L0 
     /tmp/ccOjCBq0.s:3454   .text:0000000000000f4c .L0 
     /tmp/ccOjCBq0.s:3455   .text:0000000000000f4c .L0 
     /tmp/ccOjCBq0.s:3457   .text:0000000000000f50 .L0 
     /tmp/ccOjCBq0.s:3459   .text:0000000000000f54 .L0 
     /tmp/ccOjCBq0.s:3461   .text:0000000000000f58 .L0 
     /tmp/ccOjCBq0.s:3470   .text:0000000000000f58 .L0 
     /tmp/ccOjCBq0.s:3472   .text:0000000000000f58 .L0 
     /tmp/ccOjCBq0.s:3473   .text:0000000000000f5c .L0 
     /tmp/ccOjCBq0.s:3478   .text:0000000000000f6c .L0 
     /tmp/ccOjCBq0.s:3479   .text:0000000000000f6c .L0 
     /tmp/ccOjCBq0.s:3480   .text:0000000000000f6c .L0 
     /tmp/ccOjCBq0.s:3481   .text:0000000000000f6c .L0 
     /tmp/ccOjCBq0.s:3483   .text:0000000000000f70 .L0 
     /tmp/ccOjCBq0.s:3486   .text:0000000000000f74 .L0 
     /tmp/ccOjCBq0.s:3487   .text:0000000000000f74 .L0 
     /tmp/ccOjCBq0.s:3488   .text:0000000000000f74 .L0 
     /tmp/ccOjCBq0.s:3494   .text:0000000000000f88 .L0 
     /tmp/ccOjCBq0.s:3497   .text:0000000000000f90 .L0 
     /tmp/ccOjCBq0.s:3498   .text:0000000000000f90 .L0 
      src/Kernel.cpp:252    .text:0000000000000f94 .L0 
     /tmp/ccOjCBq0.s:3505   .text:0000000000000f98 .L0 
     /tmp/ccOjCBq0.s:3507   .text:0000000000000f98 .L0 
     /tmp/ccOjCBq0.s:3514   .text:0000000000000fa8 .L0 
     /tmp/ccOjCBq0.s:3515   .text:0000000000000fa8 .L0 
     /tmp/ccOjCBq0.s:3526   .text:0000000000000fcc .L0 
     /tmp/ccOjCBq0.s:3530   .text:0000000000000fd0 .L0 
     /tmp/ccOjCBq0.s:3531   .text:0000000000000fd4 .L0 
     /tmp/ccOjCBq0.s:3532   .text:0000000000000fd4 .L0 
     /tmp/ccOjCBq0.s:3534   .text:0000000000000fd8 .L0 
     /tmp/ccOjCBq0.s:3535   .text:0000000000000fd8 .L0 
     /tmp/ccOjCBq0.s:3537   .text:0000000000000fdc .L0 
     /tmp/ccOjCBq0.s:3540   .text:0000000000000fe0 .L0 
     /tmp/ccOjCBq0.s:3542   .text:0000000000000fe4 .L0 
     /tmp/ccOjCBq0.s:3546   .text:0000000000000fe8 .L0 
     /tmp/ccOjCBq0.s:3548   .text:0000000000000fe8 .L0 
     /tmp/ccOjCBq0.s:3551   .text:0000000000000ff0 .L0 
     /tmp/ccOjCBq0.s:3558   .text._ZN10ObjectPoolI10KSemaphoreLm10EE12findFreePoolEv:0000000000000000 _ZN10ObjectPoolI10KSemaphoreLm10EE12findFreePoolEv
     /tmp/ccOjCBq0.s:3561   .text._ZN10ObjectPoolI10KSemaphoreLm10EE12findFreePoolEv:0000000000000000 .L0 
     /tmp/ccOjCBq0.s:3563   .text._ZN10ObjectPoolI10KSemaphoreLm10EE12findFreePoolEv:0000000000000000 .L0 
     /tmp/ccOjCBq0.s:3564   .text._ZN10ObjectPoolI10KSemaphoreLm10EE12findFreePoolEv:0000000000000004 .L0 
     /tmp/ccOjCBq0.s:3566   .text._ZN10ObjectPoolI10KSemaphoreLm10EE12findFreePoolEv:0000000000000008 .L0 
     /tmp/ccOjCBq0.s:3568   .text._ZN10ObjectPoolI10KSemaphoreLm10EE12findFreePoolEv:000000000000000c .L0 
     /tmp/ccOjCBq0.s:3573   .text._ZN10ObjectPoolI10KSemaphoreLm10EE12findFreePoolEv:0000000000000010 .L0 
     /tmp/ccOjCBq0.s:3575   .text._ZN10ObjectPoolI10KSemaphoreLm10EE12findFreePoolEv:0000000000000014 .L0 
     /tmp/ccOjCBq0.s:3578   .text._ZN10ObjectPoolI10KSemaphoreLm10EE12findFreePoolEv:0000000000000018 .L0 
     /tmp/ccOjCBq0.s:3580   .text._ZN10ObjectPoolI10KSemaphoreLm10EE12findFreePoolEv:000000000000001c .L0 
     /tmp/ccOjCBq0.s:3582   .text._ZN10ObjectPoolI10KSemaphoreLm10EE12findFreePoolEv:0000000000000020 .L0 
     /tmp/ccOjCBq0.s:3585   .text._ZN10ObjectPoolI10KSemaphoreLm10EE12findFreePoolEv:0000000000000024 .L0 
     /tmp/ccOjCBq0.s:3586   .text._ZN10ObjectPoolI10KSemaphoreLm10EE12findFreePoolEv:0000000000000028 .L0 
     /tmp/ccOjCBq0.s:3587   .text._ZN10ObjectPoolI10KSemaphoreLm10EE12findFreePoolEv:0000000000000028 .L0 
     /tmp/ccOjCBq0.s:3589   .text._ZN10ObjectPoolI10KSemaphoreLm10EE12findFreePoolEv:000000000000002c .L0 
     /tmp/ccOjCBq0.s:3591   .text._ZN10ObjectPoolI10KSemaphoreLm10EE12findFreePoolEv:0000000000000030 .L0 
     /tmp/ccOjCBq0.s:3598   .text._ZN10ObjectPoolI10KSemaphoreLm10EE12mallocObjectEPPS1_:0000000000000000 _ZN10ObjectPoolI10KSemaphoreLm10EE12mallocObjectEPPS1_
     /tmp/ccOjCBq0.s:3601   .text._ZN10ObjectPoolI10KSemaphoreLm10EE12mallocObjectEPPS1_:0000000000000000 .L0 
     /tmp/ccOjCBq0.s:3603   .text._ZN10ObjectPoolI10KSemaphoreLm10EE12mallocObjectEPPS1_:0000000000000000 .L0 
GAS LISTING /tmp/ccOjCBq0.s 			page 120


     /tmp/ccOjCBq0.s:3604   .text._ZN10ObjectPoolI10KSemaphoreLm10EE12mallocObjectEPPS1_:0000000000000004 .L0 
     /tmp/ccOjCBq0.s:3609   .text._ZN10ObjectPoolI10KSemaphoreLm10EE12mallocObjectEPPS1_:0000000000000014 .L0 
     /tmp/ccOjCBq0.s:3610   .text._ZN10ObjectPoolI10KSemaphoreLm10EE12mallocObjectEPPS1_:0000000000000014 .L0 
     /tmp/ccOjCBq0.s:3611   .text._ZN10ObjectPoolI10KSemaphoreLm10EE12mallocObjectEPPS1_:0000000000000014 .L0 
     /tmp/ccOjCBq0.s:3612   .text._ZN10ObjectPoolI10KSemaphoreLm10EE12mallocObjectEPPS1_:0000000000000014 .L0 
     /tmp/ccOjCBq0.s:3614   .text._ZN10ObjectPoolI10KSemaphoreLm10EE12mallocObjectEPPS1_:0000000000000018 .L0 
     /tmp/ccOjCBq0.s:3617   .text._ZN10ObjectPoolI10KSemaphoreLm10EE12mallocObjectEPPS1_:000000000000001c .L0 
     /tmp/ccOjCBq0.s:3623   .text._ZN10ObjectPoolI10KSemaphoreLm10EE12mallocObjectEPPS1_:0000000000000028 .L0 
     /tmp/ccOjCBq0.s:3625   .text._ZN10ObjectPoolI10KSemaphoreLm10EE12mallocObjectEPPS1_:000000000000002c .L0 
     /tmp/ccOjCBq0.s:3629   .text._ZN10ObjectPoolI10KSemaphoreLm10EE12mallocObjectEPPS1_:0000000000000030 .L0 
     /tmp/ccOjCBq0.s:3631   .text._ZN10ObjectPoolI10KSemaphoreLm10EE12mallocObjectEPPS1_:0000000000000034 .L0 
     /tmp/ccOjCBq0.s:3633   .text._ZN10ObjectPoolI10KSemaphoreLm10EE12mallocObjectEPPS1_:0000000000000038 .L0 
     /tmp/ccOjCBq0.s:3639   .text._ZN10ObjectPoolI10KSemaphoreLm10EE12mallocObjectEPPS1_:000000000000003c .L0 
     /tmp/ccOjCBq0.s:3640   .text._ZN10ObjectPoolI10KSemaphoreLm10EE12mallocObjectEPPS1_:0000000000000040 .L0 
     /tmp/ccOjCBq0.s:3641   .text._ZN10ObjectPoolI10KSemaphoreLm10EE12mallocObjectEPPS1_:0000000000000040 .L0 
     /tmp/ccOjCBq0.s:3643   .text._ZN10ObjectPoolI10KSemaphoreLm10EE12mallocObjectEPPS1_:0000000000000044 .L0 
     /tmp/ccOjCBq0.s:3644   .text._ZN10ObjectPoolI10KSemaphoreLm10EE12mallocObjectEPPS1_:0000000000000044 .L0 
     /tmp/ccOjCBq0.s:3646   .text._ZN10ObjectPoolI10KSemaphoreLm10EE12mallocObjectEPPS1_:0000000000000048 .L0 
     /tmp/ccOjCBq0.s:3649   .text._ZN10ObjectPoolI10KSemaphoreLm10EE12mallocObjectEPPS1_:000000000000004c .L0 
     /tmp/ccOjCBq0.s:3652   .text._ZN10ObjectPoolI10KSemaphoreLm10EE12mallocObjectEPPS1_:0000000000000050 .L0 
     /tmp/ccOjCBq0.s:3656   .text._ZN10ObjectPoolI10KSemaphoreLm10EE12mallocObjectEPPS1_:0000000000000054 .L0 
     /tmp/ccOjCBq0.s:3660   .text._ZN10ObjectPoolI10KSemaphoreLm10EE12mallocObjectEPPS1_:0000000000000054 .L0 
     /tmp/ccOjCBq0.s:3666   .text._ZN10ObjectPoolI10KSemaphoreLm10EE12mallocObjectEPPS1_:0000000000000060 .L0 
     /tmp/ccOjCBq0.s:3673   .text._ZN10ObjectPoolI10KSemaphoreLm10EE12mallocObjectEPPS1_:000000000000006c .L0 
     /tmp/ccOjCBq0.s:3678   .text._ZN10ObjectPoolI10KSemaphoreLm10EE12mallocObjectEPPS1_:0000000000000074 .L0 
     /tmp/ccOjCBq0.s:3680   .text._ZN10ObjectPoolI10KSemaphoreLm10EE12mallocObjectEPPS1_:0000000000000078 .L0 
     /tmp/ccOjCBq0.s:3683   .text._ZN10ObjectPoolI10KSemaphoreLm10EE12mallocObjectEPPS1_:0000000000000080 .L0 
     /tmp/ccOjCBq0.s:3689   .text._ZN10ObjectPoolI10KSemaphoreLm10EE12mallocObjectEPPS1_:000000000000008c .L0 
     /tmp/ccOjCBq0.s:3693   .text._ZN10ObjectPoolI10KSemaphoreLm10EE12mallocObjectEPPS1_:0000000000000090 .L0 
     /tmp/ccOjCBq0.s:3697   .text._ZN10ObjectPoolI10KSemaphoreLm10EE12mallocObjectEPPS1_:0000000000000098 .L0 
     /tmp/ccOjCBq0.s:3703   .text._ZN10ObjectPoolI10KSemaphoreLm10EE12mallocObjectEPPS1_:000000000000009c .L0 
     /tmp/ccOjCBq0.s:3705   .text._ZN10ObjectPoolI10KSemaphoreLm10EE12mallocObjectEPPS1_:00000000000000a0 .L0 
     /tmp/ccOjCBq0.s:3707   .text._ZN10ObjectPoolI10KSemaphoreLm10EE12mallocObjectEPPS1_:00000000000000a4 .L0 
     /tmp/ccOjCBq0.s:3709   .text._ZN10ObjectPoolI10KSemaphoreLm10EE12mallocObjectEPPS1_:00000000000000a8 .L0 
     /tmp/ccOjCBq0.s:3712   .text._ZN10ObjectPoolI10KSemaphoreLm10EE12mallocObjectEPPS1_:00000000000000ac .L0 
     /tmp/ccOjCBq0.s:3714   .text._ZN10ObjectPoolI10KSemaphoreLm10EE12mallocObjectEPPS1_:00000000000000b0 .L0 
     /tmp/ccOjCBq0.s:3716   .text._ZN10ObjectPoolI10KSemaphoreLm10EE12mallocObjectEPPS1_:00000000000000b4 .L0 
     /tmp/ccOjCBq0.s:3718   .text._ZN10ObjectPoolI10KSemaphoreLm10EE12mallocObjectEPPS1_:00000000000000b8 .L0 
     /tmp/ccOjCBq0.s:3723   .text._ZN10ObjectPoolI10KSemaphoreLm10EE12mallocObjectEPPS1_:00000000000000c0 .L0 
     /tmp/ccOjCBq0.s:3733   .text:0000000000000ff0 .L0 
     /tmp/ccOjCBq0.s:3735   .text:0000000000000ff0 .L0 
     /tmp/ccOjCBq0.s:3736   .text:0000000000000ff4 .L0 
     /tmp/ccOjCBq0.s:3740   .text:0000000000001000 .L0 
     /tmp/ccOjCBq0.s:3741   .text:0000000000001000 .L0 
     /tmp/ccOjCBq0.s:3742   .text:0000000000001000 .L0 
     /tmp/ccOjCBq0.s:3744   .text:0000000000001004 .L0 
     /tmp/ccOjCBq0.s:3747   .text:0000000000001008 .L0 
     /tmp/ccOjCBq0.s:3748   .text:0000000000001008 .L0 
     /tmp/ccOjCBq0.s:3749   .text:0000000000001008 .L0 
     /tmp/ccOjCBq0.s:3755   .text:000000000000101c .L0 
     /tmp/ccOjCBq0.s:3757   .text:0000000000001020 .L0 
     /tmp/ccOjCBq0.s:3758   .text:0000000000001020 .L0 
      src/Kernel.cpp:306    .text:0000000000001024 .L0 
     /tmp/ccOjCBq0.s:3765   .text:0000000000001028 .L0 
     /tmp/ccOjCBq0.s:3767   .text:0000000000001028 .L0 
     /tmp/ccOjCBq0.s:3772   .text:0000000000001038 .L0 
     /tmp/ccOjCBq0.s:3775   .text:000000000000103c .L0 
GAS LISTING /tmp/ccOjCBq0.s 			page 121


     /tmp/ccOjCBq0.s:3776   .text:0000000000001040 .L0 
     /tmp/ccOjCBq0.s:3777   .text:0000000000001040 .L0 
     /tmp/ccOjCBq0.s:3779   .text:0000000000001044 .L0 
     /tmp/ccOjCBq0.s:3780   .text:0000000000001044 .L0 
     /tmp/ccOjCBq0.s:3782   .text:0000000000001048 .L0 
     /tmp/ccOjCBq0.s:3785   .text:000000000000104c .L0 
     /tmp/ccOjCBq0.s:3789   .text:0000000000001050 .L0 
     /tmp/ccOjCBq0.s:3791   .text:0000000000001050 .L0 
     /tmp/ccOjCBq0.s:3794   .text:0000000000001058 .L0 
     /tmp/ccOjCBq0.s:3799   .text:0000000000001058 _GLOBAL__sub_I__ZN6Kernel16systemCallsTableE
     /tmp/ccOjCBq0.s:3802   .text:0000000000001058 .L0 
     /tmp/ccOjCBq0.s:3803   .text:0000000000001058 .L0 
     /tmp/ccOjCBq0.s:3804   .text:000000000000105c .L0 
     /tmp/ccOjCBq0.s:3807   .text:0000000000001064 .L0 
     /tmp/ccOjCBq0.s:3808   .text:0000000000001064 .L0 
     /tmp/ccOjCBq0.s:3810   .text:0000000000001068 .L0 
     /tmp/ccOjCBq0.s:3812   .text:0000000000001068 .L0 
     /tmp/ccOjCBq0.s:3818   .text:0000000000001080 .L0 
     /tmp/ccOjCBq0.s:3820   .text:0000000000001084 .L0 
     /tmp/ccOjCBq0.s:3821   .text:0000000000001084 .L0 
     /tmp/ccOjCBq0.s:3823   .text:0000000000001088 .L0 
     /tmp/ccOjCBq0.s:3825   .text:000000000000108c .L0 
     /tmp/ccOjCBq0.s:3851   .bss:0000000000000228 _ZN6Kernel16poolOfSemaphoresE
     /tmp/ccOjCBq0.s:3847   .bss:0000000000000220 _ZN6Kernel13poolOfThreadsE
     /tmp/ccOjCBq0.s:3843   .bss:0000000000000008 _ZN6Kernel16systemCallsTableE
     /tmp/ccOjCBq0.s:3836   .bss:0000000000000000 .LANCHOR0
     /tmp/ccOjCBq0.s:3839   .bss:0000000000000000 _ZN6Kernel20queueOfAsleepThreadsE
     /tmp/ccOjCBq0.s:3858   .text:000000000000108c .L0 
     /tmp/ccOjCBq0.s:1176   .text._ZNK6BufferIcLm100EE13isBufferEmptyEv:0000000000000020 .L0 
     /tmp/ccOjCBq0.s:1334   .text._ZNK6BufferIcLm100EE12isBufferFullEv:0000000000000024 .L0 
     /tmp/ccOjCBq0.s:2062   .text._ZN10ObjectPoolI3TCBLm20EEnwEm:000000000000003c .L0 
     /tmp/ccOjCBq0.s:2094   .text._ZN10ObjectPoolI3TCBLm20EEdlEPv:0000000000000028 .L0 
     /tmp/ccOjCBq0.s:2139   .text._ZN10ObjectPoolI10KSemaphoreLm10EEnwEm:000000000000003c .L0 
     /tmp/ccOjCBq0.s:2326   .text._ZN10ObjectPoolI10KSemaphoreLm10EEdlEPv:0000000000000028 .L0 
     /tmp/ccOjCBq0.s:2499   .text._ZN10ObjectPoolI3TCBLm20EE10freeObjectEPS0_:0000000000000034 .L0 
     /tmp/ccOjCBq0.s:2693   .text._ZN10ObjectPoolI10KSemaphoreLm10EE10freeObjectEPS0_:000000000000002c .L0 
     /tmp/ccOjCBq0.s:2814   .text._ZN10ObjectPoolI3TCBLm20EE12findFreePoolEv:000000000000003c .L0 
     /tmp/ccOjCBq0.s:2964   .text._ZN10ObjectPoolI3TCBLm20EE12mallocObjectEPPS1_:0000000000000100 .L0 
     /tmp/ccOjCBq0.s:3594   .text._ZN10ObjectPoolI10KSemaphoreLm10EE12findFreePoolEv:0000000000000030 .L0 
     /tmp/ccOjCBq0.s:3726   .text._ZN10ObjectPoolI10KSemaphoreLm10EE12mallocObjectEPPS1_:00000000000000c0 .L0 
     /tmp/ccOjCBq0.s:581    .text:0000000000000268 .L0 
     /tmp/ccOjCBq0.s:619    .text:0000000000000284 .L0 
     /tmp/ccOjCBq0.s:687    .text:00000000000002d0 .L0 
     /tmp/ccOjCBq0.s:716    .text:00000000000002ec .L0 
     /tmp/ccOjCBq0.s:990    .text:0000000000000430 .L0 
     /tmp/ccOjCBq0.s:1007   .text:000000000000044c .L0 
     /tmp/ccOjCBq0.s:1073   .text:00000000000004a4 .L0 
     /tmp/ccOjCBq0.s:1074   .text:00000000000004ac .L0 
     /tmp/ccOjCBq0.s:1078   .text:00000000000004b8 .L0 
     /tmp/ccOjCBq0.s:1082   .text:00000000000004c4 .L0 
     /tmp/ccOjCBq0.s:1086   .text:00000000000004d0 .L0 
     /tmp/ccOjCBq0.s:1090   .text:00000000000004dc .L0 
     /tmp/ccOjCBq0.s:1094   .text:00000000000004e8 .L0 
     /tmp/ccOjCBq0.s:1098   .text:00000000000004f4 .L0 
     /tmp/ccOjCBq0.s:1102   .text:0000000000000500 .L0 
     /tmp/ccOjCBq0.s:1106   .text:000000000000050c .L0 
     /tmp/ccOjCBq0.s:1110   .text:0000000000000518 .L0 
GAS LISTING /tmp/ccOjCBq0.s 			page 122


     /tmp/ccOjCBq0.s:1114   .text:0000000000000524 .L0 
     /tmp/ccOjCBq0.s:1118   .text:0000000000000530 .L0 
     /tmp/ccOjCBq0.s:1122   .text:000000000000053c .L0 
     /tmp/ccOjCBq0.s:1126   .text:0000000000000548 .L0 
     /tmp/ccOjCBq0.s:1130   .text:0000000000000554 .L0 
     /tmp/ccOjCBq0.s:1134   .text:0000000000000560 .L0 
     /tmp/ccOjCBq0.s:1204   .text:0000000000000590 .L0 
     /tmp/ccOjCBq0.s:1242   .text:00000000000005c8 .L0 
     /tmp/ccOjCBq0.s:1475   .text:0000000000000694 .L0 
     /tmp/ccOjCBq0.s:1615   .text:0000000000000714 .L0 
     /tmp/ccOjCBq0.s:1634   .text:0000000000000730 .L0 
     /tmp/ccOjCBq0.s:1708   .text:0000000000000770 .L0 
     /tmp/ccOjCBq0.s:1725   .text:0000000000000784 .L0 
     /tmp/ccOjCBq0.s:1756   .text:00000000000007a4 .L0 
     /tmp/ccOjCBq0.s:1838   .text:00000000000007d4 .L0 
     /tmp/ccOjCBq0.s:1849   .text:00000000000007ec .L0 
     /tmp/ccOjCBq0.s:1871   .text:0000000000000814 .L0 
     /tmp/ccOjCBq0.s:1910   .text:000000000000084c .L0 
     /tmp/ccOjCBq0.s:1955   .text:0000000000000890 .L0 
     /tmp/ccOjCBq0.s:2219   .text:0000000000000964 .L0 
     /tmp/ccOjCBq0.s:2264   .text:00000000000009b4 .L0 
     /tmp/ccOjCBq0.s:2350   .text:0000000000000a08 .L0 
     /tmp/ccOjCBq0.s:2391   .text:0000000000000a4c .L0 
     /tmp/ccOjCBq0.s:2428   .text:0000000000000a88 .L0 
     /tmp/ccOjCBq0.s:2548   .text:0000000000000ae8 .L0 
     /tmp/ccOjCBq0.s:2580   .text:0000000000000b18 .L0 
     /tmp/ccOjCBq0.s:2730   .text:0000000000000ba4 .L0 
     /tmp/ccOjCBq0.s:2995   .text:0000000000000c1c .L0 
     /tmp/ccOjCBq0.s:3008   .text:0000000000000c38 .L0 
     /tmp/ccOjCBq0.s:3024   .text:0000000000000c68 .L0 
     /tmp/ccOjCBq0.s:3033   .text:0000000000000c7c .L0 
     /tmp/ccOjCBq0.s:3086   .text:0000000000000ccc .L0 
     /tmp/ccOjCBq0.s:3099   .text:0000000000000ce8 .L0 
     /tmp/ccOjCBq0.s:3115   .text:0000000000000d18 .L0 
     /tmp/ccOjCBq0.s:3124   .text:0000000000000d2c .L0 
     /tmp/ccOjCBq0.s:3177   .text:0000000000000d7c .L0 
     /tmp/ccOjCBq0.s:3190   .text:0000000000000d98 .L0 
     /tmp/ccOjCBq0.s:3206   .text:0000000000000dc8 .L0 
     /tmp/ccOjCBq0.s:3216   .text:0000000000000ddc .L0 
     /tmp/ccOjCBq0.s:3301   .text:0000000000000e4c .L0 
     /tmp/ccOjCBq0.s:3333   .text:0000000000000e68 .L0 
     /tmp/ccOjCBq0.s:3337   .text:0000000000000e70 .L0 
     /tmp/ccOjCBq0.s:3395   .text:0000000000000edc .L0 
     /tmp/ccOjCBq0.s:3399   .text:0000000000000ee4 .L0 
     /tmp/ccOjCBq0.s:3489   .text:0000000000000f78 .L0 
     /tmp/ccOjCBq0.s:3750   .text:000000000000100c .L0 
     /tmp/ccOjCBq0.s:20     .text:000000000000000c .L2
     /tmp/ccOjCBq0.s:92     .text:0000000000000058 .L9
     /tmp/ccOjCBq0.s:83     .text:000000000000004c .L6
     /tmp/ccOjCBq0.s:178    .text:00000000000000a0 .L17
     /tmp/ccOjCBq0.s:183    .text:00000000000000a8 .L12
     /tmp/ccOjCBq0.s:125    .text:000000000000007c .L13
     /tmp/ccOjCBq0.s:118    .text:0000000000000074 .L11
     /tmp/ccOjCBq0.s:242    .text:00000000000000d4 .L18
     /tmp/ccOjCBq0.s:230    .text:00000000000000c8 .L10
     /tmp/ccOjCBq0.s:343    .text:000000000000013c .L22
     /tmp/ccOjCBq0.s:635    .text:00000000000002ac .L39
GAS LISTING /tmp/ccOjCBq0.s 			page 123


     /tmp/ccOjCBq0.s:608    .text:0000000000000284 .L37
     /tmp/ccOjCBq0.s:948    .text:00000000000003fc .L49
     /tmp/ccOjCBq0.s:1043   .text:0000000000000484 .L51
     /tmp/ccOjCBq0.s:1001   .text:000000000000044c .L53
     /tmp/ccOjCBq0.s:1233   .text:00000000000005c8 .L62
     /tmp/ccOjCBq0.s:1213   .text:00000000000005a8 .L60
     /tmp/ccOjCBq0.s:1683   .text:0000000000000768 .L66
     /tmp/ccOjCBq0.s:1544   .text:00000000000006e4 .L67
     /tmp/ccOjCBq0.s:1522   .text:00000000000006c4 .L65
     /tmp/ccOjCBq0.s:1843   .text:00000000000007ec .L72
     /tmp/ccOjCBq0.s:1824   .text:00000000000007d4 .L73
     /tmp/ccOjCBq0.s:1748   .text:00000000000007a4 .L78
     /tmp/ccOjCBq0.s:1740   .text:0000000000000798 .L71
     /tmp/ccOjCBq0.s:1647   .text:0000000000000754 .L74
     /tmp/ccOjCBq0.s:1863   .text:0000000000000814 .L75
     /tmp/ccOjCBq0.s:1946   .text:0000000000000890 .L82
     /tmp/ccOjCBq0.s:1919   .text:0000000000000864 .L80
     /tmp/ccOjCBq0.s:2151   .text:00000000000008dc .L101
     /tmp/ccOjCBq0.s:2149   .text:00000000000008d8 .L98
     /tmp/ccOjCBq0.s:2208   .text:0000000000000958 .L93
     /tmp/ccOjCBq0.s:2186   .text:0000000000000920 .L94
     /tmp/ccOjCBq0.s:2255   .text:00000000000009b0 .L95
     /tmp/ccOjCBq0.s:2236   .text:0000000000000988 .L96
     /tmp/ccOjCBq0.s:2388   .text:0000000000000a4c .L105
     /tmp/ccOjCBq0.s:2380   .text:0000000000000a40 .L106
     /tmp/ccOjCBq0.s:2374   .text:0000000000000a3c .L107
     /tmp/ccOjCBq0.s:2364   .text:0000000000000a2c .L113
     /tmp/ccOjCBq0.s:2425   .text:0000000000000a88 .L108
     /tmp/ccOjCBq0.s:2416   .text:0000000000000a7c .L109
     /tmp/ccOjCBq0.s:2402   .text:0000000000000a64 .L110
     /tmp/ccOjCBq0.s:2434   .text:0000000000000a9c .L104
     /tmp/ccOjCBq0.s:2571   .text:0000000000000b18 .L120
     /tmp/ccOjCBq0.s:2637   .text:0000000000000b58 .L121
     /tmp/ccOjCBq0.s:2539   .text:0000000000000ae0 .L117
     /tmp/ccOjCBq0.s:2544   .text:0000000000000ae4 .L118
     /tmp/ccOjCBq0.s:2756   .text:0000000000000bd4 .L127
     /tmp/ccOjCBq0.s:2737   .text:0000000000000bb8 .L124
     /tmp/ccOjCBq0.s:3015   .text:0000000000000c50 .L139
     /tmp/ccOjCBq0.s:3000   .text:0000000000000c30 .L140
     /tmp/ccOjCBq0.s:3106   .text:0000000000000d00 .L143
     /tmp/ccOjCBq0.s:3091   .text:0000000000000ce0 .L144
     /tmp/ccOjCBq0.s:3197   .text:0000000000000db0 .L147
     /tmp/ccOjCBq0.s:3182   .text:0000000000000d90 .L148
     /tmp/ccOjCBq0.s:3334   .text:0000000000000e70 .L156
     /tmp/ccOjCBq0.s:3396   .text:0000000000000ee4 .L153
     /tmp/ccOjCBq0.s:3318   .text:0000000000000e5c .L154
     /tmp/ccOjCBq0.s:3358   .text:0000000000000ea0 .L155
     /tmp/ccOjCBq0.s:3437   .text:0000000000000f34 .L157
     /tmp/ccOjCBq0.s:3380   .text:0000000000000ed8 .L158
     /tmp/ccOjCBq0.s:3418   .text:0000000000000f0c .L159
     /tmp/ccOjCBq0.s:3545   .text:0000000000000fe8 .L163
     /tmp/ccOjCBq0.s:3528   .text:0000000000000fd0 .L161
     /tmp/ccOjCBq0.s:3788   .text:0000000000001050 .L178
     /tmp/ccOjCBq0.s:3773   .text:000000000000103c .L176
     /tmp/ccOjCBq0.s:2043   .text._ZN10ObjectPoolI3TCBLm20EEnwEm:0000000000000020 .L84
     /tmp/ccOjCBq0.s:2120   .text._ZN10ObjectPoolI10KSemaphoreLm10EEnwEm:0000000000000020 .L89
     /tmp/ccOjCBq0.s:2803   .text._ZN10ObjectPoolI3TCBLm20EE12findFreePoolEv:0000000000000030 .L128
GAS LISTING /tmp/ccOjCBq0.s 			page 124


     /tmp/ccOjCBq0.s:2788   .text._ZN10ObjectPoolI3TCBLm20EE12findFreePoolEv:0000000000000010 .L130
     /tmp/ccOjCBq0.s:2882   .text._ZN10ObjectPoolI3TCBLm20EE12mallocObjectEPPS1_:000000000000006c .L133
     /tmp/ccOjCBq0.s:2926   .text._ZN10ObjectPoolI3TCBLm20EE12mallocObjectEPPS1_:00000000000000c8 .L135
     /tmp/ccOjCBq0.s:2904   .text._ZN10ObjectPoolI3TCBLm20EE12mallocObjectEPPS1_:0000000000000090 .L136
     /tmp/ccOjCBq0.s:2861   .text._ZN10ObjectPoolI3TCBLm20EE12mallocObjectEPPS1_:0000000000000050 .L132
     /tmp/ccOjCBq0.s:3583   .text._ZN10ObjectPoolI10KSemaphoreLm10EE12findFreePoolEv:0000000000000024 .L165
     /tmp/ccOjCBq0.s:3571   .text._ZN10ObjectPoolI10KSemaphoreLm10EE12findFreePoolEv:0000000000000010 .L167
     /tmp/ccOjCBq0.s:3655   .text._ZN10ObjectPoolI10KSemaphoreLm10EE12mallocObjectEPPS1_:0000000000000054 .L170
     /tmp/ccOjCBq0.s:3691   .text._ZN10ObjectPoolI10KSemaphoreLm10EE12mallocObjectEPPS1_:0000000000000090 .L173
     /tmp/ccOjCBq0.s:3676   .text._ZN10ObjectPoolI10KSemaphoreLm10EE12mallocObjectEPPS1_:0000000000000074 .L175
     /tmp/ccOjCBq0.s:3635   .text._ZN10ObjectPoolI10KSemaphoreLm10EE12mallocObjectEPPS1_:000000000000003c .L169
     /tmp/ccOjCBq0.s:10522  .debug_abbrev:0000000000000000 .Ldebug_abbrev0
     /tmp/ccOjCBq0.s:15245  .debug_str:0000000000002008 .LASF448
     /tmp/ccOjCBq0.s:15015  .debug_str:00000000000016d6 .LASF449
     /tmp/ccOjCBq0.s:14539  .debug_str:0000000000000236 .LASF450
     /tmp/ccOjCBq0.s:14413  .debug_ranges:0000000000000000 .Ldebug_ranges0
     /tmp/ccOjCBq0.s:14475  .debug_line:0000000000000000 .Ldebug_line0
     /tmp/ccOjCBq0.s:14545  .debug_str:0000000000000292 .LASF0
     /tmp/ccOjCBq0.s:15319  .debug_str:00000000000023b4 .LASF1
     /tmp/ccOjCBq0.s:15249  .debug_str:00000000000020eb .LASF2
     /tmp/ccOjCBq0.s:15343  .debug_str:00000000000024db .LASF3
     /tmp/ccOjCBq0.s:15199  .debug_str:0000000000001e8c .LASF4
     /tmp/ccOjCBq0.s:15217  .debug_str:0000000000001f08 .LASF5
     /tmp/ccOjCBq0.s:14769  .debug_str:0000000000000cd8 .LASF6
     /tmp/ccOjCBq0.s:14859  .debug_str:0000000000001084 .LASF7
     /tmp/ccOjCBq0.s:15113  .debug_str:0000000000001acf .LASF8
     /tmp/ccOjCBq0.s:14591  .debug_str:000000000000045a .LASF9
     /tmp/ccOjCBq0.s:15295  .debug_str:00000000000022bc .LASF10
     /tmp/ccOjCBq0.s:14777  .debug_str:0000000000000d3c .LASF11
     /tmp/ccOjCBq0.s:14651  .debug_str:0000000000000742 .LASF12
     /tmp/ccOjCBq0.s:14903  .debug_str:0000000000001258 .LASF13
     /tmp/ccOjCBq0.s:14785  .debug_str:0000000000000d8f .LASF14
     /tmp/ccOjCBq0.s:15173  .debug_str:0000000000001d44 .LASF15
     /tmp/ccOjCBq0.s:14795  .debug_str:0000000000000dff .LASF16
     /tmp/ccOjCBq0.s:14725  .debug_str:0000000000000a7e .LASF17
     /tmp/ccOjCBq0.s:15071  .debug_str:0000000000001947 .LASF20
     /tmp/ccOjCBq0.s:14971  .debug_str:00000000000014f3 .LASF451
     /tmp/ccOjCBq0.s:14691  .debug_str:000000000000089a .LASF18
     /tmp/ccOjCBq0.s:15123  .debug_str:0000000000001b1f .LASF19
     /tmp/ccOjCBq0.s:14783  .debug_str:0000000000000d7f .LASF21
     /tmp/ccOjCBq0.s:15091  .debug_str:00000000000019f0 .LASF22
     /tmp/ccOjCBq0.s:14993  .debug_str:00000000000015c9 .LASF46
     /tmp/ccOjCBq0.s:14653  .debug_str:0000000000000751 .LASF47
     /tmp/ccOjCBq0.s:15119  .debug_str:0000000000001aff .LASF23
     /tmp/ccOjCBq0.s:14645  .debug_str:00000000000006e6 .LASF25
     /tmp/ccOjCBq0.s:14501  .debug_str:00000000000000fe .LASF27
     /tmp/ccOjCBq0.s:14741  .debug_str:0000000000000b5c .LASF29
     /tmp/ccOjCBq0.s:14975  .debug_str:0000000000001508 .LASF24
     /tmp/ccOjCBq0.s:14887  .debug_str:000000000000119f .LASF26
     /tmp/ccOjCBq0.s:14853  .debug_str:0000000000001052 .LASF28
     /tmp/ccOjCBq0.s:15039  .debug_str:0000000000001802 .LASF30
     /tmp/ccOjCBq0.s:14671  .debug_str:0000000000000807 .LASF31
     /tmp/ccOjCBq0.s:15281  .debug_str:0000000000002214 .LASF32
     /tmp/ccOjCBq0.s:14849  .debug_str:000000000000103e .LASF33
     /tmp/ccOjCBq0.s:15297  .debug_str:00000000000022ca .LASF34
     /tmp/ccOjCBq0.s:14885  .debug_str:0000000000001191 .LASF35
     /tmp/ccOjCBq0.s:14905  .debug_str:0000000000001268 .LASF36
GAS LISTING /tmp/ccOjCBq0.s 			page 125


     /tmp/ccOjCBq0.s:14877  .debug_str:0000000000001134 .LASF37
     /tmp/ccOjCBq0.s:15277  .debug_str:00000000000021f2 .LASF38
     /tmp/ccOjCBq0.s:15151  .debug_str:0000000000001c3f .LASF188
     /tmp/ccOjCBq0.s:14961  .debug_str:000000000000146b .LASF190
     /tmp/ccOjCBq0.s:14901  .debug_str:0000000000001248 .LASF39
     /tmp/ccOjCBq0.s:14941  .debug_str:00000000000013e4 .LASF59
     /tmp/ccOjCBq0.s:15269  .debug_str:000000000000219f .LASF40
     /tmp/ccOjCBq0.s:14547  .debug_str:000000000000029f .LASF41
     /tmp/ccOjCBq0.s:14837  .debug_str:0000000000000fe4 .LASF42
     /tmp/ccOjCBq0.s:14869  .debug_str:00000000000010fa .LASF43
     /tmp/ccOjCBq0.s:14605  .debug_str:0000000000000511 .LASF44
     /tmp/ccOjCBq0.s:15371  .debug_str:00000000000025e6 .LASF45
     /tmp/ccOjCBq0.s:14861  .debug_str:0000000000001097 .LASF48
     /tmp/ccOjCBq0.s:14731  .debug_str:0000000000000ad0 .LASF49
     /tmp/ccOjCBq0.s:14585  .debug_str:0000000000000406 .LASF51
     /tmp/ccOjCBq0.s:14531  .debug_str:000000000000020b .LASF50
     /tmp/ccOjCBq0.s:15055  .debug_str:00000000000018b0 .LASF52
     /tmp/ccOjCBq0.s:15035  .debug_str:00000000000017d1 .LASF53
     /tmp/ccOjCBq0.s:15019  .debug_str:0000000000001710 .LASF55
     /tmp/ccOjCBq0.s:14509  .debug_str:000000000000014a .LASF54
     /tmp/ccOjCBq0.s:14881  .debug_str:0000000000001157 .LASF56
     /tmp/ccOjCBq0.s:15083  .debug_str:000000000000198b .LASF57
     /tmp/ccOjCBq0.s:14821  .debug_str:0000000000000ef4 .LASF58
     /tmp/ccOjCBq0.s:14933  .debug_str:00000000000013a5 .LASF60
     /tmp/ccOjCBq0.s:15323  .debug_str:00000000000023d8 .LASF61
     /tmp/ccOjCBq0.s:14927  .debug_str:000000000000137d .LASF62
     /tmp/ccOjCBq0.s:15141  .debug_str:0000000000001bf2 .LASF63
     /tmp/ccOjCBq0.s:14875  .debug_str:0000000000001128 .LASF66
     /tmp/ccOjCBq0.s:14919  .debug_str:000000000000130a .LASF68
     /tmp/ccOjCBq0.s:15363  .debug_str:0000000000002595 .LASF64
     /tmp/ccOjCBq0.s:14723  .debug_str:0000000000000a47 .LASF65
     /tmp/ccOjCBq0.s:15073  .debug_str:000000000000194f .LASF67
     /tmp/ccOjCBq0.s:15049  .debug_str:0000000000001855 .LASF69
     /tmp/ccOjCBq0.s:15103  .debug_str:0000000000001a6a .LASF70
     /tmp/ccOjCBq0.s:15355  .debug_str:000000000000251d .LASF71
     /tmp/ccOjCBq0.s:14879  .debug_str:0000000000001141 .LASF72
     /tmp/ccOjCBq0.s:15329  .debug_str:000000000000241a .LASF73
     /tmp/ccOjCBq0.s:14815  .debug_str:0000000000000ec5 .LASF184
     /tmp/ccOjCBq0.s:14809  .debug_str:0000000000000e7c .LASF186
     /tmp/ccOjCBq0.s:14957  .debug_str:0000000000001454 .LASF74
     /tmp/ccOjCBq0.s:14747  .debug_str:0000000000000bb7 .LASF452
     /tmp/ccOjCBq0.s:14753  .debug_str:0000000000000bf9 .LASF75
     /tmp/ccOjCBq0.s:14567  .debug_str:000000000000034c .LASF76
     /tmp/ccOjCBq0.s:14659  .debug_str:0000000000000773 .LASF77
     /tmp/ccOjCBq0.s:15171  .debug_str:0000000000001d31 .LASF78
     /tmp/ccOjCBq0.s:14939  .debug_str:00000000000013d0 .LASF79
     /tmp/ccOjCBq0.s:14715  .debug_str:00000000000009e3 .LASF80
     /tmp/ccOjCBq0.s:14579  .debug_str:00000000000003de .LASF83
     /tmp/ccOjCBq0.s:15105  .debug_str:0000000000001a80 .LASF81
     /tmp/ccOjCBq0.s:15189  .debug_str:0000000000001e11 .LASF82
     /tmp/ccOjCBq0.s:15109  .debug_str:0000000000001a8f .LASF84
     /tmp/ccOjCBq0.s:15317  .debug_str:00000000000023aa .LASF85
     /tmp/ccOjCBq0.s:15201  .debug_str:0000000000001e93 .LASF86
     /tmp/ccOjCBq0.s:14497  .debug_str:00000000000000d9 .LASF87
     /tmp/ccOjCBq0.s:14843  .debug_str:000000000000100b .LASF88
     /tmp/ccOjCBq0.s:15169  .debug_str:0000000000001d19 .LASF89
     /tmp/ccOjCBq0.s:14947  .debug_str:0000000000001412 .LASF90
GAS LISTING /tmp/ccOjCBq0.s 			page 126


     /tmp/ccOjCBq0.s:15025  .debug_str:000000000000176f .LASF91
     /tmp/ccOjCBq0.s:14491  .debug_str:00000000000000a0 .LASF453
     /tmp/ccOjCBq0.s:14721  .debug_str:0000000000000a3d .LASF92
     /tmp/ccOjCBq0.s:15339  .debug_str:00000000000024aa .LASF93
     /tmp/ccOjCBq0.s:14799  .debug_str:0000000000000e1c .LASF94
     /tmp/ccOjCBq0.s:14507  .debug_str:0000000000000137 .LASF95
     /tmp/ccOjCBq0.s:15257  .debug_str:0000000000002124 .LASF96
     /tmp/ccOjCBq0.s:15261  .debug_str:000000000000214b .LASF97
     /tmp/ccOjCBq0.s:15155  .debug_str:0000000000001c53 .LASF98
     /tmp/ccOjCBq0.s:14765  .debug_str:0000000000000c94 .LASF99
     /tmp/ccOjCBq0.s:14607  .debug_str:000000000000052a .LASF100
     /tmp/ccOjCBq0.s:14911  .debug_str:00000000000012b3 .LASF101
     /tmp/ccOjCBq0.s:15163  .debug_str:0000000000001cd6 .LASF102
     /tmp/ccOjCBq0.s:14847  .debug_str:000000000000102f .LASF103
     /tmp/ccOjCBq0.s:14775  .debug_str:0000000000000d2b .LASF104
     /tmp/ccOjCBq0.s:14493  .debug_str:00000000000000b3 .LASF105
     /tmp/ccOjCBq0.s:14913  .debug_str:00000000000012c2 .LASF106
     /tmp/ccOjCBq0.s:14489  .debug_str:000000000000009b .LASF107
     /tmp/ccOjCBq0.s:15107  .debug_str:0000000000001a87 .LASF132
     /tmp/ccOjCBq0.s:14599  .debug_str:00000000000004d8 .LASF108
     /tmp/ccOjCBq0.s:14483  .debug_str:000000000000007f .LASF454
     /tmp/ccOjCBq0.s:15331  .debug_str:0000000000002459 .LASF109
     /tmp/ccOjCBq0.s:15023  .debug_str:0000000000001763 .LASF110
     /tmp/ccOjCBq0.s:14701  .debug_str:000000000000091c .LASF111
     /tmp/ccOjCBq0.s:14625  .debug_str:00000000000005d4 .LASF112
     /tmp/ccOjCBq0.s:14807  .debug_str:0000000000000e77 .LASF131
     /tmp/ccOjCBq0.s:14615  .debug_str:0000000000000565 .LASF113
     /tmp/ccOjCBq0.s:14921  .debug_str:000000000000133e .LASF114
     /tmp/ccOjCBq0.s:14845  .debug_str:0000000000001024 .LASF115
     /tmp/ccOjCBq0.s:15381  .debug_str:0000000000002672 .LASF116
     /tmp/ccOjCBq0.s:14637  .debug_str:00000000000006b1 .LASF117
     /tmp/ccOjCBq0.s:15031  .debug_str:000000000000179f .LASF118
     /tmp/ccOjCBq0.s:15137  .debug_str:0000000000001bc3 .LASF119
     /tmp/ccOjCBq0.s:14617  .debug_str:0000000000000572 .LASF120
     /tmp/ccOjCBq0.s:14909  .debug_str:00000000000012a4 .LASF121
     /tmp/ccOjCBq0.s:14503  .debug_str:0000000000000109 .LASF122
     /tmp/ccOjCBq0.s:15075  .debug_str:0000000000001961 .LASF123
     /tmp/ccOjCBq0.s:15373  .debug_str:0000000000002602 .LASF124
     /tmp/ccOjCBq0.s:14803  .debug_str:0000000000000e3f .LASF125
     /tmp/ccOjCBq0.s:15095  .debug_str:0000000000001a0e .LASF126
     /tmp/ccOjCBq0.s:15079  .debug_str:000000000000197d .LASF127
     /tmp/ccOjCBq0.s:15327  .debug_str:0000000000002406 .LASF128
     /tmp/ccOjCBq0.s:15143  .debug_str:0000000000001c00 .LASF129
     /tmp/ccOjCBq0.s:14477  .debug_str:0000000000000000 .LASF130
     /tmp/ccOjCBq0.s:15379  .debug_str:0000000000002667 .LASF133
     /tmp/ccOjCBq0.s:15181  .debug_str:0000000000001dc5 .LASF134
     /tmp/ccOjCBq0.s:15303  .debug_str:0000000000002304 .LASF135
     /tmp/ccOjCBq0.s:15033  .debug_str:00000000000017b8 .LASF136
     /tmp/ccOjCBq0.s:15287  .debug_str:0000000000002246 .LASF137
     /tmp/ccOjCBq0.s:14543  .debug_str:0000000000000277 .LASF138
     /tmp/ccOjCBq0.s:14931  .debug_str:0000000000001397 .LASF139
     /tmp/ccOjCBq0.s:15205  .debug_str:0000000000001eab .LASF140
     /tmp/ccOjCBq0.s:15047  .debug_str:0000000000001845 .LASF141
     /tmp/ccOjCBq0.s:15175  .debug_str:0000000000001d50 .LASF142
     /tmp/ccOjCBq0.s:14633  .debug_str:0000000000000694 .LASF143
     /tmp/ccOjCBq0.s:14495  .debug_str:00000000000000be .LASF144
     /tmp/ccOjCBq0.s:14867  .debug_str:00000000000010e7 .LASF145
GAS LISTING /tmp/ccOjCBq0.s 			page 127


     /tmp/ccOjCBq0.s:14667  .debug_str:00000000000007ad .LASF146
     /tmp/ccOjCBq0.s:15231  .debug_str:0000000000001fa0 .LASF147
     /tmp/ccOjCBq0.s:14551  .debug_str:00000000000002c6 .LASF148
     /tmp/ccOjCBq0.s:14883  .debug_str:000000000000117c .LASF149
     /tmp/ccOjCBq0.s:14833  .debug_str:0000000000000fb0 .LASF150
     /tmp/ccOjCBq0.s:15167  .debug_str:0000000000001d04 .LASF151
     /tmp/ccOjCBq0.s:14519  .debug_str:00000000000001bc .LASF152
     /tmp/ccOjCBq0.s:15385  .debug_str:000000000000269b .LASF153
     /tmp/ccOjCBq0.s:14713  .debug_str:00000000000009c8 .LASF154
     /tmp/ccOjCBq0.s:14917  .debug_str:0000000000001301 .LASF155
     /tmp/ccOjCBq0.s:15043  .debug_str:000000000000181e .LASF156
     /tmp/ccOjCBq0.s:15185  .debug_str:0000000000001de5 .LASF157
     /tmp/ccOjCBq0.s:14819  .debug_str:0000000000000ee2 .LASF158
     /tmp/ccOjCBq0.s:15001  .debug_str:0000000000001622 .LASF159
     /tmp/ccOjCBq0.s:15085  .debug_str:000000000000199d .LASF160
     /tmp/ccOjCBq0.s:14963  .debug_str:0000000000001480 .LASF161
     /tmp/ccOjCBq0.s:15161  .debug_str:0000000000001cb8 .LASF162
     /tmp/ccOjCBq0.s:15223  .debug_str:0000000000001f46 .LASF163
     /tmp/ccOjCBq0.s:14949  .debug_str:0000000000001424 .LASF164
     /tmp/ccOjCBq0.s:15265  .debug_str:0000000000002187 .LASF165
     /tmp/ccOjCBq0.s:14549  .debug_str:00000000000002ab .LASF166
     /tmp/ccOjCBq0.s:14639  .debug_str:00000000000006bf .LASF167
     /tmp/ccOjCBq0.s:14889  .debug_str:00000000000011b7 .LASF168
     /tmp/ccOjCBq0.s:15237  .debug_str:0000000000001fd5 .LASF169
     /tmp/ccOjCBq0.s:14951  .debug_str:000000000000143d .LASF170
     /tmp/ccOjCBq0.s:15213  .debug_str:0000000000001eed .LASF171
     /tmp/ccOjCBq0.s:14521  .debug_str:00000000000001de .LASF172
     /tmp/ccOjCBq0.s:14527  .debug_str:00000000000001fa .LASF173
     /tmp/ccOjCBq0.s:14627  .debug_str:000000000000063b .LASF174
     /tmp/ccOjCBq0.s:15227  .debug_str:0000000000001f6a .LASF175
     /tmp/ccOjCBq0.s:15279  .debug_str:000000000000220e .LASF176
     /tmp/ccOjCBq0.s:14787  .debug_str:0000000000000d9f .LASF177
     /tmp/ccOjCBq0.s:14635  .debug_str:00000000000006a4 .LASF178
     /tmp/ccOjCBq0.s:15241  .debug_str:0000000000001fe4 .LASF179
     /tmp/ccOjCBq0.s:15335  .debug_str:0000000000002489 .LASF180
     /tmp/ccOjCBq0.s:15179  .debug_str:0000000000001dba .LASF181
     /tmp/ccOjCBq0.s:15349  .debug_str:0000000000002500 .LASF182
     /tmp/ccOjCBq0.s:15345  .debug_str:00000000000024e1 .LASF183
     /tmp/ccOjCBq0.s:15375  .debug_str:0000000000002622 .LASF185
     /tmp/ccOjCBq0.s:15259  .debug_str:0000000000002132 .LASF187
     /tmp/ccOjCBq0.s:14935  .debug_str:00000000000013ba .LASF189
     /tmp/ccOjCBq0.s:15121  .debug_str:0000000000001b0a .LASF191
     /tmp/ccOjCBq0.s:14871  .debug_str:0000000000001108 .LASF192
     /tmp/ccOjCBq0.s:14575  .debug_str:00000000000003b1 .LASF193
     /tmp/ccOjCBq0.s:14797  .debug_str:0000000000000e15 .LASF194
     /tmp/ccOjCBq0.s:14663  .debug_str:0000000000000797 .LASF195
     /tmp/ccOjCBq0.s:15271  .debug_str:00000000000021a8 .LASF305
     /tmp/ccOjCBq0.s:14825  .debug_str:0000000000000f36 .LASF306
     /tmp/ccOjCBq0.s:14523  .debug_str:00000000000001ea .LASF196
     /tmp/ccOjCBq0.s:14987  .debug_str:0000000000001572 .LASF197
     /tmp/ccOjCBq0.s:15063  .debug_str:0000000000001908 .LASF198
     /tmp/ccOjCBq0.s:15325  .debug_str:00000000000023e7 .LASF199
     /tmp/ccOjCBq0.s:15059  .debug_str:00000000000018e3 .LASF200
     /tmp/ccOjCBq0.s:15139  .debug_str:0000000000001bd2 .LASF201
     /tmp/ccOjCBq0.s:14665  .debug_str:00000000000007a0 .LASF202
     /tmp/ccOjCBq0.s:14717  .debug_str:00000000000009fd .LASF203
     /tmp/ccOjCBq0.s:15029  .debug_str:0000000000001794 .LASF204
GAS LISTING /tmp/ccOjCBq0.s 			page 128


     /tmp/ccOjCBq0.s:14631  .debug_str:0000000000000668 .LASF205
     /tmp/ccOjCBq0.s:15393  .debug_str:0000000000002718 .LASF206
     /tmp/ccOjCBq0.s:14481  .debug_str:0000000000000050 .LASF207
     /tmp/ccOjCBq0.s:14515  .debug_str:000000000000017b .LASF208
     /tmp/ccOjCBq0.s:15333  .debug_str:000000000000245e .LASF209
     /tmp/ccOjCBq0.s:15041  .debug_str:0000000000001819 .LASF210
     /tmp/ccOjCBq0.s:15369  .debug_str:00000000000025d7 .LASF211
     /tmp/ccOjCBq0.s:14565  .debug_str:000000000000033d .LASF212
     /tmp/ccOjCBq0.s:14865  .debug_str:00000000000010d8 .LASF213
     /tmp/ccOjCBq0.s:14977  .debug_str:0000000000001512 .LASF214
     /tmp/ccOjCBq0.s:14589  .debug_str:000000000000043b .LASF315
     /tmp/ccOjCBq0.s:15129  .debug_str:0000000000001b73 .LASF317
     /tmp/ccOjCBq0.s:15065  .debug_str:0000000000001915 .LASF215
     /tmp/ccOjCBq0.s:14981  .debug_str:0000000000001543 .LASF216
     /tmp/ccOjCBq0.s:14817  .debug_str:0000000000000ed6 .LASF217
     /tmp/ccOjCBq0.s:14583  .debug_str:00000000000003f2 .LASF218
     /tmp/ccOjCBq0.s:14801  .debug_str:0000000000000e2b .LASF219
     /tmp/ccOjCBq0.s:14647  .debug_str:0000000000000700 .LASF220
     /tmp/ccOjCBq0.s:15037  .debug_str:00000000000017e5 .LASF221
     /tmp/ccOjCBq0.s:14593  .debug_str:000000000000046a .LASF222
     /tmp/ccOjCBq0.s:14733  .debug_str:0000000000000adf .LASF223
     /tmp/ccOjCBq0.s:14649  .debug_str:000000000000073d .LASF224
     /tmp/ccOjCBq0.s:14555  .debug_str:00000000000002ea .LASF225
     /tmp/ccOjCBq0.s:14529  .debug_str:0000000000000204 .LASF226
     /tmp/ccOjCBq0.s:14699  .debug_str:0000000000000903 .LASF227
     /tmp/ccOjCBq0.s:14487  .debug_str:0000000000000095 .LASF228
     /tmp/ccOjCBq0.s:15011  .debug_str:00000000000016ae .LASF229
     /tmp/ccOjCBq0.s:15251  .debug_str:00000000000020f9 .LASF230
     /tmp/ccOjCBq0.s:15395  .debug_str:0000000000002728 .LASF231
     /tmp/ccOjCBq0.s:14587  .debug_str:000000000000042d .LASF232
     /tmp/ccOjCBq0.s:14709  .debug_str:0000000000000976 .LASF233
     /tmp/ccOjCBq0.s:15153  .debug_str:0000000000001c46 .LASF234
     /tmp/ccOjCBq0.s:15117  .debug_str:0000000000001aeb .LASF235
     /tmp/ccOjCBq0.s:15093  .debug_str:0000000000001a03 .LASF455
     /tmp/ccOjCBq0.s:14679  .debug_str:0000000000000831 .LASF236
     /tmp/ccOjCBq0.s:15307  .debug_str:000000000000232d .LASF456
     /tmp/ccOjCBq0.s:15285  .debug_str:000000000000223f .LASF237
     /tmp/ccOjCBq0.s:14997  .debug_str:00000000000015fa .LASF238
     /tmp/ccOjCBq0.s:14611  .debug_str:0000000000000544 .LASF239
     /tmp/ccOjCBq0.s:15099  .debug_str:0000000000001a44 .LASF240
     /tmp/ccOjCBq0.s:14571  .debug_str:0000000000000379 .LASF241
     /tmp/ccOjCBq0.s:14827  .debug_str:0000000000000f61 .LASF242
     /tmp/ccOjCBq0.s:15247  .debug_str:00000000000020cc .LASF243
     /tmp/ccOjCBq0.s:15209  .debug_str:0000000000001ecf .LASF244
     /tmp/ccOjCBq0.s:14573  .debug_str:000000000000038b .LASF245
     /tmp/ccOjCBq0.s:14945  .debug_str:0000000000001401 .LASF246
     /tmp/ccOjCBq0.s:14965  .debug_str:0000000000001491 .LASF247
     /tmp/ccOjCBq0.s:15239  .debug_str:0000000000001fda .LASF248
     /tmp/ccOjCBq0.s:15177  .debug_str:0000000000001d88 .LASF249
     /tmp/ccOjCBq0.s:14581  .debug_str:00000000000003ea .LASF250
     /tmp/ccOjCBq0.s:14669  .debug_str:00000000000007d7 .LASF251
     /tmp/ccOjCBq0.s:14937  .debug_str:00000000000013c0 .LASF252
     /tmp/ccOjCBq0.s:14755  .debug_str:0000000000000c10 .LASF253
     /tmp/ccOjCBq0.s:14505  .debug_str:0000000000000123 .LASF254
     /tmp/ccOjCBq0.s:15003  .debug_str:0000000000001633 .LASF255
     /tmp/ccOjCBq0.s:15013  .debug_str:00000000000016c6 .LASF256
     /tmp/ccOjCBq0.s:15293  .debug_str:0000000000002283 .LASF257
GAS LISTING /tmp/ccOjCBq0.s 			page 129


     /tmp/ccOjCBq0.s:14623  .debug_str:00000000000005c2 .LASF258
     /tmp/ccOjCBq0.s:15111  .debug_str:0000000000001a94 .LASF259
     /tmp/ccOjCBq0.s:14895  .debug_str:0000000000001202 .LASF260
     /tmp/ccOjCBq0.s:14793  .debug_str:0000000000000dc8 .LASF261
     /tmp/ccOjCBq0.s:15057  .debug_str:00000000000018d4 .LASF262
     /tmp/ccOjCBq0.s:15315  .debug_str:0000000000002372 .LASF263
     /tmp/ccOjCBq0.s:15197  .debug_str:0000000000001e7e .LASF264
     /tmp/ccOjCBq0.s:15377  .debug_str:0000000000002630 .LASF265
     /tmp/ccOjCBq0.s:14685  .debug_str:0000000000000870 .LASF266
     /tmp/ccOjCBq0.s:14479  .debug_str:0000000000000016 .LASF267
     /tmp/ccOjCBq0.s:14999  .debug_str:0000000000001610 .LASF268
     /tmp/ccOjCBq0.s:14969  .debug_str:00000000000014b8 .LASF269
     /tmp/ccOjCBq0.s:14735  .debug_str:0000000000000b00 .LASF270
     /tmp/ccOjCBq0.s:14915  .debug_str:00000000000012c7 .LASF271
     /tmp/ccOjCBq0.s:14569  .debug_str:0000000000000366 .LASF272
     /tmp/ccOjCBq0.s:15391  .debug_str:00000000000026dc .LASF273
     /tmp/ccOjCBq0.s:14641  .debug_str:00000000000006d3 .LASF274
     /tmp/ccOjCBq0.s:15131  .debug_str:0000000000001b80 .LASF275
     /tmp/ccOjCBq0.s:14955  .debug_str:000000000000144c .LASF276
     /tmp/ccOjCBq0.s:15275  .debug_str:00000000000021c2 .LASF277
     /tmp/ccOjCBq0.s:14533  .debug_str:0000000000000216 .LASF278
     /tmp/ccOjCBq0.s:15263  .debug_str:0000000000002157 .LASF279
     /tmp/ccOjCBq0.s:14499  .debug_str:00000000000000e6 .LASF280
     /tmp/ccOjCBq0.s:15187  .debug_str:0000000000001deb .LASF281
     /tmp/ccOjCBq0.s:15283  .debug_str:0000000000002230 .LASF282
     /tmp/ccOjCBq0.s:14559  .debug_str:0000000000000306 .LASF283
     /tmp/ccOjCBq0.s:15147  .debug_str:0000000000001c1d .LASF284
     /tmp/ccOjCBq0.s:15313  .debug_str:0000000000002351 .LASF285
     /tmp/ccOjCBq0.s:14595  .debug_str:000000000000049e .LASF286
     /tmp/ccOjCBq0.s:14697  .debug_str:00000000000008e2 .LASF287
     /tmp/ccOjCBq0.s:15087  .debug_str:00000000000019b9 .LASF288
     /tmp/ccOjCBq0.s:14831  .debug_str:0000000000000f94 .LASF289
     /tmp/ccOjCBq0.s:15267  .debug_str:0000000000002197 .LASF290
     /tmp/ccOjCBq0.s:15061  .debug_str:00000000000018f3 .LASF291
     /tmp/ccOjCBq0.s:15215  .debug_str:0000000000001ef7 .LASF292
     /tmp/ccOjCBq0.s:14703  .debug_str:000000000000092d .LASF293
     /tmp/ccOjCBq0.s:14727  .debug_str:0000000000000a94 .LASF294
     /tmp/ccOjCBq0.s:15347  .debug_str:00000000000024ec .LASF295
     /tmp/ccOjCBq0.s:14739  .debug_str:0000000000000b1e .LASF296
     /tmp/ccOjCBq0.s:14675  .debug_str:000000000000081a .LASF297
     /tmp/ccOjCBq0.s:14619  .debug_str:000000000000058d .LASF298
     /tmp/ccOjCBq0.s:14609  .debug_str:0000000000000536 .LASF299
     /tmp/ccOjCBq0.s:15305  .debug_str:0000000000002311 .LASF300
     /tmp/ccOjCBq0.s:14689  .debug_str:000000000000088c .LASF301
     /tmp/ccOjCBq0.s:15357  .debug_str:000000000000255c .LASF302
     /tmp/ccOjCBq0.s:14621  .debug_str:00000000000005ad .LASF303
     /tmp/ccOjCBq0.s:14681  .debug_str:0000000000000846 .LASF304
     /tmp/ccOjCBq0.s:14991  .debug_str:0000000000001596 .LASF307
     /tmp/ccOjCBq0.s:14805  .debug_str:0000000000000e50 .LASF308
     /tmp/ccOjCBq0.s:15159  .debug_str:0000000000001c91 .LASF309
     /tmp/ccOjCBq0.s:15341  .debug_str:00000000000024b3 .LASF310
     /tmp/ccOjCBq0.s:14693  .debug_str:000000000000089f .LASF311
     /tmp/ccOjCBq0.s:14517  .debug_str:0000000000000188 .LASF312
     /tmp/ccOjCBq0.s:14767  .debug_str:0000000000000ca1 .LASF313
     /tmp/ccOjCBq0.s:14773  .debug_str:0000000000000cf8 .LASF314
     /tmp/ccOjCBq0.s:15289  .debug_str:0000000000002255 .LASF316
     /tmp/ccOjCBq0.s:15365  .debug_str:00000000000025a1 .LASF318
GAS LISTING /tmp/ccOjCBq0.s 			page 130


     /tmp/ccOjCBq0.s:15337  .debug_str:000000000000249c .LASF319
     /tmp/ccOjCBq0.s:15351  .debug_str:0000000000002508 .LASF321
     /tmp/ccOjCBq0.s:14989  .debug_str:0000000000001591 .LASF320
     /tmp/ccOjCBq0.s:14557  .debug_str:0000000000000301 .LASF322
     /tmp/ccOjCBq0.s:14751  .debug_str:0000000000000bf4 .LASF323
     /tmp/ccOjCBq0.s:14967  .debug_str:00000000000014b0 .LASF324
     /tmp/ccOjCBq0.s:14657  .debug_str:0000000000000769 .LASF325
     /tmp/ccOjCBq0.s:14959  .debug_str:0000000000001459 .LASF326
     /tmp/ccOjCBq0.s:14891  .debug_str:00000000000011d6 .LASF327
     /tmp/ccOjCBq0.s:14757  .debug_str:0000000000000c49 .LASF328
     /tmp/ccOjCBq0.s:15243  .debug_str:0000000000001ff0 .LASF457
     /tmp/ccOjCBq0.s:14835  .debug_str:0000000000000fd0 .LASF458
     /tmp/ccOjCBq0.s:15311  .debug_str:0000000000002343 .LASF329
     /tmp/ccOjCBq0.s:14707  .debug_str:0000000000000953 .LASF330
     /tmp/ccOjCBq0.s:14823  .debug_str:0000000000000f1e .LASF331
     /tmp/ccOjCBq0.s:15145  .debug_str:0000000000001c0b .LASF332
     /tmp/ccOjCBq0.s:14687  .debug_str:0000000000000881 .LASF333
     /tmp/ccOjCBq0.s:15115  .debug_str:0000000000001ae2 .LASF334
     /tmp/ccOjCBq0.s:14973  .debug_str:00000000000014ff .LASF335
     /tmp/ccOjCBq0.s:14811  .debug_str:0000000000000ea5 .LASF336
     /tmp/ccOjCBq0.s:15045  .debug_str:0000000000001831 .LASF337
     /tmp/ccOjCBq0.s:14711  .debug_str:00000000000009b4 .LASF338
     /tmp/ccOjCBq0.s:14511  .debug_str:0000000000000157 .LASF339
     /tmp/ccOjCBq0.s:15101  .debug_str:0000000000001a56 .LASF340
     /tmp/ccOjCBq0.s:14979  .debug_str:000000000000151e .LASF341
     /tmp/ccOjCBq0.s:14943  .debug_str:00000000000013ee .LASF342
     /tmp/ccOjCBq0.s:15221  .debug_str:0000000000001f22 .LASF343
     /tmp/ccOjCBq0.s:14613  .debug_str:0000000000000553 .LASF344
     /tmp/ccOjCBq0.s:14829  .debug_str:0000000000000f72 .LASF345
     /tmp/ccOjCBq0.s:14661  .debug_str:0000000000000785 .LASF346
     /tmp/ccOjCBq0.s:14743  .debug_str:0000000000000b76 .LASF347
     /tmp/ccOjCBq0.s:14561  .debug_str:0000000000000323 .LASF348
     /tmp/ccOjCBq0.s:14577  .debug_str:00000000000003bc .LASF349
     /tmp/ccOjCBq0.s:14791  .debug_str:0000000000000db6 .LASF350
     /tmp/ccOjCBq0.s:15229  .debug_str:0000000000001f7a .LASF351
     /tmp/ccOjCBq0.s:14839  .debug_str:0000000000000fee .LASF352
     /tmp/ccOjCBq0.s:14629  .debug_str:0000000000000645 .LASF353
     /tmp/ccOjCBq0.s:15253  .debug_str:0000000000002105 .LASF354
     /tmp/ccOjCBq0.s:14763  .debug_str:0000000000000c72 .LASF355
     /tmp/ccOjCBq0.s:15193  .debug_str:0000000000001e38 .LASF356
     /tmp/ccOjCBq0.s:15389  .debug_str:00000000000026b9 .LASF357
     /tmp/ccOjCBq0.s:15299  .debug_str:00000000000022e5 .LASF358
     /tmp/ccOjCBq0.s:14857  .debug_str:0000000000001060 .LASF359
     /tmp/ccOjCBq0.s:15359  .debug_str:000000000000256d .LASF360
     /tmp/ccOjCBq0.s:15157  .debug_str:0000000000001c63 .LASF361
     /tmp/ccOjCBq0.s:14907  .debug_str:0000000000001285 .LASF362
     /tmp/ccOjCBq0.s:15127  .debug_str:0000000000001b44 .LASF363
     /tmp/ccOjCBq0.s:15235  .debug_str:0000000000001fba .LASF364
     /tmp/ccOjCBq0.s:14601  .debug_str:00000000000004dd .LASF365
     /tmp/ccOjCBq0.s:15125  .debug_str:0000000000001b24 .LASF366
     /tmp/ccOjCBq0.s:14749  .debug_str:0000000000000bc4 .LASF367
     /tmp/ccOjCBq0.s:15225  .debug_str:0000000000001f54 .LASF368
     /tmp/ccOjCBq0.s:14781  .debug_str:0000000000000d59 .LASF369
     /tmp/ccOjCBq0.s:14893  .debug_str:00000000000011eb .LASF370
     /tmp/ccOjCBq0.s:15021  .debug_str:000000000000173c .LASF371
     /tmp/ccOjCBq0.s:14683  .debug_str:0000000000000861 .LASF372
     /tmp/ccOjCBq0.s:14985  .debug_str:0000000000001563 .LASF373
GAS LISTING /tmp/ccOjCBq0.s 			page 131


     /tmp/ccOjCBq0.s:14813  .debug_str:0000000000000eb6 .LASF374
     /tmp/ccOjCBq0.s:14705  .debug_str:0000000000000943 .LASF375
     /tmp/ccOjCBq0.s:14695  .debug_str:00000000000008d6 .LASF376
     /tmp/ccOjCBq0.s:15255  .debug_str:0000000000002117 .LASF377
     /tmp/ccOjCBq0.s:14855  .debug_str:000000000000105b .LASF378
     /tmp/ccOjCBq0.s:15383  .debug_str:0000000000002689 .LASF379
     /tmp/ccOjCBq0.s:15291  .debug_str:000000000000227c .LASF380
     /tmp/ccOjCBq0.s:14729  .debug_str:0000000000000ab8 .LASF381
     /tmp/ccOjCBq0.s:15005  .debug_str:0000000000001670 .LASF382
     /tmp/ccOjCBq0.s:15009  .debug_str:0000000000001688 .LASF383
     /tmp/ccOjCBq0.s:14737  .debug_str:0000000000000b11 .LASF384
     /tmp/ccOjCBq0.s:14863  .debug_str:00000000000010b3 .LASF385
     /tmp/ccOjCBq0.s:14923  .debug_str:0000000000001357 .LASF386
     /tmp/ccOjCBq0.s:15051  .debug_str:000000000000188d .LASF387
     /tmp/ccOjCBq0.s:15097  .debug_str:0000000000001a2c .LASF388
     /tmp/ccOjCBq0.s:14771  .debug_str:0000000000000cdf .LASF389
     /tmp/ccOjCBq0.s:14643  .debug_str:00000000000006e0 .LASF390
     /tmp/ccOjCBq0.s:14673  .debug_str:0000000000000814 .LASF391
     /tmp/ccOjCBq0.s:15361  .debug_str:0000000000002587 .LASF392
     /tmp/ccOjCBq0.s:15165  .debug_str:0000000000001ce6 .LASF393
     /tmp/ccOjCBq0.s:14745  .debug_str:0000000000000b9c .LASF394
     /tmp/ccOjCBq0.s:14541  .debug_str:0000000000000259 .LASF395
     /tmp/ccOjCBq0.s:14897  .debug_str:0000000000001210 .LASF396
     /tmp/ccOjCBq0.s:3800   .text:0000000000001058 .LFB140
     /tmp/ccOjCBq0.s:3826   .text:000000000000108c .LFE140
     /tmp/ccOjCBq0.s:3816   .text:000000000000107c .LVL373
     /tmp/ccOjCBq0.s:15089  .debug_str:00000000000019c6 .LASF397
     /tmp/ccOjCBq0.s:2143   .text:00000000000008d0 .LFB139
     /tmp/ccOjCBq0.s:2292   .text:00000000000009ec .LFE139
     /tmp/ccOjCBq0.s:14759  .debug_str:0000000000000c5e .LASF398
     /tmp/ccOjCBq0.s:12644  .debug_loc:0000000000000000 .LLST90
     /tmp/ccOjCBq0.s:14537  .debug_str:000000000000022b .LASF399
     /tmp/ccOjCBq0.s:12658  .debug_loc:0000000000000039 .LLST91
     /tmp/ccOjCBq0.s:2173   .text:000000000000090c .LBB418
     /tmp/ccOjCBq0.s:2217   .text:0000000000000964 .LBE418
     /tmp/ccOjCBq0.s:12672  .debug_loc:0000000000000072 .LLST92
     /tmp/ccOjCBq0.s:2182   .text:000000000000091c .LBB421
     /tmp/ccOjCBq0.s:2209   .text:0000000000000958 .LBE421
     /tmp/ccOjCBq0.s:12679  .debug_loc:0000000000000095 .LLST93
     /tmp/ccOjCBq0.s:2224   .text:0000000000000978 .LBB422
     /tmp/ccOjCBq0.s:2262   .text:00000000000009b4 .LBE422
     /tmp/ccOjCBq0.s:12699  .debug_loc:00000000000000f2 .LLST94
     /tmp/ccOjCBq0.s:2232   .text:0000000000000984 .LBB425
     /tmp/ccOjCBq0.s:2256   .text:00000000000009b0 .LBE425
     /tmp/ccOjCBq0.s:12706  .debug_loc:0000000000000115 .LLST95
     /tmp/ccOjCBq0.s:2270   .text:00000000000009cc .LBB426
     /tmp/ccOjCBq0.s:2277   .text:00000000000009d4 .LBE426
     /tmp/ccOjCBq0.s:12732  .debug_loc:0000000000000187 .LLST96
     /tmp/ccOjCBq0.s:2172   .text:000000000000090c .LVL187
     /tmp/ccOjCBq0.s:2223   .text:0000000000000978 .LVL193
     /tmp/ccOjCBq0.s:2269   .text:00000000000009cc .LVL200
     /tmp/ccOjCBq0.s:3559   .text._ZN10ObjectPoolI10KSemaphoreLm10EE12findFreePoolEv:0000000000000000 .LFB138
     /tmp/ccOjCBq0.s:3592   .text._ZN10ObjectPoolI10KSemaphoreLm10EE12findFreePoolEv:0000000000000030 .LFE138
     /tmp/ccOjCBq0.s:15081  .debug_str:0000000000001986 .LASF401
     /tmp/ccOjCBq0.s:12739  .debug_loc:00000000000001aa .LLST141
     /tmp/ccOjCBq0.s:15133  .debug_str:0000000000001bb6 .LASF400
     /tmp/ccOjCBq0.s:12753  .debug_loc:00000000000001e3 .LLST142
GAS LISTING /tmp/ccOjCBq0.s 			page 132


     /tmp/ccOjCBq0.s:2776   .text._ZN10ObjectPoolI3TCBLm20EE12findFreePoolEv:0000000000000000 .LFB137
     /tmp/ccOjCBq0.s:2812   .text._ZN10ObjectPoolI3TCBLm20EE12findFreePoolEv:000000000000003c .LFE137
     /tmp/ccOjCBq0.s:12764  .debug_loc:0000000000000219 .LLST116
     /tmp/ccOjCBq0.s:12778  .debug_loc:0000000000000252 .LLST117
     /tmp/ccOjCBq0.s:104    .text:0000000000000060 .LFB136
     /tmp/ccOjCBq0.s:283    .text:00000000000000f0 .LFE136
     /tmp/ccOjCBq0.s:14899  .debug_str:000000000000123d .LASF402
     /tmp/ccOjCBq0.s:12789  .debug_loc:0000000000000288 .LLST3
     /tmp/ccOjCBq0.s:14603  .debug_str:000000000000050c .LASF403
     /tmp/ccOjCBq0.s:12813  .debug_loc:00000000000002f9 .LLST4
     /tmp/ccOjCBq0.s:131    .text:0000000000000080 .LBB261
     /tmp/ccOjCBq0.s:148    .text:0000000000000088 .LBE261
     /tmp/ccOjCBq0.s:12837  .debug_loc:0000000000000369 .LLST5
     /tmp/ccOjCBq0.s:12844  .debug_loc:000000000000038c .LLST6
     /tmp/ccOjCBq0.s:12851  .debug_loc:00000000000003af .LLST7
     /tmp/ccOjCBq0.s:132    .text:0000000000000080 .LBB262
     /tmp/ccOjCBq0.s:139    .text:0000000000000084 .LBE262
     /tmp/ccOjCBq0.s:12860  .debug_loc:00000000000003d4 .LLST8
     /tmp/ccOjCBq0.s:140    .text:0000000000000084 .LBB264
     /tmp/ccOjCBq0.s:147    .text:0000000000000088 .LBE264
     /tmp/ccOjCBq0.s:12867  .debug_loc:00000000000003f7 .LLST9
     /tmp/ccOjCBq0.s:157    .text:0000000000000090 .LBB266
     /tmp/ccOjCBq0.s:164    .text:0000000000000094 .LBE266
     /tmp/ccOjCBq0.s:12874  .debug_loc:000000000000041a .LLST10
     /tmp/ccOjCBq0.s:12881  .debug_loc:000000000000043d .LLST11
     /tmp/ccOjCBq0.s:165    .text:0000000000000094 .LBB268
     /tmp/ccOjCBq0.s:169    .text:0000000000000094 .LBE268
     /tmp/ccOjCBq0.s:189    .text:00000000000000b0 .LBB270
     /tmp/ccOjCBq0.s:196    .text:00000000000000b4 .LBE270
     /tmp/ccOjCBq0.s:12888  .debug_loc:0000000000000460 .LLST12
     /tmp/ccOjCBq0.s:12895  .debug_loc:0000000000000483 .LLST13
     /tmp/ccOjCBq0.s:197    .text:00000000000000b4 .LBB272
     /tmp/ccOjCBq0.s:204    .text:00000000000000b8 .LBE272
     /tmp/ccOjCBq0.s:12902  .debug_loc:00000000000004a6 .LLST14
     /tmp/ccOjCBq0.s:12909  .debug_loc:00000000000004c9 .LLST15
     /tmp/ccOjCBq0.s:205    .text:00000000000000b8 .LBB274
     /tmp/ccOjCBq0.s:212    .text:00000000000000bc .LBE274
     /tmp/ccOjCBq0.s:12916  .debug_loc:00000000000004ec .LLST16
     /tmp/ccOjCBq0.s:213    .text:00000000000000bc .LBB276
     /tmp/ccOjCBq0.s:220    .text:00000000000000c0 .LBE276
     /tmp/ccOjCBq0.s:12923  .debug_loc:000000000000050f .LLST17
     /tmp/ccOjCBq0.s:224    .text:00000000000000c4 .LBB278
     /tmp/ccOjCBq0.s:232    .text:00000000000000c8 .LBE278
     /tmp/ccOjCBq0.s:12930  .debug_loc:0000000000000532 .LLST18
     /tmp/ccOjCBq0.s:12937  .debug_loc:0000000000000555 .LLST19
     /tmp/ccOjCBq0.s:244    .text:00000000000000d4 .LBB280
     /tmp/ccOjCBq0.s:251    .text:00000000000000d8 .LBE280
     /tmp/ccOjCBq0.s:12944  .debug_loc:0000000000000578 .LLST20
     /tmp/ccOjCBq0.s:12951  .debug_loc:000000000000059b .LLST21
     /tmp/ccOjCBq0.s:252    .text:00000000000000d8 .LBB282
     /tmp/ccOjCBq0.s:259    .text:00000000000000dc .LBE282
     /tmp/ccOjCBq0.s:12958  .debug_loc:00000000000005be .LLST22
     /tmp/ccOjCBq0.s:260    .text:00000000000000dc .LBB284
     /tmp/ccOjCBq0.s:267    .text:00000000000000e0 .LBE284
     /tmp/ccOjCBq0.s:12965  .debug_loc:00000000000005e1 .LLST23
     /tmp/ccOjCBq0.s:271    .text:00000000000000e4 .LBB286
     /tmp/ccOjCBq0.s:278    .text:00000000000000e8 .LBE286
GAS LISTING /tmp/ccOjCBq0.s 			page 133


     /tmp/ccOjCBq0.s:12972  .debug_loc:0000000000000604 .LLST24
     /tmp/ccOjCBq0.s:12979  .debug_loc:0000000000000627 .LLST25
     /tmp/ccOjCBq0.s:2655   .text._ZN10ObjectPoolI10KSemaphoreLm10EE10freeObjectEPS0_:0000000000000000 .LFB135
     /tmp/ccOjCBq0.s:2691   .text._ZN10ObjectPoolI10KSemaphoreLm10EE10freeObjectEPS0_:000000000000002c .LFE135
     /tmp/ccOjCBq0.s:12986  .debug_loc:000000000000064a .LLST111
     /tmp/ccOjCBq0.s:14851  .debug_str:000000000000104a .LASF404
     /tmp/ccOjCBq0.s:2666   .text._ZN10ObjectPoolI10KSemaphoreLm10EE10freeObjectEPS0_:000000000000000c .LBB457
     /tmp/ccOjCBq0.s:2674   .text._ZN10ObjectPoolI10KSemaphoreLm10EE10freeObjectEPS0_:0000000000000010 .LBE457
     /tmp/ccOjCBq0.s:13000  .debug_loc:0000000000000683 .LLST112
     /tmp/ccOjCBq0.s:3599   .text._ZN10ObjectPoolI10KSemaphoreLm10EE12mallocObjectEPPS1_:0000000000000000 .LFB134
     /tmp/ccOjCBq0.s:3724   .text._ZN10ObjectPoolI10KSemaphoreLm10EE12mallocObjectEPPS1_:00000000000000c0 .LFE134
     /tmp/ccOjCBq0.s:13007  .debug_loc:00000000000006a6 .LLST143
     /tmp/ccOjCBq0.s:15353  .debug_str:000000000000250f .LASF405
     /tmp/ccOjCBq0.s:13021  .debug_loc:00000000000006df .LLST144
     /tmp/ccOjCBq0.s:15203  .debug_str:0000000000001e9f .LASF406
     /tmp/ccOjCBq0.s:13043  .debug_loc:000000000000073e .LLST145
     /tmp/ccOjCBq0.s:3627   .text._ZN10ObjectPoolI10KSemaphoreLm10EE12mallocObjectEPPS1_:0000000000000030 .LBB492
     /tmp/ccOjCBq0.s:3636   .text._ZN10ObjectPoolI10KSemaphoreLm10EE12mallocObjectEPPS1_:000000000000003c .LBE492
     /tmp/ccOjCBq0.s:14525  .debug_str:00000000000001f5 .LASF407
     /tmp/ccOjCBq0.s:13054  .debug_loc:0000000000000774 .LLST146
     /tmp/ccOjCBq0.s:3658   .text._ZN10ObjectPoolI10KSemaphoreLm10EE12mallocObjectEPPS1_:0000000000000054 .LBB493
     /tmp/ccOjCBq0.s:3721   .text._ZN10ObjectPoolI10KSemaphoreLm10EE12mallocObjectEPPS1_:00000000000000c0 .LBE493
     /tmp/ccOjCBq0.s:15053  .debug_str:00000000000018a8 .LASF408
     /tmp/ccOjCBq0.s:13061  .debug_loc:0000000000000797 .LLST147
     /tmp/ccOjCBq0.s:3663   .text._ZN10ObjectPoolI10KSemaphoreLm10EE12mallocObjectEPPS1_:0000000000000060 .LBB494
     /tmp/ccOjCBq0.s:3701   .text._ZN10ObjectPoolI10KSemaphoreLm10EE12mallocObjectEPPS1_:000000000000009c .LBE494
     /tmp/ccOjCBq0.s:13073  .debug_loc:00000000000007ce .LLST148
     /tmp/ccOjCBq0.s:3671   .text._ZN10ObjectPoolI10KSemaphoreLm10EE12mallocObjectEPPS1_:000000000000006c .LBB497
     /tmp/ccOjCBq0.s:3695   .text._ZN10ObjectPoolI10KSemaphoreLm10EE12mallocObjectEPPS1_:0000000000000098 .LBE497
     /tmp/ccOjCBq0.s:13080  .debug_loc:00000000000007f1 .LLST149
     /tmp/ccOjCBq0.s:3662   .text._ZN10ObjectPoolI10KSemaphoreLm10EE12mallocObjectEPPS1_:0000000000000060 .LVL357
     /tmp/ccOjCBq0.s:3618   .text._ZN10ObjectPoolI10KSemaphoreLm10EE12mallocObjectEPPS1_:0000000000000024 .LVL350
     /tmp/ccOjCBq0.s:2458   .text._ZN10ObjectPoolI3TCBLm20EE10freeObjectEPS0_:0000000000000000 .LFB133
     /tmp/ccOjCBq0.s:2497   .text._ZN10ObjectPoolI3TCBLm20EE10freeObjectEPS0_:0000000000000034 .LFE133
     /tmp/ccOjCBq0.s:13106  .debug_loc:0000000000000863 .LLST102
     /tmp/ccOjCBq0.s:13120  .debug_loc:000000000000089c .LLST103
     /tmp/ccOjCBq0.s:2469   .text._ZN10ObjectPoolI3TCBLm20EE10freeObjectEPS0_:000000000000000c .LBB438
     /tmp/ccOjCBq0.s:2476   .text._ZN10ObjectPoolI3TCBLm20EE10freeObjectEPS0_:0000000000000010 .LBE438
     /tmp/ccOjCBq0.s:13138  .debug_loc:00000000000008ea .LLST104
     /tmp/ccOjCBq0.s:56     .text:000000000000002c .LFB132
     /tmp/ccOjCBq0.s:99     .text:0000000000000060 .LFE132
     /tmp/ccOjCBq0.s:13145  .debug_loc:000000000000090d .LLST1
     /tmp/ccOjCBq0.s:15207  .debug_str:0000000000001ec4 .LASF409
     /tmp/ccOjCBq0.s:70     .text:0000000000000040 .LBB259
     /tmp/ccOjCBq0.s:78     .text:0000000000000044 .LBE259
     /tmp/ccOjCBq0.s:13156  .debug_loc:0000000000000943 .LLST2
     /tmp/ccOjCBq0.s:30     .text:0000000000000010 .LFB131
     /tmp/ccOjCBq0.s:51     .text:000000000000002c .LFE131
     /tmp/ccOjCBq0.s:13163  .debug_loc:0000000000000966 .LLST0
     /tmp/ccOjCBq0.s:2819   .text._ZN10ObjectPoolI3TCBLm20EE12mallocObjectEPPS1_:0000000000000000 .LFB130
     /tmp/ccOjCBq0.s:2962   .text._ZN10ObjectPoolI3TCBLm20EE12mallocObjectEPPS1_:0000000000000100 .LFE130
     /tmp/ccOjCBq0.s:13177  .debug_loc:000000000000099f .LLST118
     /tmp/ccOjCBq0.s:13191  .debug_loc:00000000000009d8 .LLST119
     /tmp/ccOjCBq0.s:13213  .debug_loc:0000000000000a37 .LLST120
     /tmp/ccOjCBq0.s:2851   .text._ZN10ObjectPoolI3TCBLm20EE12mallocObjectEPPS1_:000000000000003c .LBB460
     /tmp/ccOjCBq0.s:2862   .text._ZN10ObjectPoolI3TCBLm20EE12mallocObjectEPPS1_:0000000000000050 .LBE460
     /tmp/ccOjCBq0.s:13235  .debug_loc:0000000000000a98 .LLST121
GAS LISTING /tmp/ccOjCBq0.s 			page 134


     /tmp/ccOjCBq0.s:2885   .text._ZN10ObjectPoolI3TCBLm20EE12mallocObjectEPPS1_:000000000000006c .LBB461
     /tmp/ccOjCBq0.s:2959   .text._ZN10ObjectPoolI3TCBLm20EE12mallocObjectEPPS1_:0000000000000100 .LBE461
     /tmp/ccOjCBq0.s:13242  .debug_loc:0000000000000abb .LLST122
     /tmp/ccOjCBq0.s:2891   .text._ZN10ObjectPoolI3TCBLm20EE12mallocObjectEPPS1_:000000000000007c .LBB462
     /tmp/ccOjCBq0.s:2935   .text._ZN10ObjectPoolI3TCBLm20EE12mallocObjectEPPS1_:00000000000000d4 .LBE462
     /tmp/ccOjCBq0.s:13254  .debug_loc:0000000000000af2 .LLST123
     /tmp/ccOjCBq0.s:2900   .text._ZN10ObjectPoolI3TCBLm20EE12mallocObjectEPPS1_:000000000000008c .LBB465
     /tmp/ccOjCBq0.s:2927   .text._ZN10ObjectPoolI3TCBLm20EE12mallocObjectEPPS1_:00000000000000c8 .LBE465
     /tmp/ccOjCBq0.s:13261  .debug_loc:0000000000000b15 .LLST124
     /tmp/ccOjCBq0.s:2890   .text._ZN10ObjectPoolI3TCBLm20EE12mallocObjectEPPS1_:000000000000007c .LVL266
     /tmp/ccOjCBq0.s:2840   .text._ZN10ObjectPoolI3TCBLm20EE12mallocObjectEPPS1_:0000000000000028 .LVL260
     /tmp/ccOjCBq0.s:365    .text:0000000000000158 .LFB129
     /tmp/ccOjCBq0.s:390    .text:0000000000000180 .LFE129
     /tmp/ccOjCBq0.s:13281  .debug_loc:0000000000000b72 .LLST29
     /tmp/ccOjCBq0.s:379    .text:0000000000000170 .LVL40
     /tmp/ccOjCBq0.s:322    .text:000000000000011c .LFB125
     /tmp/ccOjCBq0.s:360    .text:0000000000000158 .LFE125
     /tmp/ccOjCBq0.s:14655  .debug_str:0000000000000764 .LASF410
     /tmp/ccOjCBq0.s:13295  .debug_loc:0000000000000bab .LLST27
     /tmp/ccOjCBq0.s:13309  .debug_loc:0000000000000be4 .LLST28
     /tmp/ccOjCBq0.s:349    .text:0000000000000148 .LVL38
     /tmp/ccOjCBq0.s:2299   .text._ZN10ObjectPoolI10KSemaphoreLm10EEdlEPv:0000000000000000 .LFB124
     /tmp/ccOjCBq0.s:2324   .text._ZN10ObjectPoolI10KSemaphoreLm10EEdlEPv:0000000000000028 .LFE124
     /tmp/ccOjCBq0.s:13329  .debug_loc:0000000000000c32 .LLST97
     /tmp/ccOjCBq0.s:2313   .text._ZN10ObjectPoolI10KSemaphoreLm10EEdlEPv:0000000000000018 .LVL203
     /tmp/ccOjCBq0.s:14995  .debug_str:00000000000015d3 .LASF411
     /tmp/ccOjCBq0.s:2099   .text._ZN10ObjectPoolI10KSemaphoreLm10EEnwEm:0000000000000000 .LFB120
     /tmp/ccOjCBq0.s:2137   .text._ZN10ObjectPoolI10KSemaphoreLm10EEnwEm:000000000000003c .LFE120
     /tmp/ccOjCBq0.s:13343  .debug_loc:0000000000000c6b .LLST88
     /tmp/ccOjCBq0.s:13357  .debug_loc:0000000000000ca4 .LLST89
     /tmp/ccOjCBq0.s:2126   .text._ZN10ObjectPoolI10KSemaphoreLm10EEnwEm:000000000000002c .LVL184
     /tmp/ccOjCBq0.s:2067   .text._ZN10ObjectPoolI3TCBLm20EEdlEPv:0000000000000000 .LFB119
     /tmp/ccOjCBq0.s:2092   .text._ZN10ObjectPoolI3TCBLm20EEdlEPv:0000000000000028 .LFE119
     /tmp/ccOjCBq0.s:13377  .debug_loc:0000000000000cf2 .LLST87
     /tmp/ccOjCBq0.s:2081   .text._ZN10ObjectPoolI3TCBLm20EEdlEPv:0000000000000018 .LVL178
     /tmp/ccOjCBq0.s:15191  .debug_str:0000000000001e19 .LASF412
     /tmp/ccOjCBq0.s:2021   .text._ZN10ObjectPoolI3TCBLm20EEnwEm:0000000000000000 .LFB115
     /tmp/ccOjCBq0.s:2060   .text._ZN10ObjectPoolI3TCBLm20EEnwEm:000000000000003c .LFE115
     /tmp/ccOjCBq0.s:13391  .debug_loc:0000000000000d2b .LLST85
     /tmp/ccOjCBq0.s:13405  .debug_loc:0000000000000d64 .LLST86
     /tmp/ccOjCBq0.s:2049   .text._ZN10ObjectPoolI3TCBLm20EEnwEm:000000000000002c .LVL176
     /tmp/ccOjCBq0.s:1308   .text._ZNK6BufferIcLm100EE12isBufferFullEv:0000000000000000 .LFB114
     /tmp/ccOjCBq0.s:1332   .text._ZNK6BufferIcLm100EE12isBufferFullEv:0000000000000024 .LFE114
     /tmp/ccOjCBq0.s:13425  .debug_loc:0000000000000db2 .LLST61
     /tmp/ccOjCBq0.s:1151   .text._ZNK6BufferIcLm100EE13isBufferEmptyEv:0000000000000000 .LFB113
     /tmp/ccOjCBq0.s:1174   .text._ZNK6BufferIcLm100EE13isBufferEmptyEv:0000000000000020 .LFE113
     /tmp/ccOjCBq0.s:13439  .debug_loc:0000000000000deb .LLST57
     /tmp/ccOjCBq0.s:1062   .text:0000000000000498 .LFB112
     /tmp/ccOjCBq0.s:1144   .text:0000000000000578 .LFE112
     /tmp/ccOjCBq0.s:1885   .text:000000000000082c .LFB111
     /tmp/ccOjCBq0.s:2014   .text:00000000000008d0 .LFE111
     /tmp/ccOjCBq0.s:13453  .debug_loc:0000000000000e24 .LLST82
     /tmp/ccOjCBq0.s:1949   .text:0000000000000890 .LBB404
     /tmp/ccOjCBq0.s:2010   .text:00000000000008cc .LBE404
     /tmp/ccOjCBq0.s:15183  .debug_str:0000000000001ddb .LASF413
     /tmp/ccOjCBq0.s:1951   .text:0000000000000890 .LBB405
     /tmp/ccOjCBq0.s:1959   .text:000000000000089c .LBE405
GAS LISTING /tmp/ccOjCBq0.s 			page 135


     /tmp/ccOjCBq0.s:1964   .text:00000000000008a4 .LBB407
     /tmp/ccOjCBq0.s:1971   .text:00000000000008a8 .LBE407
     /tmp/ccOjCBq0.s:13475  .debug_loc:0000000000000e83 .LLST83
     /tmp/ccOjCBq0.s:1973   .text:00000000000008a8 .LBB409
     /tmp/ccOjCBq0.s:1980   .text:00000000000008ac .LBE409
     /tmp/ccOjCBq0.s:13482  .debug_loc:0000000000000ea6 .LLST84
     /tmp/ccOjCBq0.s:1987   .text:00000000000008b8 .LBB411
     /tmp/ccOjCBq0.s:1991   .text:00000000000008b8 .LBE411
     /tmp/ccOjCBq0.s:1992   .text:00000000000008b8 .LBB413
     /tmp/ccOjCBq0.s:1999   .text:00000000000008bc .LBE413
     /tmp/ccOjCBq0.s:2000   .text:00000000000008bc .LBB415
     /tmp/ccOjCBq0.s:2004   .text:00000000000008bc .LBE415
     /tmp/ccOjCBq0.s:1963   .text:00000000000008a4 .LVL165
     /tmp/ccOjCBq0.s:1985   .text:00000000000008b8 .LVL168
     /tmp/ccOjCBq0.s:2009   .text:00000000000008cc .LVL170
     /tmp/ccOjCBq0.s:1906   .text:000000000000084c .LBB402
     /tmp/ccOjCBq0.s:1916   .text:0000000000000860 .LBE402
     /tmp/ccOjCBq0.s:1914   .text:0000000000000860 .LVL160
     /tmp/ccOjCBq0.s:1925   .text:0000000000000870 .LVL161
     /tmp/ccOjCBq0.s:1181   .text:0000000000000578 .LFB110
     /tmp/ccOjCBq0.s:1301   .text:0000000000000608 .LFE110
     /tmp/ccOjCBq0.s:13489  .debug_loc:0000000000000ec9 .LLST58
     /tmp/ccOjCBq0.s:1236   .text:00000000000005c8 .LBB325
     /tmp/ccOjCBq0.s:1297   .text:0000000000000604 .LBE325
     /tmp/ccOjCBq0.s:1238   .text:00000000000005c8 .LBB326
     /tmp/ccOjCBq0.s:1246   .text:00000000000005d4 .LBE326
     /tmp/ccOjCBq0.s:1251   .text:00000000000005dc .LBB328
     /tmp/ccOjCBq0.s:1258   .text:00000000000005e0 .LBE328
     /tmp/ccOjCBq0.s:13503  .debug_loc:0000000000000f02 .LLST59
     /tmp/ccOjCBq0.s:1260   .text:00000000000005e0 .LBB330
     /tmp/ccOjCBq0.s:1267   .text:00000000000005e4 .LBE330
     /tmp/ccOjCBq0.s:13510  .debug_loc:0000000000000f25 .LLST60
     /tmp/ccOjCBq0.s:1274   .text:00000000000005f0 .LBB332
     /tmp/ccOjCBq0.s:1278   .text:00000000000005f0 .LBE332
     /tmp/ccOjCBq0.s:1279   .text:00000000000005f0 .LBB334
     /tmp/ccOjCBq0.s:1286   .text:00000000000005f4 .LBE334
     /tmp/ccOjCBq0.s:1287   .text:00000000000005f4 .LBB336
     /tmp/ccOjCBq0.s:1291   .text:00000000000005f4 .LBE336
     /tmp/ccOjCBq0.s:1250   .text:00000000000005dc .LVL103
     /tmp/ccOjCBq0.s:1272   .text:00000000000005f0 .LVL106
     /tmp/ccOjCBq0.s:1296   .text:0000000000000604 .LVL108
     /tmp/ccOjCBq0.s:1199   .text:0000000000000590 .LBB323
     /tmp/ccOjCBq0.s:1210   .text:00000000000005a4 .LBE323
     /tmp/ccOjCBq0.s:1208   .text:00000000000005a4 .LVL100
     /tmp/ccOjCBq0.s:1218   .text:00000000000005b0 .LVL101
     /tmp/ccOjCBq0.s:666    .text:00000000000002b8 .LFB109
     /tmp/ccOjCBq0.s:766    .text:0000000000000334 .LFE109
     /tmp/ccOjCBq0.s:13517  .debug_loc:0000000000000f48 .LLST39
     /tmp/ccOjCBq0.s:13531  .debug_loc:0000000000000f81 .LLST40
     /tmp/ccOjCBq0.s:683    .text:00000000000002d0 .LBB303
     /tmp/ccOjCBq0.s:691    .text:00000000000002dc .LBE303
     /tmp/ccOjCBq0.s:693    .text:00000000000002dc .LBB305
     /tmp/ccOjCBq0.s:700    .text:00000000000002e0 .LBE305
     /tmp/ccOjCBq0.s:13538  .debug_loc:0000000000000fa4 .LLST41
     /tmp/ccOjCBq0.s:705    .text:00000000000002e4 .LBB307
     /tmp/ccOjCBq0.s:712    .text:00000000000002e8 .LBE307
     /tmp/ccOjCBq0.s:13545  .debug_loc:0000000000000fc7 .LLST42
GAS LISTING /tmp/ccOjCBq0.s 			page 136


     /tmp/ccOjCBq0.s:13552  .debug_loc:0000000000000fea .LLST43
     /tmp/ccOjCBq0.s:724    .text:0000000000000304 .LBB309
     /tmp/ccOjCBq0.s:731    .text:0000000000000308 .LBE309
     /tmp/ccOjCBq0.s:13559  .debug_loc:000000000000100d .LLST44
     /tmp/ccOjCBq0.s:733    .text:0000000000000308 .LBB311
     /tmp/ccOjCBq0.s:737    .text:0000000000000308 .LBE311
     /tmp/ccOjCBq0.s:739    .text:0000000000000308 .LBB313
     /tmp/ccOjCBq0.s:743    .text:0000000000000308 .LBE313
     /tmp/ccOjCBq0.s:719    .text:00000000000002fc .LVL67
     /tmp/ccOjCBq0.s:723    .text:0000000000000304 .LVL68
     /tmp/ccOjCBq0.s:748    .text:0000000000000318 .LVL70
     /tmp/ccOjCBq0.s:808    .text:0000000000000360 .LFB108
     /tmp/ccOjCBq0.s:838    .text:000000000000038c .LFE108
     /tmp/ccOjCBq0.s:13566  .debug_loc:0000000000001030 .LLST47
     /tmp/ccOjCBq0.s:14789  .debug_str:0000000000000da8 .LASF414
     /tmp/ccOjCBq0.s:13580  .debug_loc:0000000000001069 .LLST48
     /tmp/ccOjCBq0.s:827    .text:000000000000037c .LVL79
     /tmp/ccOjCBq0.s:772    .text:0000000000000334 .LFB107
     /tmp/ccOjCBq0.s:802    .text:0000000000000360 .LFE107
     /tmp/ccOjCBq0.s:13592  .debug_loc:00000000000010a0 .LLST45
     /tmp/ccOjCBq0.s:13606  .debug_loc:00000000000010d9 .LLST46
     /tmp/ccOjCBq0.s:791    .text:0000000000000350 .LVL75
     /tmp/ccOjCBq0.s:2698   .text:0000000000000b74 .LFB106
     /tmp/ccOjCBq0.s:2769   .text:0000000000000bf0 .LFE106
     /tmp/ccOjCBq0.s:13618  .debug_loc:0000000000001110 .LLST113
     /tmp/ccOjCBq0.s:14873  .debug_str:000000000000111c .LASF415
     /tmp/ccOjCBq0.s:13632  .debug_loc:0000000000001149 .LLST114
     /tmp/ccOjCBq0.s:13651  .debug_loc:00000000000011a5 .LLST115
     /tmp/ccOjCBq0.s:2724   .text:0000000000000b9c .LVL247
     /tmp/ccOjCBq0.s:2733   .text:0000000000000bb4 .LVL250
     /tmp/ccOjCBq0.s:2761   .text:0000000000000be0 .LVL254
     /tmp/ccOjCBq0.s:2764   .text:0000000000000bec .LVL255
     /tmp/ccOjCBq0.s:3731   .text:0000000000000ff0 .LFB105
     /tmp/ccOjCBq0.s:3795   .text:0000000000001058 .LFE105
     /tmp/ccOjCBq0.s:13662  .debug_loc:00000000000011db .LLST150
     /tmp/ccOjCBq0.s:14535  .debug_str:000000000000021e .LASF416
     /tmp/ccOjCBq0.s:13684  .debug_loc:000000000000123a .LLST151
     /tmp/ccOjCBq0.s:3753   .text:000000000000101c .LVL368
     /tmp/ccOjCBq0.s:3770   .text:0000000000001038 .LVL369
     /tmp/ccOjCBq0.s:2504   .text:0000000000000ab8 .LFB104
     /tmp/ccOjCBq0.s:2648   .text:0000000000000b74 .LFE104
     /tmp/ccOjCBq0.s:13695  .debug_loc:0000000000001270 .LLST105
     /tmp/ccOjCBq0.s:13720  .debug_loc:00000000000012d2 .LLST106
     /tmp/ccOjCBq0.s:13731  .debug_loc:0000000000001308 .LLST108
     /tmp/ccOjCBq0.s:2576   .text:0000000000000b18 .LBB444
     /tmp/ccOjCBq0.s:2584   .text:0000000000000b24 .LBE444
     /tmp/ccOjCBq0.s:2586   .text:0000000000000b24 .LBB446
     /tmp/ccOjCBq0.s:2593   .text:0000000000000b28 .LBE446
     /tmp/ccOjCBq0.s:13738  .debug_loc:000000000000132b .LLST109
     /tmp/ccOjCBq0.s:2605   .text:0000000000000b40 .LBB448
     /tmp/ccOjCBq0.s:2612   .text:0000000000000b44 .LBE448
     /tmp/ccOjCBq0.s:13745  .debug_loc:000000000000134e .LLST110
     /tmp/ccOjCBq0.s:2614   .text:0000000000000b44 .LBB450
     /tmp/ccOjCBq0.s:2618   .text:0000000000000b44 .LBE450
     /tmp/ccOjCBq0.s:2624   .text:0000000000000b44 .LBB452
     /tmp/ccOjCBq0.s:2628   .text:0000000000000b44 .LBE452
     /tmp/ccOjCBq0.s:2600   .text:0000000000000b38 .LVL233
GAS LISTING /tmp/ccOjCBq0.s 			page 137


     /tmp/ccOjCBq0.s:2604   .text:0000000000000b40 .LVL234
     /tmp/ccOjCBq0.s:2633   .text:0000000000000b54 .LVL236
     /tmp/ccOjCBq0.s:2528   .text:0000000000000ad8 .LBB441
     /tmp/ccOjCBq0.s:2535   .text:0000000000000adc .LBE441
     /tmp/ccOjCBq0.s:13752  .debug_loc:0000000000001371 .LLST107
     /tmp/ccOjCBq0.s:2550   .text:0000000000000af8 .LVL227
     /tmp/ccOjCBq0.s:2642   .text:0000000000000b64 .LVL238
     /tmp/ccOjCBq0.s:2645   .text:0000000000000b70 .LVL239
     /tmp/ccOjCBq0.s:430    .text:00000000000001ac .LFB103
     /tmp/ccOjCBq0.s:460    .text:00000000000001dc .LFE103
     /tmp/ccOjCBq0.s:13759  .debug_loc:0000000000001394 .LLST31
     /tmp/ccOjCBq0.s:447    .text:00000000000001c8 .LVL46
     /tmp/ccOjCBq0.s:564    .text:0000000000000258 .LFB102
     /tmp/ccOjCBq0.s:660    .text:00000000000002b8 .LFE102
     /tmp/ccOjCBq0.s:13773  .debug_loc:00000000000013cd .LLST35
     /tmp/ccOjCBq0.s:13787  .debug_loc:0000000000001406 .LLST38
     /tmp/ccOjCBq0.s:655    .text:00000000000002b4 .LVL60
     /tmp/ccOjCBq0.s:577    .text:0000000000000268 .LBB288
     /tmp/ccOjCBq0.s:585    .text:0000000000000274 .LBE288
     /tmp/ccOjCBq0.s:586    .text:0000000000000274 .LBB290
     /tmp/ccOjCBq0.s:594    .text:000000000000027c .LBE290
     /tmp/ccOjCBq0.s:13794  .debug_loc:0000000000001429 .LLST36
     /tmp/ccOjCBq0.s:598    .text:000000000000027c .LBB293
     /tmp/ccOjCBq0.s:605    .text:0000000000000280 .LBE293
     /tmp/ccOjCBq0.s:13801  .debug_loc:000000000000144c .LLST37
     /tmp/ccOjCBq0.s:611    .text:0000000000000284 .LBB298
     /tmp/ccOjCBq0.s:616    .text:0000000000000284 .LBE298
     /tmp/ccOjCBq0.s:622    .text:0000000000000298 .LVL58
     /tmp/ccOjCBq0.s:466    .text:00000000000001dc .LFB101
     /tmp/ccOjCBq0.s:494    .text:0000000000000208 .LFE101
     /tmp/ccOjCBq0.s:13808  .debug_loc:000000000000146f .LLST32
     /tmp/ccOjCBq0.s:481    .text:00000000000001f4 .LVL48
     /tmp/ccOjCBq0.s:3468   .text:0000000000000f58 .LFB100
     /tmp/ccOjCBq0.s:3552   .text:0000000000000ff0 .LFE100
     /tmp/ccOjCBq0.s:13822  .debug_loc:00000000000014a8 .LLST138
     /tmp/ccOjCBq0.s:15211  .debug_str:0000000000001ee3 .LASF417
     /tmp/ccOjCBq0.s:13844  .debug_loc:0000000000001507 .LLST139
     /tmp/ccOjCBq0.s:15027  .debug_str:0000000000001782 .LASF418
     /tmp/ccOjCBq0.s:13859  .debug_loc:0000000000001550 .LLST140
     /tmp/ccOjCBq0.s:3492   .text:0000000000000f88 .LVL336
     /tmp/ccOjCBq0.s:3510   .text:0000000000000fa4 .LVL338
     /tmp/ccOjCBq0.s:3524   .text:0000000000000fcc .LVL341
     /tmp/ccOjCBq0.s:532    .text:0000000000000230 .LFB99
     /tmp/ccOjCBq0.s:558    .text:0000000000000258 .LFE99
     /tmp/ccOjCBq0.s:13870  .debug_loc:0000000000001586 .LLST34
     /tmp/ccOjCBq0.s:547    .text:0000000000000248 .LVL52
     /tmp/ccOjCBq0.s:500    .text:0000000000000208 .LFB98
     /tmp/ccOjCBq0.s:526    .text:0000000000000230 .LFE98
     /tmp/ccOjCBq0.s:13884  .debug_loc:00000000000015bf .LLST33
     /tmp/ccOjCBq0.s:515    .text:0000000000000220 .LVL50
     /tmp/ccOjCBq0.s:396    .text:0000000000000180 .LFB97
     /tmp/ccOjCBq0.s:424    .text:00000000000001ac .LFE97
     /tmp/ccOjCBq0.s:13898  .debug_loc:00000000000015f8 .LLST30
     /tmp/ccOjCBq0.s:413    .text:000000000000019c .LVL43
     /tmp/ccOjCBq0.s:289    .text:00000000000000f0 .LFB96
     /tmp/ccOjCBq0.s:317    .text:000000000000011c .LFE96
     /tmp/ccOjCBq0.s:13912  .debug_loc:0000000000001631 .LLST26
GAS LISTING /tmp/ccOjCBq0.s 			page 138


     /tmp/ccOjCBq0.s:306    .text:000000000000010c .LVL32
     /tmp/ccOjCBq0.s:10     .text:0000000000000000 .LFB95
     /tmp/ccOjCBq0.s:25     .text:0000000000000010 .LFE95
     /tmp/ccOjCBq0.s:1339   .text:0000000000000608 .LFB94
     /tmp/ccOjCBq0.s:1879   .text:000000000000082c .LFE94
     /tmp/ccOjCBq0.s:15367  .debug_str:00000000000025cb .LASF419
     /tmp/ccOjCBq0.s:15077  .debug_str:0000000000001976 .LASF420
     /tmp/ccOjCBq0.s:13926  .debug_loc:000000000000166a .LLST62
     /tmp/ccOjCBq0.s:1402   .text:0000000000000660 .LBB342
     /tmp/ccOjCBq0.s:1523   .text:00000000000006c4 .LBE342
     /tmp/ccOjCBq0.s:14761  .debug_str:0000000000000c6d .LASF421
     /tmp/ccOjCBq0.s:13947  .debug_loc:00000000000016c8 .LLST63
     /tmp/ccOjCBq0.s:14563  .debug_str:0000000000000335 .LASF422
     /tmp/ccOjCBq0.s:13954  .debug_loc:00000000000016eb .LLST64
     /tmp/ccOjCBq0.s:14779  .debug_str:0000000000000d4b .LASF423
     /tmp/ccOjCBq0.s:13961  .debug_loc:000000000000170e .LLST65
     /tmp/ccOjCBq0.s:1405   .text:0000000000000660 .LBB343
     /tmp/ccOjCBq0.s:1418   .text:0000000000000668 .LBE343
     /tmp/ccOjCBq0.s:13968  .debug_loc:0000000000001731 .LLST66
     /tmp/ccOjCBq0.s:1420   .text:0000000000000668 .LBB345
     /tmp/ccOjCBq0.s:1433   .text:000000000000066c .LBE345
     /tmp/ccOjCBq0.s:1438   .text:0000000000000670 .LBB347
     /tmp/ccOjCBq0.s:1451   .text:0000000000000674 .LBE347
     /tmp/ccOjCBq0.s:1496   .text:00000000000006bc .LBB349
     /tmp/ccOjCBq0.s:1507   .text:00000000000006c0 .LBE349
     /tmp/ccOjCBq0.s:13976  .debug_loc:0000000000001755 .LLST67
     /tmp/ccOjCBq0.s:1509   .text:00000000000006c0 .LBB351
     /tmp/ccOjCBq0.s:1520   .text:00000000000006c4 .LBE351
     /tmp/ccOjCBq0.s:13983  .debug_loc:0000000000001778 .LLST68
     /tmp/ccOjCBq0.s:1470   .text:0000000000000690 .LVL120
     /tmp/ccOjCBq0.s:1481   .text:00000000000006ac .LVL122
     /tmp/ccOjCBq0.s:1494   .text:00000000000006bc .LVL123
     /tmp/ccOjCBq0.s:1750   .text:00000000000007a4 .LBB382
     /tmp/ccOjCBq0.s:1827   .text:00000000000007d4 .LBE382
     /tmp/ccOjCBq0.s:13990  .debug_loc:000000000000179b .LLST78
     /tmp/ccOjCBq0.s:13997  .debug_loc:00000000000017be .LLST79
     /tmp/ccOjCBq0.s:1752   .text:00000000000007a4 .LBB383
     /tmp/ccOjCBq0.s:1760   .text:00000000000007b4 .LBE383
     /tmp/ccOjCBq0.s:1762   .text:00000000000007b4 .LBB385
     /tmp/ccOjCBq0.s:1775   .text:00000000000007b8 .LBE385
     /tmp/ccOjCBq0.s:1780   .text:00000000000007bc .LBB387
     /tmp/ccOjCBq0.s:1793   .text:00000000000007c0 .LBE387
     /tmp/ccOjCBq0.s:1799   .text:00000000000007c8 .LBB389
     /tmp/ccOjCBq0.s:1810   .text:00000000000007cc .LBE389
     /tmp/ccOjCBq0.s:14004  .debug_loc:00000000000017e1 .LLST80
     /tmp/ccOjCBq0.s:1812   .text:00000000000007cc .LBB391
     /tmp/ccOjCBq0.s:1826   .text:00000000000007d4 .LBE391
     /tmp/ccOjCBq0.s:14011  .debug_loc:0000000000001804 .LLST81
     /tmp/ccOjCBq0.s:1797   .text:00000000000007c8 .LVL151
     /tmp/ccOjCBq0.s:14018  .debug_loc:0000000000001827 .LLST69
     /tmp/ccOjCBq0.s:14029  .debug_loc:000000000000185d .LLST70
     /tmp/ccOjCBq0.s:14983  .debug_str:0000000000001557 .LASF424
     /tmp/ccOjCBq0.s:14040  .debug_loc:0000000000001893 .LLST71
     /tmp/ccOjCBq0.s:15007  .debug_str:000000000000167e .LASF425
     /tmp/ccOjCBq0.s:14051  .debug_loc:00000000000018c9 .LLST72
     /tmp/ccOjCBq0.s:1559   .text:00000000000006f4 .LBB354
     /tmp/ccOjCBq0.s:1572   .text:00000000000006fc .LBE354
GAS LISTING /tmp/ccOjCBq0.s 			page 139


     /tmp/ccOjCBq0.s:14058  .debug_loc:00000000000018ec .LLST73
     /tmp/ccOjCBq0.s:1574   .text:00000000000006fc .LBB356
     /tmp/ccOjCBq0.s:1587   .text:0000000000000700 .LBE356
     /tmp/ccOjCBq0.s:1592   .text:0000000000000704 .LBB358
     /tmp/ccOjCBq0.s:1605   .text:0000000000000708 .LBE358
     /tmp/ccOjCBq0.s:1630   .text:0000000000000730 .LBB360
     /tmp/ccOjCBq0.s:1639   .text:0000000000000744 .LBE360
     /tmp/ccOjCBq0.s:1637   .text:0000000000000744 .LVL137
     /tmp/ccOjCBq0.s:1653   .text:000000000000075c .LBB362
     /tmp/ccOjCBq0.s:1664   .text:0000000000000760 .LBE362
     /tmp/ccOjCBq0.s:14067  .debug_loc:0000000000001912 .LLST74
     /tmp/ccOjCBq0.s:1666   .text:0000000000000760 .LBB364
     /tmp/ccOjCBq0.s:1677   .text:0000000000000764 .LBE364
     /tmp/ccOjCBq0.s:14074  .debug_loc:0000000000001935 .LLST75
     /tmp/ccOjCBq0.s:1832   .text:00000000000007d4 .LBB366
     /tmp/ccOjCBq0.s:1836   .text:00000000000007d4 .LBE366
     /tmp/ccOjCBq0.s:1845   .text:00000000000007ec .LBB368
     /tmp/ccOjCBq0.s:1854   .text:0000000000000800 .LBE368
     /tmp/ccOjCBq0.s:1852   .text:0000000000000800 .LVL155
     /tmp/ccOjCBq0.s:1865   .text:0000000000000814 .LBB370
     /tmp/ccOjCBq0.s:1869   .text:0000000000000814 .LBE370
     /tmp/ccOjCBq0.s:1609   .text:0000000000000710 .LVL133
     /tmp/ccOjCBq0.s:1646   .text:0000000000000754 .LVL138
     /tmp/ccOjCBq0.s:1651   .text:000000000000075c .LVL139
     /tmp/ccOjCBq0.s:1841   .text:00000000000007e8 .LVL154
     /tmp/ccOjCBq0.s:1861   .text:0000000000000810 .LVL156
     /tmp/ccOjCBq0.s:1874   .text:0000000000000828 .LVL157
     /tmp/ccOjCBq0.s:1368   .text:0000000000000630 .LBB339
     /tmp/ccOjCBq0.s:1382   .text:0000000000000634 .LBE339
     /tmp/ccOjCBq0.s:1689   .text:0000000000000768 .LBB373
     /tmp/ccOjCBq0.s:1702   .text:0000000000000770 .LBE373
     /tmp/ccOjCBq0.s:14081  .debug_loc:0000000000001958 .LLST76
     /tmp/ccOjCBq0.s:1704   .text:0000000000000770 .LBB375
     /tmp/ccOjCBq0.s:1713   .text:0000000000000784 .LBE375
     /tmp/ccOjCBq0.s:1721   .text:0000000000000784 .LBB378
     /tmp/ccOjCBq0.s:1729   .text:0000000000000790 .LBE378
     /tmp/ccOjCBq0.s:1730   .text:0000000000000790 .LBB380
     /tmp/ccOjCBq0.s:1737   .text:0000000000000794 .LBE380
     /tmp/ccOjCBq0.s:14089  .debug_loc:000000000000197c .LLST77
     /tmp/ccOjCBq0.s:1745   .text:00000000000007a0 .LVL147
     /tmp/ccOjCBq0.s:975    .text:000000000000041c .LFB93
     /tmp/ccOjCBq0.s:1056   .text:0000000000000498 .LFE93
     /tmp/ccOjCBq0.s:1021   .text:0000000000000468 .LBB319
     /tmp/ccOjCBq0.s:1040   .text:0000000000000480 .LBE319
     /tmp/ccOjCBq0.s:14096  .debug_loc:000000000000199f .LLST55
     /tmp/ccOjCBq0.s:1028   .text:0000000000000474 .LBB320
     /tmp/ccOjCBq0.s:1035   .text:0000000000000478 .LBE320
     /tmp/ccOjCBq0.s:14103  .debug_loc:00000000000019c2 .LLST56
     /tmp/ccOjCBq0.s:1026   .text:0000000000000474 .LVL93
     /tmp/ccOjCBq0.s:1039   .text:0000000000000480 .LVL95
     /tmp/ccOjCBq0.s:993    .text:0000000000000440 .LBB315
     /tmp/ccOjCBq0.s:1003   .text:000000000000044c .LBE315
     /tmp/ccOjCBq0.s:14110  .debug_loc:00000000000019e5 .LLST53
     /tmp/ccOjCBq0.s:1011   .text:0000000000000460 .LBB317
     /tmp/ccOjCBq0.s:1018   .text:0000000000000464 .LBE317
     /tmp/ccOjCBq0.s:14117  .debug_loc:0000000000001a08 .LLST54
     /tmp/ccOjCBq0.s:992    .text:0000000000000440 .LVL89
GAS LISTING /tmp/ccOjCBq0.s 			page 140


     /tmp/ccOjCBq0.s:1010   .text:0000000000000460 .LVL91
     /tmp/ccOjCBq0.s:925    .text:00000000000003dc .LFB92
     /tmp/ccOjCBq0.s:969    .text:000000000000041c .LFE92
     /tmp/ccOjCBq0.s:15301  .debug_str:00000000000022f9 .LASF426
     /tmp/ccOjCBq0.s:14124  .debug_loc:0000000000001a2b .LLST50
     /tmp/ccOjCBq0.s:14138  .debug_loc:0000000000001a64 .LLST51
     /tmp/ccOjCBq0.s:14158  .debug_loc:0000000000001ab2 .LLST52
     /tmp/ccOjCBq0.s:955    .text:0000000000000408 .LVL87
     /tmp/ccOjCBq0.s:844    .text:000000000000038c .LFB91
     /tmp/ccOjCBq0.s:919    .text:00000000000003dc .LFE91
     /tmp/ccOjCBq0.s:14171  .debug_loc:0000000000001aeb .LLST49
     /tmp/ccOjCBq0.s:2331   .text:00000000000009ec .LFB78
     /tmp/ccOjCBq0.s:2451   .text:0000000000000ab8 .LFE78
     /tmp/ccOjCBq0.s:2354   .text:0000000000000a14 .LBB428
     /tmp/ccOjCBq0.s:2383   .text:0000000000000a40 .LBE428
     /tmp/ccOjCBq0.s:14185  .debug_loc:0000000000001b24 .LLST98
     /tmp/ccOjCBq0.s:2367   .text:0000000000000a30 .LBB430
     /tmp/ccOjCBq0.s:2377   .text:0000000000000a3c .LBE430
     /tmp/ccOjCBq0.s:14196  .debug_loc:0000000000001b5a .LLST99
     /tmp/ccOjCBq0.s:2373   .text:0000000000000a3c .LVL207
     /tmp/ccOjCBq0.s:2395   .text:0000000000000a58 .LBB433
     /tmp/ccOjCBq0.s:2420   .text:0000000000000a7c .LBE433
     /tmp/ccOjCBq0.s:14203  .debug_loc:0000000000001b7d .LLST100
     /tmp/ccOjCBq0.s:2406   .text:0000000000000a6c .LBB435
     /tmp/ccOjCBq0.s:2418   .text:0000000000000a7c .LBE435
     /tmp/ccOjCBq0.s:14214  .debug_loc:0000000000001bb3 .LLST101
     /tmp/ccOjCBq0.s:2412   .text:0000000000000a78 .LVL213
     /tmp/ccOjCBq0.s:2387   .text:0000000000000a4c .LVL209
     /tmp/ccOjCBq0.s:2424   .text:0000000000000a88 .LVL215
     /tmp/ccOjCBq0.s:2433   .text:0000000000000a9c .LVL216
     /tmp/ccOjCBq0.s:14929  .debug_str:000000000000138d .LASF427
     /tmp/ccOjCBq0.s:14597  .debug_str:00000000000004b1 .LASF428
     /tmp/ccOjCBq0.s:15195  .debug_str:0000000000001e4b .LASF429
     /tmp/ccOjCBq0.s:15069  .debug_str:0000000000001928 .LASF430
     /tmp/ccOjCBq0.s:15017  .debug_str:00000000000016e5 .LASF431
     /tmp/ccOjCBq0.s:3282   .text:0000000000000e38 .LFB77
     /tmp/ccOjCBq0.s:3462   .text:0000000000000f58 .LFE77
     /tmp/ccOjCBq0.s:3297   .text:0000000000000e4c .LBB473
     /tmp/ccOjCBq0.s:3320   .text:0000000000000e5c .LBE473
     /tmp/ccOjCBq0.s:3303   .text:0000000000000e54 .LBB475
     /tmp/ccOjCBq0.s:3314   .text:0000000000000e58 .LBE475
     /tmp/ccOjCBq0.s:3321   .text:0000000000000e5c .LBB477
     /tmp/ccOjCBq0.s:14221  .debug_loc:0000000000001bd6 .LLST134
     /tmp/ccOjCBq0.s:3354   .text:0000000000000e9c .LBB480
     /tmp/ccOjCBq0.s:3381   .text:0000000000000ed8 .LBE480
     /tmp/ccOjCBq0.s:14232  .debug_loc:0000000000001c0c .LLST135
     /tmp/ccOjCBq0.s:3385   .text:0000000000000ed8 .LBB484
     /tmp/ccOjCBq0.s:14252  .debug_loc:0000000000001c69 .LLST136
     /tmp/ccOjCBq0.s:3414   .text:0000000000000f08 .LBB487
     /tmp/ccOjCBq0.s:3438   .text:0000000000000f34 .LBE487
     /tmp/ccOjCBq0.s:14263  .debug_loc:0000000000001c9f .LLST137
     /tmp/ccOjCBq0.s:3344   .text:0000000000000e8c .LVL320
     /tmp/ccOjCBq0.s:3405   .text:0000000000000efc .LVL326
     /tmp/ccOjCBq0.s:3445   .text:0000000000000f3c .LVL332
     /tmp/ccOjCBq0.s:3449   .text:0000000000000f44 .LVL333
     /tmp/ccOjCBq0.s:3243   .text:0000000000000e00 .LFB76
     /tmp/ccOjCBq0.s:3276   .text:0000000000000e38 .LFE76
GAS LISTING /tmp/ccOjCBq0.s 			page 141


     /tmp/ccOjCBq0.s:3257   .text:0000000000000e18 .LVL312
     /tmp/ccOjCBq0.s:3261   .text:0000000000000e20 .LVL313
     /tmp/ccOjCBq0.s:3265   .text:0000000000000e28 .LVL314
     /tmp/ccOjCBq0.s:3151   .text:0000000000000d50 .LFB75
     /tmp/ccOjCBq0.s:3237   .text:0000000000000e00 .LFE75
     /tmp/ccOjCBq0.s:14289  .debug_loc:0000000000001d11 .LLST131
     /tmp/ccOjCBq0.s:14300  .debug_loc:0000000000001d47 .LLST132
     /tmp/ccOjCBq0.s:3211   .text:0000000000000ddc .LBB471
     /tmp/ccOjCBq0.s:3220   .text:0000000000000de8 .LBE471
     /tmp/ccOjCBq0.s:14311  .debug_loc:0000000000001d7d .LLST133
     /tmp/ccOjCBq0.s:3170   .text:0000000000000d74 .LVL300
     /tmp/ccOjCBq0.s:3180   .text:0000000000000d8c .LVL303
     /tmp/ccOjCBq0.s:3192   .text:0000000000000da8 .LVL305
     /tmp/ccOjCBq0.s:3209   .text:0000000000000ddc .LVL308
     /tmp/ccOjCBq0.s:3060   .text:0000000000000ca0 .LFB74
     /tmp/ccOjCBq0.s:3145   .text:0000000000000d50 .LFE74
     /tmp/ccOjCBq0.s:14318  .debug_loc:0000000000001da0 .LLST128
     /tmp/ccOjCBq0.s:14329  .debug_loc:0000000000001dd6 .LLST129
     /tmp/ccOjCBq0.s:3120   .text:0000000000000d2c .LBB469
     /tmp/ccOjCBq0.s:3128   .text:0000000000000d38 .LBE469
     /tmp/ccOjCBq0.s:14340  .debug_loc:0000000000001e0c .LLST130
     /tmp/ccOjCBq0.s:3079   .text:0000000000000cc4 .LVL288
     /tmp/ccOjCBq0.s:3089   .text:0000000000000cdc .LVL291
     /tmp/ccOjCBq0.s:3101   .text:0000000000000cf8 .LVL293
     /tmp/ccOjCBq0.s:3118   .text:0000000000000d2c .LVL296
     /tmp/ccOjCBq0.s:2969   .text:0000000000000bf0 .LFB73
     /tmp/ccOjCBq0.s:3054   .text:0000000000000ca0 .LFE73
     /tmp/ccOjCBq0.s:14347  .debug_loc:0000000000001e2f .LLST125
     /tmp/ccOjCBq0.s:14358  .debug_loc:0000000000001e65 .LLST126
     /tmp/ccOjCBq0.s:3029   .text:0000000000000c7c .LBB467
     /tmp/ccOjCBq0.s:3037   .text:0000000000000c88 .LBE467
     /tmp/ccOjCBq0.s:14369  .debug_loc:0000000000001e9b .LLST127
     /tmp/ccOjCBq0.s:2988   .text:0000000000000c14 .LVL276
     /tmp/ccOjCBq0.s:2998   .text:0000000000000c2c .LVL279
     /tmp/ccOjCBq0.s:3010   .text:0000000000000c48 .LVL281
     /tmp/ccOjCBq0.s:3027   .text:0000000000000c7c .LVL284
     /tmp/ccOjCBq0.s:15233  .debug_str:0000000000001fb3 .LASF432
     /tmp/ccOjCBq0.s:15135  .debug_str:0000000000001bbb .LASF433
     /tmp/ccOjCBq0.s:14485  .debug_str:000000000000008b .LASF434
     /tmp/ccOjCBq0.s:14925  .debug_str:0000000000001375 .LASF435
     /tmp/ccOjCBq0.s:15067  .debug_str:0000000000001920 .LASF436
     /tmp/ccOjCBq0.s:14719  .debug_str:0000000000000a2c .LASF437
     /tmp/ccOjCBq0.s:14677  .debug_str:000000000000082c .LASF438
     /tmp/ccOjCBq0.s:14513  .debug_str:000000000000016e .LASF439
     /tmp/ccOjCBq0.s:14841  .debug_str:0000000000001001 .LASF440
     /tmp/ccOjCBq0.s:15273  .debug_str:00000000000021b4 .LASF441
     /tmp/ccOjCBq0.s:15219  .debug_str:0000000000001f1a .LASF442
     /tmp/ccOjCBq0.s:14553  .debug_str:00000000000002e5 .LASF443
     /tmp/ccOjCBq0.s:15321  .debug_str:00000000000023c7 .LASF444
     /tmp/ccOjCBq0.s:15149  .debug_str:0000000000001c30 .LASF445
     /tmp/ccOjCBq0.s:14953  .debug_str:0000000000001445 .LASF459
     /tmp/ccOjCBq0.s:15309  .debug_str:0000000000002338 .LASF446
     /tmp/ccOjCBq0.s:15387  .debug_str:00000000000026ab .LASF447
     /tmp/ccOjCBq0.s:2146   .text:00000000000008d0 .LVL185
     /tmp/ccOjCBq0.s:2170   .text:0000000000000904 .LVL186
     /tmp/ccOjCBq0.s:2214   .text:0000000000000964 .LVL192
     /tmp/ccOjCBq0.s:2180   .text:000000000000091c .LVL188
GAS LISTING /tmp/ccOjCBq0.s 			page 142


     /tmp/ccOjCBq0.s:2185   .text:0000000000000920 .LVL189
     /tmp/ccOjCBq0.s:2204   .text:0000000000000950 .LVL190
     /tmp/ccOjCBq0.s:2207   .text:0000000000000958 .LVL191
     /tmp/ccOjCBq0.s:2259   .text:00000000000009b4 .LVL199
     /tmp/ccOjCBq0.s:2230   .text:0000000000000984 .LVL194
     /tmp/ccOjCBq0.s:2235   .text:0000000000000988 .LVL195
     /tmp/ccOjCBq0.s:2247   .text:00000000000009a0 .LVL196
     /tmp/ccOjCBq0.s:2251   .text:00000000000009a8 .LVL197
     /tmp/ccOjCBq0.s:2254   .text:00000000000009b0 .LVL198
     /tmp/ccOjCBq0.s:2275   .text:00000000000009d4 .LVL201
     /tmp/ccOjCBq0.s:3562   .text._ZN10ObjectPoolI10KSemaphoreLm10EE12findFreePoolEv:0000000000000000 .LVL346
     /tmp/ccOjCBq0.s:3570   .text._ZN10ObjectPoolI10KSemaphoreLm10EE12findFreePoolEv:0000000000000010 .LVL347
     /tmp/ccOjCBq0.s:3576   .text._ZN10ObjectPoolI10KSemaphoreLm10EE12findFreePoolEv:0000000000000018 .LVL348
     /tmp/ccOjCBq0.s:2779   .text._ZN10ObjectPoolI3TCBLm20EE12findFreePoolEv:0000000000000000 .LVL256
     /tmp/ccOjCBq0.s:2787   .text._ZN10ObjectPoolI3TCBLm20EE12findFreePoolEv:0000000000000010 .LVL257
     /tmp/ccOjCBq0.s:2794   .text._ZN10ObjectPoolI3TCBLm20EE12findFreePoolEv:000000000000001c .LVL258
     /tmp/ccOjCBq0.s:121    .text:0000000000000078 .LVL6
     /tmp/ccOjCBq0.s:162    .text:0000000000000094 .LVL13
     /tmp/ccOjCBq0.s:174    .text:000000000000009c .LVL14
     /tmp/ccOjCBq0.s:177    .text:00000000000000a0 .LVL15
     /tmp/ccOjCBq0.s:182    .text:00000000000000a8 .LVL16
     /tmp/ccOjCBq0.s:229    .text:00000000000000c8 .LVL23
     /tmp/ccOjCBq0.s:241    .text:00000000000000d4 .LVL24
     /tmp/ccOjCBq0.s:257    .text:00000000000000dc .LVL26
     /tmp/ccOjCBq0.s:124    .text:000000000000007c .LVL7
     /tmp/ccOjCBq0.s:128    .text:0000000000000080 .LVL8
     /tmp/ccOjCBq0.s:145    .text:0000000000000088 .LVL10
     /tmp/ccOjCBq0.s:137    .text:0000000000000084 .LVL9
     /tmp/ccOjCBq0.s:156    .text:0000000000000090 .LVL12
     /tmp/ccOjCBq0.s:188    .text:00000000000000b0 .LVL17
     /tmp/ccOjCBq0.s:194    .text:00000000000000b4 .LVL18
     /tmp/ccOjCBq0.s:202    .text:00000000000000b8 .LVL19
     /tmp/ccOjCBq0.s:210    .text:00000000000000bc .LVL20
     /tmp/ccOjCBq0.s:218    .text:00000000000000c0 .LVL21
     /tmp/ccOjCBq0.s:223    .text:00000000000000c4 .LVL22
     /tmp/ccOjCBq0.s:249    .text:00000000000000d8 .LVL25
     /tmp/ccOjCBq0.s:265    .text:00000000000000e0 .LVL27
     /tmp/ccOjCBq0.s:270    .text:00000000000000e4 .LVL28
     /tmp/ccOjCBq0.s:276    .text:00000000000000e8 .LVL29
     /tmp/ccOjCBq0.s:2658   .text._ZN10ObjectPoolI10KSemaphoreLm10EE10freeObjectEPS0_:0000000000000000 .LVL240
     /tmp/ccOjCBq0.s:2683   .text._ZN10ObjectPoolI10KSemaphoreLm10EE10freeObjectEPS0_:0000000000000020 .LVL243
     /tmp/ccOjCBq0.s:2665   .text._ZN10ObjectPoolI10KSemaphoreLm10EE10freeObjectEPS0_:000000000000000c .LVL241
     /tmp/ccOjCBq0.s:2672   .text._ZN10ObjectPoolI10KSemaphoreLm10EE10freeObjectEPS0_:0000000000000010 .LVL242
     /tmp/ccOjCBq0.s:3602   .text._ZN10ObjectPoolI10KSemaphoreLm10EE12mallocObjectEPPS1_:0000000000000000 .LVL349
     /tmp/ccOjCBq0.s:3650   .text._ZN10ObjectPoolI10KSemaphoreLm10EE12mallocObjectEPPS1_:000000000000004c .LVL355
     /tmp/ccOjCBq0.s:3654   .text._ZN10ObjectPoolI10KSemaphoreLm10EE12mallocObjectEPPS1_:0000000000000054 .LVL356
     /tmp/ccOjCBq0.s:3620   .text._ZN10ObjectPoolI10KSemaphoreLm10EE12mallocObjectEPPS1_:0000000000000028 .LVL351
     /tmp/ccOjCBq0.s:3647   .text._ZN10ObjectPoolI10KSemaphoreLm10EE12mallocObjectEPPS1_:0000000000000048 .LVL354
     /tmp/ccOjCBq0.s:3626   .text._ZN10ObjectPoolI10KSemaphoreLm10EE12mallocObjectEPPS1_:0000000000000030 .LVL352
     /tmp/ccOjCBq0.s:3634   .text._ZN10ObjectPoolI10KSemaphoreLm10EE12mallocObjectEPPS1_:000000000000003c .LVL353
     /tmp/ccOjCBq0.s:3698   .text._ZN10ObjectPoolI10KSemaphoreLm10EE12mallocObjectEPPS1_:000000000000009c .LVL363
     /tmp/ccOjCBq0.s:3719   .text._ZN10ObjectPoolI10KSemaphoreLm10EE12mallocObjectEPPS1_:00000000000000bc .LVL365
     /tmp/ccOjCBq0.s:3669   .text._ZN10ObjectPoolI10KSemaphoreLm10EE12mallocObjectEPPS1_:000000000000006c .LVL358
     /tmp/ccOjCBq0.s:3675   .text._ZN10ObjectPoolI10KSemaphoreLm10EE12mallocObjectEPPS1_:0000000000000074 .LVL359
     /tmp/ccOjCBq0.s:3684   .text._ZN10ObjectPoolI10KSemaphoreLm10EE12mallocObjectEPPS1_:0000000000000084 .LVL360
     /tmp/ccOjCBq0.s:3688   .text._ZN10ObjectPoolI10KSemaphoreLm10EE12mallocObjectEPPS1_:000000000000008c .LVL361
     /tmp/ccOjCBq0.s:3690   .text._ZN10ObjectPoolI10KSemaphoreLm10EE12mallocObjectEPPS1_:0000000000000090 .LVL362
GAS LISTING /tmp/ccOjCBq0.s 			page 143


     /tmp/ccOjCBq0.s:2461   .text._ZN10ObjectPoolI3TCBLm20EE10freeObjectEPS0_:0000000000000000 .LVL217
     /tmp/ccOjCBq0.s:2489   .text._ZN10ObjectPoolI3TCBLm20EE10freeObjectEPS0_:0000000000000028 .LVL222
     /tmp/ccOjCBq0.s:2474   .text._ZN10ObjectPoolI3TCBLm20EE10freeObjectEPS0_:0000000000000010 .LVL219
     /tmp/ccOjCBq0.s:2480   .text._ZN10ObjectPoolI3TCBLm20EE10freeObjectEPS0_:0000000000000018 .LVL220
     /tmp/ccOjCBq0.s:2486   .text._ZN10ObjectPoolI3TCBLm20EE10freeObjectEPS0_:0000000000000024 .LVL221
     /tmp/ccOjCBq0.s:2468   .text._ZN10ObjectPoolI3TCBLm20EE10freeObjectEPS0_:000000000000000c .LVL218
     /tmp/ccOjCBq0.s:59     .text:000000000000002c .LVL2
     /tmp/ccOjCBq0.s:69     .text:0000000000000040 .LVL3
     /tmp/ccOjCBq0.s:76     .text:0000000000000044 .LVL4
     /tmp/ccOjCBq0.s:34     .text:0000000000000010 .LVL0
     /tmp/ccOjCBq0.s:43     .text:0000000000000020 .LVL1
     /tmp/ccOjCBq0.s:2822   .text._ZN10ObjectPoolI3TCBLm20EE12mallocObjectEPPS1_:0000000000000000 .LVL259
     /tmp/ccOjCBq0.s:2875   .text._ZN10ObjectPoolI3TCBLm20EE12mallocObjectEPPS1_:0000000000000060 .LVL264
     /tmp/ccOjCBq0.s:2881   .text._ZN10ObjectPoolI3TCBLm20EE12mallocObjectEPPS1_:000000000000006c .LVL265
     /tmp/ccOjCBq0.s:2842   .text._ZN10ObjectPoolI3TCBLm20EE12mallocObjectEPPS1_:000000000000002c .LVL261
     /tmp/ccOjCBq0.s:2860   .text._ZN10ObjectPoolI3TCBLm20EE12mallocObjectEPPS1_:0000000000000050 .LVL263
     /tmp/ccOjCBq0.s:2943   .text._ZN10ObjectPoolI3TCBLm20EE12mallocObjectEPPS1_:00000000000000e4 .LVL272
     /tmp/ccOjCBq0.s:2945   .text._ZN10ObjectPoolI3TCBLm20EE12mallocObjectEPPS1_:00000000000000e8 .LVL273
     /tmp/ccOjCBq0.s:2850   .text._ZN10ObjectPoolI3TCBLm20EE12mallocObjectEPPS1_:000000000000003c .LVL262
     /tmp/ccOjCBq0.s:2932   .text._ZN10ObjectPoolI3TCBLm20EE12mallocObjectEPPS1_:00000000000000d4 .LVL271
     /tmp/ccOjCBq0.s:2957   .text._ZN10ObjectPoolI3TCBLm20EE12mallocObjectEPPS1_:00000000000000fc .LVL275
     /tmp/ccOjCBq0.s:2898   .text._ZN10ObjectPoolI3TCBLm20EE12mallocObjectEPPS1_:000000000000008c .LVL267
     /tmp/ccOjCBq0.s:2903   .text._ZN10ObjectPoolI3TCBLm20EE12mallocObjectEPPS1_:0000000000000090 .LVL268
     /tmp/ccOjCBq0.s:2922   .text._ZN10ObjectPoolI3TCBLm20EE12mallocObjectEPPS1_:00000000000000c0 .LVL269
     /tmp/ccOjCBq0.s:2925   .text._ZN10ObjectPoolI3TCBLm20EE12mallocObjectEPPS1_:00000000000000c8 .LVL270
     /tmp/ccOjCBq0.s:368    .text:0000000000000158 .LVL39
     /tmp/ccOjCBq0.s:325    .text:000000000000011c .LVL33
     /tmp/ccOjCBq0.s:339    .text:0000000000000134 .LVL35
     /tmp/ccOjCBq0.s:336    .text:0000000000000130 .LVL34
     /tmp/ccOjCBq0.s:344    .text:000000000000013c .LVL36
     /tmp/ccOjCBq0.s:347    .text:0000000000000140 .LVL37
     /tmp/ccOjCBq0.s:2302   .text._ZN10ObjectPoolI10KSemaphoreLm10EEdlEPv:0000000000000000 .LVL202
     /tmp/ccOjCBq0.s:2102   .text._ZN10ObjectPoolI10KSemaphoreLm10EEnwEm:0000000000000000 .LVL179
     /tmp/ccOjCBq0.s:2116   .text._ZN10ObjectPoolI10KSemaphoreLm10EEnwEm:0000000000000018 .LVL181
     /tmp/ccOjCBq0.s:2113   .text._ZN10ObjectPoolI10KSemaphoreLm10EEnwEm:0000000000000014 .LVL180
     /tmp/ccOjCBq0.s:2121   .text._ZN10ObjectPoolI10KSemaphoreLm10EEnwEm:0000000000000020 .LVL182
     /tmp/ccOjCBq0.s:2124   .text._ZN10ObjectPoolI10KSemaphoreLm10EEnwEm:0000000000000024 .LVL183
     /tmp/ccOjCBq0.s:2070   .text._ZN10ObjectPoolI3TCBLm20EEdlEPv:0000000000000000 .LVL177
     /tmp/ccOjCBq0.s:2025   .text._ZN10ObjectPoolI3TCBLm20EEnwEm:0000000000000000 .LVL171
     /tmp/ccOjCBq0.s:2039   .text._ZN10ObjectPoolI3TCBLm20EEnwEm:0000000000000018 .LVL173
     /tmp/ccOjCBq0.s:2036   .text._ZN10ObjectPoolI3TCBLm20EEnwEm:0000000000000014 .LVL172
     /tmp/ccOjCBq0.s:2044   .text._ZN10ObjectPoolI3TCBLm20EEnwEm:0000000000000020 .LVL174
     /tmp/ccOjCBq0.s:2047   .text._ZN10ObjectPoolI3TCBLm20EEnwEm:0000000000000024 .LVL175
     /tmp/ccOjCBq0.s:1311   .text._ZNK6BufferIcLm100EE12isBufferFullEv:0000000000000000 .LVL109
     /tmp/ccOjCBq0.s:1320   .text._ZNK6BufferIcLm100EE12isBufferFullEv:0000000000000010 .LVL110
     /tmp/ccOjCBq0.s:1155   .text._ZNK6BufferIcLm100EE13isBufferEmptyEv:0000000000000000 .LVL96
     /tmp/ccOjCBq0.s:1164   .text._ZNK6BufferIcLm100EE13isBufferEmptyEv:0000000000000010 .LVL97
     /tmp/ccOjCBq0.s:1888   .text:000000000000082c .LVL158
     /tmp/ccOjCBq0.s:1912   .text:0000000000000858 .LVL159
     /tmp/ccOjCBq0.s:1937   .text:0000000000000880 .LVL162
     /tmp/ccOjCBq0.s:1945   .text:0000000000000890 .LVL163
     /tmp/ccOjCBq0.s:1969   .text:00000000000008a8 .LVL166
     /tmp/ccOjCBq0.s:1978   .text:00000000000008ac .LVL167
     /tmp/ccOjCBq0.s:1184   .text:0000000000000578 .LVL98
     /tmp/ccOjCBq0.s:1206   .text:000000000000059c .LVL99
     /tmp/ccOjCBq0.s:1256   .text:00000000000005e0 .LVL104
     /tmp/ccOjCBq0.s:1265   .text:00000000000005e4 .LVL105
GAS LISTING /tmp/ccOjCBq0.s 			page 144


     /tmp/ccOjCBq0.s:669    .text:00000000000002b8 .LVL61
     /tmp/ccOjCBq0.s:717    .text:00000000000002f4 .LVL66
     /tmp/ccOjCBq0.s:689    .text:00000000000002dc .LVL62
     /tmp/ccOjCBq0.s:759    .text:0000000000000328 .LVL71
     /tmp/ccOjCBq0.s:698    .text:00000000000002e0 .LVL63
     /tmp/ccOjCBq0.s:704    .text:00000000000002e4 .LVL64
     /tmp/ccOjCBq0.s:710    .text:00000000000002e8 .LVL65
     /tmp/ccOjCBq0.s:729    .text:0000000000000308 .LVL69
     /tmp/ccOjCBq0.s:811    .text:0000000000000360 .LVL76
     /tmp/ccOjCBq0.s:825    .text:0000000000000374 .LVL78
     /tmp/ccOjCBq0.s:821    .text:0000000000000370 .LVL77
     /tmp/ccOjCBq0.s:775    .text:0000000000000334 .LVL72
     /tmp/ccOjCBq0.s:789    .text:0000000000000348 .LVL74
     /tmp/ccOjCBq0.s:785    .text:0000000000000344 .LVL73
     /tmp/ccOjCBq0.s:2701   .text:0000000000000b74 .LVL244
     /tmp/ccOjCBq0.s:2722   .text:0000000000000b94 .LVL246
     /tmp/ccOjCBq0.s:2726   .text:0000000000000ba0 .LVL248
     /tmp/ccOjCBq0.s:2731   .text:0000000000000bac .LVL249
     /tmp/ccOjCBq0.s:2751   .text:0000000000000bcc .LVL252
     /tmp/ccOjCBq0.s:2755   .text:0000000000000bd4 .LVL253
     /tmp/ccOjCBq0.s:2718   .text:0000000000000b90 .LVL245
     /tmp/ccOjCBq0.s:2748   .text:0000000000000bc8 .LVL251
     /tmp/ccOjCBq0.s:3734   .text:0000000000000ff0 .LVL366
     /tmp/ccOjCBq0.s:3751   .text:0000000000001014 .LVL367
     /tmp/ccOjCBq0.s:3783   .text:0000000000001048 .LVL370
     /tmp/ccOjCBq0.s:3787   .text:0000000000001050 .LVL371
     /tmp/ccOjCBq0.s:3792   .text:0000000000001054 .LVL372
     /tmp/ccOjCBq0.s:2507   .text:0000000000000ab8 .LVL223
     /tmp/ccOjCBq0.s:2538   .text:0000000000000ae0 .LVL226
     /tmp/ccOjCBq0.s:2570   .text:0000000000000b18 .LVL229
     /tmp/ccOjCBq0.s:2598   .text:0000000000000b30 .LVL232
     /tmp/ccOjCBq0.s:2525   .text:0000000000000ad8 .LVL224
     /tmp/ccOjCBq0.s:2562   .text:0000000000000b08 .LVL228
     /tmp/ccOjCBq0.s:2582   .text:0000000000000b24 .LVL230
     /tmp/ccOjCBq0.s:2636   .text:0000000000000b58 .LVL237
     /tmp/ccOjCBq0.s:2591   .text:0000000000000b28 .LVL231
     /tmp/ccOjCBq0.s:2610   .text:0000000000000b44 .LVL235
     /tmp/ccOjCBq0.s:2533   .text:0000000000000adc .LVL225
     /tmp/ccOjCBq0.s:433    .text:00000000000001ac .LVL44
     /tmp/ccOjCBq0.s:445    .text:00000000000001c0 .LVL45
     /tmp/ccOjCBq0.s:567    .text:0000000000000258 .LVL53
     /tmp/ccOjCBq0.s:603    .text:0000000000000280 .LVL56
     /tmp/ccOjCBq0.s:643    .text:00000000000002ac .LVL59
     /tmp/ccOjCBq0.s:583    .text:0000000000000274 .LVL54
     /tmp/ccOjCBq0.s:592    .text:000000000000027c .LVL55
     /tmp/ccOjCBq0.s:469    .text:00000000000001dc .LVL47
     /tmp/ccOjCBq0.s:3471   .text:0000000000000f58 .LVL334
     /tmp/ccOjCBq0.s:3490   .text:0000000000000f80 .LVL335
     /tmp/ccOjCBq0.s:3538   .text:0000000000000fdc .LVL343
     /tmp/ccOjCBq0.s:3544   .text:0000000000000fe8 .LVL344
     /tmp/ccOjCBq0.s:3508   .text:0000000000000f9c .LVL337
     /tmp/ccOjCBq0.s:3527   .text:0000000000000fd0 .LVL342
     /tmp/ccOjCBq0.s:3549   .text:0000000000000fec .LVL345
     /tmp/ccOjCBq0.s:3512   .text:0000000000000fa8 .LVL339
     /tmp/ccOjCBq0.s:3522   .text:0000000000000fc4 .LVL340
     /tmp/ccOjCBq0.s:535    .text:0000000000000230 .LVL51
     /tmp/ccOjCBq0.s:503    .text:0000000000000208 .LVL49
GAS LISTING /tmp/ccOjCBq0.s 			page 145


     /tmp/ccOjCBq0.s:399    .text:0000000000000180 .LVL41
     /tmp/ccOjCBq0.s:411    .text:0000000000000194 .LVL42
     /tmp/ccOjCBq0.s:292    .text:00000000000000f0 .LVL30
     /tmp/ccOjCBq0.s:304    .text:0000000000000104 .LVL31
     /tmp/ccOjCBq0.s:1378   .text:0000000000000634 .LVL111
     /tmp/ccOjCBq0.s:1394   .text:0000000000000658 .LVL112
     /tmp/ccOjCBq0.s:1410   .text:0000000000000664 .LVL114
     /tmp/ccOjCBq0.s:1543   .text:00000000000006e4 .LVL126
     /tmp/ccOjCBq0.s:1564   .text:00000000000006f8 .LVL128
     /tmp/ccOjCBq0.s:1682   .text:0000000000000768 .LVL142
     /tmp/ccOjCBq0.s:1694   .text:000000000000076c .LVL143
     /tmp/ccOjCBq0.s:1436   .text:0000000000000670 .LVL117
     /tmp/ccOjCBq0.s:1517   .text:00000000000006c4 .LVL125
     /tmp/ccOjCBq0.s:1447   .text:0000000000000674 .LVL118
     /tmp/ccOjCBq0.s:1461   .text:000000000000067c .LVL119
     /tmp/ccOjCBq0.s:1474   .text:0000000000000694 .LVL121
     /tmp/ccOjCBq0.s:1404   .text:0000000000000660 .LVL113
     /tmp/ccOjCBq0.s:1415   .text:0000000000000668 .LVL115
     /tmp/ccOjCBq0.s:1504   .text:00000000000006c0 .LVL124
     /tmp/ccOjCBq0.s:1778   .text:00000000000007bc .LVL149
     /tmp/ccOjCBq0.s:1823   .text:00000000000007d4 .LVL153
     /tmp/ccOjCBq0.s:1789   .text:00000000000007c0 .LVL150
     /tmp/ccOjCBq0.s:1807   .text:00000000000007cc .LVL152
     /tmp/ccOjCBq0.s:1590   .text:0000000000000704 .LVL131
     /tmp/ccOjCBq0.s:1601   .text:0000000000000708 .LVL132
     /tmp/ccOjCBq0.s:1611   .text:0000000000000714 .LVL134
     /tmp/ccOjCBq0.s:1624   .text:0000000000000728 .LVL135
     /tmp/ccOjCBq0.s:1627   .text:000000000000072c .LVL136
     /tmp/ccOjCBq0.s:1558   .text:00000000000006f4 .LVL127
     /tmp/ccOjCBq0.s:1569   .text:00000000000006fc .LVL129
     /tmp/ccOjCBq0.s:1661   .text:0000000000000760 .LVL140
     /tmp/ccOjCBq0.s:1674   .text:0000000000000764 .LVL141
     /tmp/ccOjCBq0.s:1699   .text:0000000000000770 .LVL144
     /tmp/ccOjCBq0.s:1727   .text:0000000000000790 .LVL145
     /tmp/ccOjCBq0.s:1735   .text:0000000000000794 .LVL146
     /tmp/ccOjCBq0.s:1033   .text:0000000000000478 .LVL94
     /tmp/ccOjCBq0.s:1000   .text:000000000000044c .LVL90
     /tmp/ccOjCBq0.s:1016   .text:0000000000000464 .LVL92
     /tmp/ccOjCBq0.s:928    .text:00000000000003dc .LVL82
     /tmp/ccOjCBq0.s:944    .text:00000000000003f4 .LVL84
     /tmp/ccOjCBq0.s:940    .text:00000000000003f0 .LVL83
     /tmp/ccOjCBq0.s:949    .text:00000000000003fc .LVL85
     /tmp/ccOjCBq0.s:953    .text:0000000000000400 .LVL86
     /tmp/ccOjCBq0.s:959    .text:000000000000040c .LVL88
     /tmp/ccOjCBq0.s:847    .text:000000000000038c .LVL80
     /tmp/ccOjCBq0.s:908    .text:00000000000003cc .LVL81
     /tmp/ccOjCBq0.s:2353   .text:0000000000000a14 .LVL204
     /tmp/ccOjCBq0.s:2363   .text:0000000000000a2c .LVL205
     /tmp/ccOjCBq0.s:2381   .text:0000000000000a40 .LVL208
     /tmp/ccOjCBq0.s:2366   .text:0000000000000a30 .LVL206
     /tmp/ccOjCBq0.s:2394   .text:0000000000000a58 .LVL210
     /tmp/ccOjCBq0.s:2401   .text:0000000000000a64 .LVL211
     /tmp/ccOjCBq0.s:2415   .text:0000000000000a7c .LVL214
     /tmp/ccOjCBq0.s:2405   .text:0000000000000a6c .LVL212
     /tmp/ccOjCBq0.s:3317   .text:0000000000000e5c .LVL318
     /tmp/ccOjCBq0.s:3328   .text:0000000000000e68 .LVL319
     /tmp/ccOjCBq0.s:3379   .text:0000000000000ed8 .LVL324
GAS LISTING /tmp/ccOjCBq0.s 			page 146


     /tmp/ccOjCBq0.s:3352   .text:0000000000000e9c .LVL321
     /tmp/ccOjCBq0.s:3357   .text:0000000000000ea0 .LVL322
     /tmp/ccOjCBq0.s:3376   .text:0000000000000ed0 .LVL323
     /tmp/ccOjCBq0.s:3390   .text:0000000000000edc .LVL325
     /tmp/ccOjCBq0.s:3436   .text:0000000000000f34 .LVL331
     /tmp/ccOjCBq0.s:3412   .text:0000000000000f08 .LVL327
     /tmp/ccOjCBq0.s:3417   .text:0000000000000f0c .LVL328
     /tmp/ccOjCBq0.s:3429   .text:0000000000000f24 .LVL329
     /tmp/ccOjCBq0.s:3433   .text:0000000000000f2c .LVL330
     /tmp/ccOjCBq0.s:3172   .text:0000000000000d78 .LVL301
     /tmp/ccOjCBq0.s:3178   .text:0000000000000d84 .LVL302
     /tmp/ccOjCBq0.s:3232   .text:0000000000000df8 .LVL311
     /tmp/ccOjCBq0.s:3183   .text:0000000000000d90 .LVL304
     /tmp/ccOjCBq0.s:3194   .text:0000000000000dac .LVL306
     /tmp/ccOjCBq0.s:3196   .text:0000000000000db0 .LVL307
     /tmp/ccOjCBq0.s:3229   .text:0000000000000df4 .LVL310
     /tmp/ccOjCBq0.s:3218   .text:0000000000000de8 .LVL309
     /tmp/ccOjCBq0.s:3081   .text:0000000000000cc8 .LVL289
     /tmp/ccOjCBq0.s:3087   .text:0000000000000cd4 .LVL290
     /tmp/ccOjCBq0.s:3140   .text:0000000000000d48 .LVL299
     /tmp/ccOjCBq0.s:3092   .text:0000000000000ce0 .LVL292
     /tmp/ccOjCBq0.s:3103   .text:0000000000000cfc .LVL294
     /tmp/ccOjCBq0.s:3105   .text:0000000000000d00 .LVL295
     /tmp/ccOjCBq0.s:3137   .text:0000000000000d44 .LVL298
     /tmp/ccOjCBq0.s:3126   .text:0000000000000d38 .LVL297
     /tmp/ccOjCBq0.s:2990   .text:0000000000000c18 .LVL277
     /tmp/ccOjCBq0.s:2996   .text:0000000000000c24 .LVL278
     /tmp/ccOjCBq0.s:3049   .text:0000000000000c98 .LVL287
     /tmp/ccOjCBq0.s:3001   .text:0000000000000c30 .LVL280
     /tmp/ccOjCBq0.s:3012   .text:0000000000000c4c .LVL282
     /tmp/ccOjCBq0.s:3014   .text:0000000000000c50 .LVL283
     /tmp/ccOjCBq0.s:3046   .text:0000000000000c94 .LVL286
     /tmp/ccOjCBq0.s:3035   .text:0000000000000c88 .LVL285
     /tmp/ccOjCBq0.s:3859   .debug_info:0000000000000000 .Ldebug_info0
     /tmp/ccOjCBq0.s:5      .text:0000000000000000 .Ltext0
     /tmp/ccOjCBq0.s:3854   .text:000000000000108c .Letext0
     /tmp/ccOjCBq0.s:638    .text:00000000000002ac .LBB295
     /tmp/ccOjCBq0.s:640    .text:00000000000002ac .LBE295
     /tmp/ccOjCBq0.s:646    .text:00000000000002ac .LBB296
     /tmp/ccOjCBq0.s:648    .text:00000000000002ac .LBE296
     /tmp/ccOjCBq0.s:652    .text:00000000000002ac .LBB297
     /tmp/ccOjCBq0.s:656    .text:00000000000002b4 .LBE297
     /tmp/ccOjCBq0.s:1556   .text:00000000000006f4 .LBB353
     /tmp/ccOjCBq0.s:1678   .text:0000000000000764 .LBE353
     /tmp/ccOjCBq0.s:1830   .text:00000000000007d4 .LBB395
     /tmp/ccOjCBq0.s:1876   .text:000000000000082c .LBE395
     /tmp/ccOjCBq0.s:2574   .text:0000000000000b18 .LBB443
     /tmp/ccOjCBq0.s:2619   .text:0000000000000b44 .LBE443
     /tmp/ccOjCBq0.s:2623   .text:0000000000000b44 .LBB454
     /tmp/ccOjCBq0.s:2634   .text:0000000000000b54 .LBE454
     /tmp/ccOjCBq0.s:3331   .text:0000000000000e68 .LBE477
     /tmp/ccOjCBq0.s:3345   .text:0000000000000e8c .LBB483
     /tmp/ccOjCBq0.s:3384   .text:0000000000000ed8 .LBE483
     /tmp/ccOjCBq0.s:3393   .text:0000000000000edc .LBE484
     /tmp/ccOjCBq0.s:3406   .text:0000000000000efc .LBB490
     /tmp/ccOjCBq0.s:3441   .text:0000000000000f34 .LBE490

GAS LISTING /tmp/ccOjCBq0.s 			page 147


UNDEFINED SYMBOLS
_ZN15MemoryAllocator14allocateMemoryEm
_ZN15MemoryAllocator10freeMemoryEPv
_ZN9Scheduler3putEP3TCB
_ZN3TCB8dispatchEv
_ZN15MemoryAllocator12getFreeSpaceEv
_ZN15MemoryAllocator19getLargestFreeBlockEv
_ZN3TCB7runningE
_ZN3TCB15freeWaitThreadsEv
_ZN10KSemaphore28removeThreadFromBlockedQueueEP3TCB
_ZN9Scheduler3getEv
context_switch
_ZN10KSemaphore4waitEv
_ZN10KSemaphore6signalEv
_ZN8KConsole11inputBufferE
_ZN8KConsole22getCharFromInputBufferEv
_ZN8KConsole25addThreadToInputWaitQueueEP3TCB
plic_claim
CONSOLE_STATUS
_ZN8KConsole12outputBufferE
plic_complete
_ZN3TCB10numOfTicksE
_ZN8KConsole14consumerThreadE
_ZN8KConsole14producerThreadE
_ZN8KConsole21addCharToOutputBufferEc
_ZN8KConsole26addThreadToOutputWaitQueueEP3TCB
_ZN3TCBD1Ev
_ZN10KSemaphoreD1Ev
_ZN3TCB20addThreadToWaitQueueEPS_
_ZdlPv
_ZN10KSemaphore5closeEv
_ZN8KConsole19consumeOutputBufferEPv
_ZN3TCB16initializeThreadEPFvPvES0_S0_S0_P10ObjectPoolIS_Lm20EEN12KernelConfig11ThreadStateENS6_4ModeE
_ZN8KConsole18produceInputBufferEPv
_ZN9Scheduler10idleThreadE
interrupt_trap
_ZN10KSemaphore19initializeSemaphoreEjP10ObjectPoolIS_Lm10EE
